{
"type": "FeatureCollection",
"name": "1507_desa_2025-1",
"crs": { "type": "name", "properties": { "name": "urn:ogc:def:crs:OGC:1.3:CRS84" } },
"features": [
{ "type": "Feature", "properties": { "fid": 20046.0, "gid": null, "kdprov": "15", "kdkab": "07", "kdkec": "031", "kddesa": "010", "iddesa": "1507031010", "nmprov": "JAMBI", "nmkab": "TANJUNG JABUNG BARAT", "nmkec": "BRAM ITAM", "nmdesa": "SEMAU", "luas": null, "sumber": null, "periode": null, "layer": null, "path": null, "idkec": "1507031" }, "geometry": { "type": "MultiPolygon", "coordinates": [ [ [ [ 103.412647140000047, -0.895197988999939, 0.0 ], [ 103.412105099000087, -0.895692896999947, 0.0 ], [ 103.411745309000082, -0.896021400999928, 0.0 ], [ 103.411713345000067, -0.896465347999936, 0.0 ], [ 103.41170162800006, -0.89662808099996, 0.0 ], [ 103.41169612200008, -0.896704550999971, 0.0 ], [ 103.413476802000048, -0.899298187999932, 0.0 ], [ 103.413038604000064, -0.899314297999979, 0.0 ], [ 103.405161082000063, -0.899603912999964, 0.0 ], [ 103.405161082000063, -0.899558494999951, 0.0 ], [ 103.404930723000064, -0.899589209999931, 0.0 ], [ 103.404950328000041, -0.895315312999969, 0.0 ], [ 103.407162380000045, -0.895413191999978, 0.0 ], [ 103.406964745000039, -0.89482028599997, 0.0 ], [ 103.405474763000086, -0.894663445999925, 0.0 ], [ 103.405477336000047, -0.894564387999935, 0.0 ], [ 103.405486456000062, -0.894213247999971, 0.0 ], [ 103.405504835000045, -0.893505644999948, 0.0 ], [ 103.405457991000048, -0.893501811999954, 0.0 ], [ 103.404753448000065, -0.893444167999974, 0.0 ], [ 103.404854141000044, -0.891437499999938, 0.0 ], [ 103.404866326000047, -0.891388758999938, 0.0 ], [ 103.404621848000033, -0.88796605999994, 0.0 ], [ 103.405605670000057, -0.888750148999975, 0.0 ], [ 103.405574614000045, -0.887702350999973, 0.0 ], [ 103.40549191000008, -0.884912008999947, 0.0 ], [ 103.405490960000066, -0.884879964999925, 0.0 ], [ 103.405487512000036, -0.88476361499994, 0.0 ], [ 103.406649936000065, -0.87892777299993, 0.0 ], [ 103.408545810000078, -0.876955223999971, 0.0 ], [ 103.408552096000051, -0.876948683999956, 0.0 ], [ 103.408865639000055, -0.876622459999965, 0.0 ], [ 103.41224051100005, -0.875448591999941, 0.0 ], [ 103.412244674000078, -0.875487661999955, 0.0 ], [ 103.413538946000074, -0.874883667999939, 0.0 ], [ 103.413552500000037, -0.875120018999951, 0.0 ], [ 103.413562700000057, -0.875298018999956, 0.0 ], [ 103.413677107000069, -0.876117104999935, 0.0 ], [ 103.414526670000043, -0.882199498999967, 0.0 ], [ 103.415027448000046, -0.881937373999961, 0.0 ], [ 103.419016070000055, -0.879849588999946, 0.0 ], [ 103.420147360000044, -0.879257438999957, 0.0 ], [ 103.420767707000039, -0.87893272599996, 0.0 ], [ 103.420856572000048, -0.878886210999951, 0.0 ], [ 103.421130434000077, -0.878742861999967, 0.0 ], [ 103.421144080000033, -0.878735718999963, 0.0 ], [ 103.421163731000036, -0.878759340999977, 0.0 ], [ 103.421829499000069, -0.87955967399995, 0.0 ], [ 103.42470028300005, -0.880561109999974, 0.0 ], [ 103.424448002000076, -0.885039103999929, 0.0 ], [ 103.424437814000044, -0.88521994499996, 0.0 ], [ 103.42457550000006, -0.885489330999974, 0.0 ], [ 103.426248435000048, -0.888762463999967, 0.0 ], [ 103.426246680000077, -0.888934718999963, 0.0 ], [ 103.426136696000071, -0.888961292999966, 0.0 ], [ 103.424515880000058, -0.889352918999975, 0.0 ], [ 103.422859430000074, -0.889664688999972, 0.0 ], [ 103.421531620000053, -0.890011838999953, 0.0 ], [ 103.420819540000082, -0.890924828999971, 0.0 ], [ 103.419613186000049, -0.89383823299994, 0.0 ], [ 103.419607180000071, -0.893852738999954, 0.0 ], [ 103.418616360000044, -0.894510048999962, 0.0 ], [ 103.417400219000058, -0.894454733999964, 0.0 ], [ 103.416198810000083, -0.89440008899993, 0.0 ], [ 103.416198340000051, -0.894400068999971, 0.0 ], [ 103.416198060000056, -0.894398168999942, 0.0 ], [ 103.416193339000074, -0.894365669999956, 0.0 ], [ 103.415078164000079, -0.894443195999941, 0.0 ], [ 103.413578379000057, -0.894874505999951, 0.0 ], [ 103.412670806000051, -0.895189768999956, 0.0 ], [ 103.412647140000047, -0.895197988999939, 0.0 ] ] ] ] } },
{ "type": "Feature", "properties": { "fid": 21356.0, "gid": null, "kdprov": "15", "kdkab": "07", "kdkec": "030", "kddesa": "009", "iddesa": "1507030009", "nmprov": "JAMBI", "nmkab": "TANJUNG JABUNG BARAT", "nmkec": "TUNGKAL ILIR", "nmdesa": "TUNGKAL III", "luas": null, "sumber": null, "periode": null, "layer": null, "path": null, "idkec": "1507030" }, "geometry": { "type": "MultiPolygon", "coordinates": [ [ [ [ 103.46396709000004, -0.820159968999974, 0.0 ], [ 103.463902380000036, -0.819909198999937, 0.0 ], [ 103.463901480000061, -0.819906738999975, 0.0 ], [ 103.463901190000058, -0.819905928999958, 0.0 ], [ 103.463897560000078, -0.819895968999958, 0.0 ], [ 103.463873683000088, -0.819830405999937, 0.0 ], [ 103.463762780000081, -0.819525878999968, 0.0 ], [ 103.463635350000061, -0.819126248999964, 0.0 ], [ 103.463631710000072, -0.819105438999941, 0.0 ], [ 103.46359201000007, -0.818878278999932, 0.0 ], [ 103.463548160000073, -0.81862732899998, 0.0 ], [ 103.463464775000034, -0.818286425999929, 0.0 ], [ 103.463404890000049, -0.818041598999969, 0.0 ], [ 103.46340325500006, -0.817807252999955, 0.0 ], [ 103.463402970000061, -0.817766388999928, 0.0 ], [ 103.463366590000078, -0.81755230899995, 0.0 ], [ 103.463217440000051, -0.817198298999926, 0.0 ], [ 103.463212820000081, -0.817187338999929, 0.0 ], [ 103.463155370000038, -0.817062958999941, 0.0 ], [ 103.463022447000071, -0.816775191999966, 0.0 ], [ 103.463008440000067, -0.816744868999933, 0.0 ], [ 103.463003040000046, -0.816725838999957, 0.0 ], [ 103.462994790000039, -0.816696718999935, 0.0 ], [ 103.462959900000044, -0.816573608999931, 0.0 ], [ 103.462881010000046, -0.816320788999974, 0.0 ], [ 103.462749520000045, -0.815948048999928, 0.0 ], [ 103.462654430000043, -0.815678528999968, 0.0 ], [ 103.462541130000034, -0.815393068999924, 0.0 ], [ 103.462394900000049, -0.815177408999944, 0.0 ], [ 103.462344790000088, -0.815103508999925, 0.0 ], [ 103.462296240000057, -0.81495874899997, 0.0 ], [ 103.462219360000063, -0.814767078999978, 0.0 ], [ 103.462204740000061, -0.814742688999956, 0.0 ], [ 103.462095900000065, -0.814561128999969, 0.0 ], [ 103.462064544000043, -0.814489007999953, 0.0 ], [ 103.462002820000066, -0.814347038999927, 0.0 ], [ 103.461961030000055, -0.814211898999929, 0.0 ], [ 103.461954280000043, -0.814190048999933, 0.0 ], [ 103.461934080000049, -0.814033058999939, 0.0 ], [ 103.46191938000004, -0.813989098999969, 0.0 ], [ 103.461873400000059, -0.813851598999975, 0.0 ], [ 103.46182503600005, -0.813590732999955, 0.0 ], [ 103.461805508000054, -0.813519634999977, 0.0 ], [ 103.461805868000056, -0.813519448999955, 0.0 ], [ 103.461804264000079, -0.813513482999952, 0.0 ], [ 103.461717380000039, -0.813219158999971, 0.0 ], [ 103.461654660000079, -0.813083037999945, 0.0 ], [ 103.461636760000033, -0.813044188999925, 0.0 ], [ 103.461571690000085, -0.81277549899994, 0.0 ], [ 103.461455064000063, -0.812582723999981, 0.0 ], [ 103.461373200000082, -0.812447408999958, 0.0 ], [ 103.461183120000044, -0.812039598999945, 0.0 ], [ 103.461038330000065, -0.811681908999958, 0.0 ], [ 103.460823780000055, -0.811097648999976, 0.0 ], [ 103.460153790000049, -0.809273118999954, 0.0 ], [ 103.460155220000047, -0.80927246899995, 0.0 ], [ 103.460155330000077, -0.809272418999967, 0.0 ], [ 103.460155420000035, -0.809272378999935, 0.0 ], [ 103.460157540000068, -0.80927147899996, 0.0 ], [ 103.460157700000082, -0.80927141899997, 0.0 ], [ 103.460768310000049, -0.809013998999944, 0.0 ], [ 103.461306080000043, -0.808787278999944, 0.0 ], [ 103.461311, -0.808785198999942, 0.0 ], [ 103.46187032000006, -0.808547848999979, 0.0 ], [ 103.462755730000083, -0.808172118999948, 0.0 ], [ 103.46320103000005, -0.808977698999968, 0.0 ], [ 103.463693880000051, -0.809869318999972, 0.0 ], [ 103.463984350000032, -0.81056775899998, 0.0 ], [ 103.464207950000059, -0.811157298999944, 0.0 ], [ 103.464357220000068, -0.811978298999975, 0.0 ], [ 103.464625660000081, -0.813219138999955, 0.0 ], [ 103.464700790000052, -0.813566438999942, 0.0 ], [ 103.464736480000056, -0.813746346999949, 0.0 ], [ 103.464811030000078, -0.814122138999949, 0.0 ], [ 103.46483937000005, -0.814265008999939, 0.0 ], [ 103.464899570000057, -0.814507778999939, 0.0 ], [ 103.464908440000045, -0.814543558999958, 0.0 ], [ 103.464884220000044, -0.814567918999956, 0.0 ], [ 103.46497056000004, -0.814898708999976, 0.0 ], [ 103.465067160000046, -0.815528908999966, 0.0 ], [ 103.465069700000072, -0.815542848999939, 0.0 ], [ 103.465096870000082, -0.815691949999973, 0.0 ], [ 103.465683355000067, -0.815607735999947, 0.0 ], [ 103.465969470000061, -0.816797374999965, 0.0 ], [ 103.466022943000041, -0.816786883999953, 0.0 ], [ 103.466077300000052, -0.816776218999962, 0.0 ], [ 103.466094030000079, -0.816844578999962, 0.0 ], [ 103.466158170000085, -0.817255858999943, 0.0 ], [ 103.466370230000052, -0.817736718999925, 0.0 ], [ 103.466325780000034, -0.817754228999945, 0.0 ], [ 103.466255, -0.817782118999958, 0.0 ], [ 103.466074380000066, -0.817829838999955, 0.0 ], [ 103.466148547000046, -0.818057010999951, 0.0 ], [ 103.466170900000066, -0.818125478999946, 0.0 ], [ 103.466189693000047, -0.818186254999944, 0.0 ], [ 103.465528332000076, -0.818389387999957, 0.0 ], [ 103.465595310000083, -0.818630798999948, 0.0 ], [ 103.465634107000085, -0.818786949999947, 0.0 ], [ 103.465624904000038, -0.818789220999975, 0.0 ], [ 103.46632616900007, -0.818716528999971, 0.0 ], [ 103.466334860000075, -0.818759218999958, 0.0 ], [ 103.466472120000049, -0.818884368999932, 0.0 ], [ 103.46655547000006, -0.81925795899997, 0.0 ], [ 103.466681722000033, -0.819599804999939, 0.0 ], [ 103.466747780000048, -0.819778668999959, 0.0 ], [ 103.466758963000075, -0.819882471999961, 0.0 ], [ 103.466715022000074, -0.819997394999973, 0.0 ], [ 103.466740953000055, -0.820206059999975, 0.0 ], [ 103.46683, -0.820356698999944, 0.0 ], [ 103.466844731000037, -0.820470791999981, 0.0 ], [ 103.466597604000071, -0.820492758999933, 0.0 ], [ 103.466632645000061, -0.820811312999979, 0.0 ], [ 103.466505224000059, -0.820817683999962, 0.0 ], [ 103.466537079000034, -0.821231803999979, 0.0 ], [ 103.466973498000073, -0.821273215999952, 0.0 ], [ 103.466856986000039, -0.821859833999952, 0.0 ], [ 103.467051342000047, -0.821946026999967, 0.0 ], [ 103.467117070000086, -0.822016848999965, 0.0 ], [ 103.467292650000047, -0.822707578999939, 0.0 ], [ 103.467681470000059, -0.823803688999931, 0.0 ], [ 103.468093840000051, -0.82431534899996, 0.0 ], [ 103.468286250000062, -0.824664838999979, 0.0 ], [ 103.468498670000088, -0.825038458999927, 0.0 ], [ 103.468548050000038, -0.825150018999977, 0.0 ], [ 103.468731475000084, -0.825536649999947, 0.0 ], [ 103.469024532000049, -0.825458500999957, 0.0 ], [ 103.469797157000073, -0.826563355999951, 0.0 ], [ 103.470184701000051, -0.826451707999979, 0.0 ], [ 103.470303004000073, -0.826894501999959, 0.0 ], [ 103.46974218400004, -0.827077442999951, 0.0 ], [ 103.469782760000044, -0.827265378999925, 0.0 ], [ 103.470037280000042, -0.827605938999966, 0.0 ], [ 103.470380790000036, -0.828137278999975, 0.0 ], [ 103.470558040000071, -0.828395698999941, 0.0 ], [ 103.470599227000037, -0.828475853999976, 0.0 ], [ 103.470642110000085, -0.828559308999957, 0.0 ], [ 103.471255539000083, -0.829753165999932, 0.0 ], [ 103.471318350000047, -0.829875408999953, 0.0 ], [ 103.471359576000054, -0.82996636799993, 0.0 ], [ 103.471419772000047, -0.830099179999934, 0.0 ], [ 103.471494280000059, -0.830263568999953, 0.0 ], [ 103.47195915900005, -0.831289265999942, 0.0 ], [ 103.472034484000062, -0.831455460999962, 0.0 ], [ 103.470507258000055, -0.831521046999967, 0.0 ], [ 103.46940346100007, -0.831584379999924, 0.0 ], [ 103.469392279000033, -0.83129344699995, 0.0 ], [ 103.468328646000032, -0.831379223999932, 0.0 ], [ 103.468312536000042, -0.831320980999976, 0.0 ], [ 103.468333641000072, -0.831211932999963, 0.0 ], [ 103.46830198300006, -0.830983285999935, 0.0 ], [ 103.468287912000051, -0.830835543999967, 0.0 ], [ 103.468249218000039, -0.830680767999979, 0.0 ], [ 103.468189418000065, -0.830529508999973, 0.0 ], [ 103.468185155000072, -0.830511037999941, 0.0 ], [ 103.468178865000084, -0.830483778999962, 0.0 ], [ 103.468170688000043, -0.830478813999946, 0.0 ], [ 103.468150098000081, -0.830432954999935, 0.0 ], [ 103.468138154000087, -0.830313516999979, 0.0 ], [ 103.468161276000046, -0.830244578999952, 0.0 ], [ 103.468152212000064, -0.829937491999942, 0.0 ], [ 103.468126450000057, -0.829866391999929, 0.0 ], [ 103.468083566000075, -0.829814929999941, 0.0 ], [ 103.467989220000049, -0.829720584999961, 0.0 ], [ 103.467999512000063, -0.829586784999947, 0.0 ], [ 103.468045828000072, -0.82942210899995, 0.0 ], [ 103.468093858000088, -0.829241993999972, 0.0 ], [ 103.46799604000006, -0.828891108999926, 0.0 ], [ 103.467831290000049, -0.828550188999941, 0.0 ], [ 103.46748615000007, -0.828586368999936, 0.0 ], [ 103.46696847000004, -0.82865008899995, 0.0 ], [ 103.466477930000053, -0.828743198999973, 0.0 ], [ 103.466406550000045, -0.828481458999931, 0.0 ], [ 103.466025830000035, -0.828540948999944, 0.0 ], [ 103.465366660000086, -0.828678268999965, 0.0 ], [ 103.465152340000088, -0.827565908999929, 0.0 ], [ 103.465156550000074, -0.827564518999964, 0.0 ], [ 103.465035703000069, -0.827375594999978, 0.0 ], [ 103.466260016000035, -0.827023348999944, 0.0 ], [ 103.466261757000041, -0.827026955999941, 0.0 ], [ 103.466458768000052, -0.826962886999979, 0.0 ], [ 103.466401071000064, -0.826829461999978, 0.0 ], [ 103.467320071000074, -0.826508596999929, 0.0 ], [ 103.467319690000068, -0.826505778999945, 0.0 ], [ 103.466766930000063, -0.826148548999925, 0.0 ], [ 103.466355450000037, -0.825882628999977, 0.0 ], [ 103.465923553000039, -0.825348143999975, 0.0 ], [ 103.465829240000062, -0.825231428999928, 0.0 ], [ 103.465821360000064, -0.825044408999929, 0.0 ], [ 103.46579950000006, -0.82452565899996, 0.0 ], [ 103.46536720000006, -0.824076678999973, 0.0 ], [ 103.46524147000008, -0.823370558999954, 0.0 ], [ 103.46516543000007, -0.823214921999977, 0.0 ], [ 103.465148910000039, -0.823181108999961, 0.0 ], [ 103.464743050000038, -0.822350338999968, 0.0 ], [ 103.464664680000055, -0.822181538999928, 0.0 ], [ 103.464392510000039, -0.821595348999949, 0.0 ], [ 103.464139782000075, -0.820742636999967, 0.0 ], [ 103.46396709000004, -0.820159968999974, 0.0 ] ] ] ] } },
{ "type": "Feature", "properties": { "fid": 20417.0, "gid": null, "kdprov": "15", "kdkab": "07", "kdkec": "011", "kddesa": "014", "iddesa": "1507011014", "nmprov": "JAMBI", "nmkab": "TANJUNG JABUNG BARAT", "nmkec": "MERLUNG", "nmdesa": "MERLUNG", "luas": null, "sumber": null, "periode": null, "layer": null, "path": null, "idkec": "1507011" }, "geometry": { "type": "MultiPolygon", "coordinates": [ [ [ [ 103.043096174000084, -1.338921948999939, 0.0 ], [ 103.029937638000035, -1.338327212999957, 0.0 ], [ 103.031201452000062, -1.327324594999936, 0.0 ], [ 103.043690910000066, -1.327919330999976, 0.0 ], [ 103.043096174000084, -1.338921948999939, 0.0 ] ] ], [ [ [ 103.052890734000073, -1.275749823999945, 0.0 ], [ 103.052295998000034, -1.274932060999959, 0.0 ], [ 103.051083831000085, -1.275530273999948, 0.0 ], [ 103.049994470000058, -1.274329229999978, 0.0 ], [ 103.047408011000073, -1.275861336999981, 0.0 ], [ 103.046961959000043, -1.275563968999961, 0.0 ], [ 103.046515906000081, -1.274783376999949, 0.0 ], [ 103.046051269000088, -1.274207226999977, 0.0 ], [ 103.048690410000063, -1.273054925999929, 0.0 ], [ 103.048734755000055, -1.272940367999979, 0.0 ], [ 103.048687800000039, -1.272888598999941, 0.0 ], [ 103.047894189000033, -1.270390187999965, 0.0 ], [ 103.047373150000055, -1.268749878999927, 0.0 ], [ 103.047213058000068, -1.26824587599998, 0.0 ], [ 103.047203180000054, -1.268214778999948, 0.0 ], [ 103.047133533000078, -1.267053962999967, 0.0 ], [ 103.047113049000075, -1.266895212999941, 0.0 ], [ 103.047124083000085, -1.266796905999968, 0.0 ], [ 103.047569818000056, -1.265884539999945, 0.0 ], [ 103.047481317000063, -1.265289167999924, 0.0 ], [ 103.047304315000076, -1.264701840999976, 0.0 ], [ 103.047302801000058, -1.264699616999962, 0.0 ], [ 103.047046856000065, -1.264323698999931, 0.0 ], [ 103.046986562000086, -1.264331737999953, 0.0 ], [ 103.046960717000047, -1.26386845299993, 0.0 ], [ 103.046978662000072, -1.263868148999961, 0.0 ], [ 103.047539258000086, -1.263406897999971, 0.0 ], [ 103.048032539000076, -1.263001034999945, 0.0 ], [ 103.048188329000084, -1.262872852999976, 0.0 ], [ 103.048187466000059, -1.262840336999943, 0.0 ], [ 103.048165361000088, -1.262007710999967, 0.0 ], [ 103.04810715900004, -1.261949508999976, 0.0 ], [ 103.048062003000041, -1.261904352999977, 0.0 ], [ 103.048027550000086, -1.261716777999936, 0.0 ], [ 103.047998987000085, -1.261706653999966, 0.0 ], [ 103.04803329300006, -1.261577053999929, 0.0 ], [ 103.04803329300006, -1.261293777999924, 0.0 ], [ 103.048169409000081, -1.261057311999934, 0.0 ], [ 103.048189452000088, -1.261029605999965, 0.0 ], [ 103.048432620000085, -1.260796753999955, 0.0 ], [ 103.04794333600006, -1.259732119999967, 0.0 ], [ 103.047855796000078, -1.259654895999972, 0.0 ], [ 103.047839585000077, -1.259641926999961, 0.0 ], [ 103.04785019500008, -1.259637210999927, 0.0 ], [ 103.048061825000048, -1.259278795999933, 0.0 ], [ 103.048213032000035, -1.259193023999956, 0.0 ], [ 103.048629098000049, -1.258936404999929, 0.0 ], [ 103.048697926000045, -1.258770846999937, 0.0 ], [ 103.048858240000072, -1.258535658999961, 0.0 ], [ 103.047974731000068, -1.257760778999966, 0.0 ], [ 103.047967080000035, -1.257730178999964, 0.0 ], [ 103.047856939000042, -1.25762006399998, 0.0 ], [ 103.047635460000038, -1.257398638999973, 0.0 ], [ 103.047303850000048, -1.257159938999962, 0.0 ], [ 103.047274057000038, -1.257142067999951, 0.0 ], [ 103.046689661000073, -1.256786348999981, 0.0 ], [ 103.046310948000041, -1.256921476999935, 0.0 ], [ 103.046296750000067, -1.256926608999947, 0.0 ], [ 103.045467200000076, -1.257226488999947, 0.0 ], [ 103.043890070000032, -1.256625448999955, 0.0 ], [ 103.042031390000034, -1.257506168999953, 0.0 ], [ 103.041763100000082, -1.259607428999971, 0.0 ], [ 103.041890590000037, -1.260362778999934, 0.0 ], [ 103.04206355000008, -1.261387518999925, 0.0 ], [ 103.041537220000066, -1.262022238999975, 0.0 ], [ 103.04038107000008, -1.261033388999977, 0.0 ], [ 103.035508810000067, -1.260147578999977, 0.0 ], [ 103.033861080000065, -1.260216898999943, 0.0 ], [ 103.032597630000055, -1.26208601899998, 0.0 ], [ 103.033330550000073, -1.262849538999944, 0.0 ], [ 103.034593068000049, -1.26416476199995, 0.0 ], [ 103.035134060000075, -1.26472833899993, 0.0 ], [ 103.03512224800005, -1.264751156999978, 0.0 ], [ 103.034838860000036, -1.265298618999964, 0.0 ], [ 103.032771180000054, -1.264379648999977, 0.0 ], [ 103.032382990000087, -1.264883538999925, 0.0 ], [ 103.031576210000082, -1.26484727899998, 0.0 ], [ 103.031059490000075, -1.263931058999958, 0.0 ], [ 103.030617550000045, -1.263999798999976, 0.0 ], [ 103.030055720000064, -1.263625248999972, 0.0 ], [ 103.029408760000081, -1.262876138999957, 0.0 ], [ 103.028584420000072, -1.261617938999962, 0.0 ], [ 103.026943158000051, -1.261142273999951, 0.0 ], [ 103.026923471000032, -1.261141453999926, 0.0 ], [ 103.026924060000056, -1.261136738999937, 0.0 ], [ 103.02692944000006, -1.261093728999924, 0.0 ], [ 103.026959540000064, -1.260852818999979, 0.0 ], [ 103.027460080000083, -1.25684709899997, 0.0 ], [ 103.025271800000041, -1.249116278999963, 0.0 ], [ 103.023121060000051, -1.240758668999945, 0.0 ], [ 103.022283026000082, -1.235374567999941, 0.0 ], [ 103.018533041000069, -1.227361440999971, 0.0 ], [ 103.016621124000039, -1.223275977999947, 0.0 ], [ 103.017742281000039, -1.213544335999927, 0.0 ], [ 103.01822839600004, -1.209324863999939, 0.0 ], [ 103.017711700000064, -1.206005258999937, 0.0 ], [ 103.031399630000067, -1.210964918999935, 0.0 ], [ 103.035354678000033, -1.215920336999943, 0.0 ], [ 103.037035037000066, -1.218021801999953, 0.0 ], [ 103.03704179600004, -1.219629479999981, 0.0 ], [ 103.037044838000043, -1.219972265999957, 0.0 ], [ 103.042559190000077, -1.222876698999926, 0.0 ], [ 103.048674113000061, -1.225372796999977, 0.0 ], [ 103.049620901000083, -1.225480364999953, 0.0 ], [ 103.049592110000049, -1.225698990999945, 0.0 ], [ 103.04968911900005, -1.226669084999969, 0.0 ], [ 103.051874440000063, -1.225897908999968, 0.0 ], [ 103.056891660000076, -1.224971788999937, 0.0 ], [ 103.055157690000044, -1.228793460999952, 0.0 ], [ 103.056071880000047, -1.236976528999946, 0.0 ], [ 103.054412698000078, -1.24788687399996, 0.0 ], [ 103.054405960000054, -1.247931178999977, 0.0 ], [ 103.054476847000046, -1.248084442999925, 0.0 ], [ 103.054487760000086, -1.248108038999931, 0.0 ], [ 103.059368230000075, -1.258661108999945, 0.0 ], [ 103.060709230000043, -1.259692408999967, 0.0 ], [ 103.061403741000049, -1.26022652499995, 0.0 ], [ 103.064334900000063, -1.262480738999955, 0.0 ], [ 103.065216660000033, -1.26891674899997, 0.0 ], [ 103.067032733000076, -1.275186030999976, 0.0 ], [ 103.067174744000056, -1.27546367399998, 0.0 ], [ 103.071072986000047, -1.273475497999925, 0.0 ], [ 103.076507919000051, -1.273877618999961, 0.0 ], [ 103.07652504400005, -1.273900248999951, 0.0 ], [ 103.076496189000068, -1.273932525999953, 0.0 ], [ 103.079036503000054, -1.277313625999966, 0.0 ], [ 103.090333844000043, -1.282459548999952, 0.0 ], [ 103.090359966000051, -1.282426528999963, 0.0 ], [ 103.091277400000081, -1.28581737899998, 0.0 ], [ 103.084907888000032, -1.307630139999958, 0.0 ], [ 103.078653956000039, -1.307108016999962, 0.0 ], [ 103.077236595000045, -1.306883952999954, 0.0 ], [ 103.074012215000039, -1.306377134999934, 0.0 ], [ 103.073725083000056, -1.304194935999931, 0.0 ], [ 103.071680678000064, -1.300366322999935, 0.0 ], [ 103.07004515400007, -1.297188201999973, 0.0 ], [ 103.067740551000043, -1.294251691999932, 0.0 ], [ 103.064488088000076, -1.291343060999964, 0.0 ], [ 103.063930523000067, -1.290748324999925, 0.0 ], [ 103.063540227000033, -1.290023489999953, 0.0 ], [ 103.063651741000058, -1.28970753699997, 0.0 ], [ 103.063819010000088, -1.289112799999941, 0.0 ], [ 103.063707497000053, -1.288722504999953, 0.0 ], [ 103.063707497000053, -1.28827645299998, 0.0 ], [ 103.063707497000053, -1.287718887999972, 0.0 ], [ 103.063781839000058, -1.286882539999965, 0.0 ], [ 103.063986280000051, -1.285804580999979, 0.0 ], [ 103.063614569000038, -1.285367820999966, 0.0 ], [ 103.063521642000069, -1.285312064999971, 0.0 ], [ 103.062889735000056, -1.285107623999977, 0.0 ], [ 103.062703880000072, -1.284810255999957, 0.0 ], [ 103.062815393000051, -1.284308447999933, 0.0 ], [ 103.062685294000062, -1.283806638999977, 0.0 ], [ 103.062071973000059, -1.283416343999932, 0.0 ], [ 103.061607335000076, -1.282784436999975, 0.0 ], [ 103.06164450600005, -1.282245456999931, 0.0 ], [ 103.061848947000044, -1.281279010999924, 0.0 ], [ 103.062202071000058, -1.280628517999958, 0.0 ], [ 103.062685294000062, -1.279978025999981, 0.0 ], [ 103.063428714000054, -1.279197433999968, 0.0 ], [ 103.058150432000048, -1.27849118499995, 0.0 ], [ 103.057182795000074, -1.278671141999951, 0.0 ], [ 103.055102409000085, -1.279058042999964, 0.0 ], [ 103.05484221200004, -1.278240280999967, 0.0 ], [ 103.054358989000036, -1.277589787999943, 0.0 ], [ 103.053764253000054, -1.276827782999931, 0.0 ], [ 103.052922099000057, -1.275788529999943, 0.0 ], [ 103.052890734000073, -1.275749823999945, 0.0 ] ] ], [ [ [ 103.073465700000042, -1.331675965999978, 0.0 ], [ 103.080192838000073, -1.332825903999947, 0.0 ], [ 103.079534389000059, -1.334333963999939, 0.0 ], [ 103.077888236000035, -1.338104186999942, 0.0 ], [ 103.071876640000085, -1.337611371999969, 0.0 ], [ 103.071531994000054, -1.337918331999958, 0.0 ], [ 103.070156667000049, -1.338029844999937, 0.0 ], [ 103.068513935000055, -1.337915084999963, 0.0 ], [ 103.069223822000083, -1.33678243199995, 0.0 ], [ 103.071792191000043, -1.332193996999933, 0.0 ], [ 103.072420966000038, -1.33165768899994, 0.0 ], [ 103.072608320000086, -1.331356828999958, 0.0 ], [ 103.073465700000042, -1.331675965999978, 0.0 ] ] ] ] } },
{ "type": "Feature", "properties": { "fid": 20436.0, "gid": null, "kdprov": "15", "kdkab": "07", "kdkec": "011", "kddesa": "010", "iddesa": "1507011010", "nmprov": "JAMBI", "nmkab": "TANJUNG JABUNG BARAT", "nmkec": "MERLUNG", "nmdesa": "PINANG GADING", "luas": null, "sumber": null, "periode": null, "layer": null, "path": null, "idkec": "1507011" }, "geometry": { "type": "MultiPolygon", "coordinates": [ [ [ [ 103.06171444000006, -1.327497348999941, 0.0 ], [ 103.060230966000063, -1.327140332999932, 0.0 ], [ 103.060230966000063, -1.327132602999939, 0.0 ], [ 103.060230966000063, -1.326137033999942, 0.0 ], [ 103.064608142000054, -1.32302587199996, 0.0 ], [ 103.064606569000034, -1.322974423999938, 0.0 ], [ 103.064560314000062, -1.321461891999945, 0.0 ], [ 103.064569457000061, -1.321085517999961, 0.0 ], [ 103.064649361000079, -1.317796104999957, 0.0 ], [ 103.064621030000069, -1.317696008999974, 0.0 ], [ 103.064086732000078, -1.316808743999957, 0.0 ], [ 103.062740160000033, -1.314572600999952, 0.0 ], [ 103.062652240000034, -1.314426598999944, 0.0 ], [ 103.061566670000047, -1.314971838999952, 0.0 ], [ 103.059409476000042, -1.316063762999931, 0.0 ], [ 103.059391228000038, -1.316072571999939, 0.0 ], [ 103.058945710000046, -1.316803144999938, 0.0 ], [ 103.058239837000087, -1.318356336999955, 0.0 ], [ 103.057576052000059, -1.318913665999958, 0.0 ], [ 103.056931054000074, -1.319489780999959, 0.0 ], [ 103.058022228000084, -1.323079932999974, 0.0 ], [ 103.057799923000061, -1.323743717999946, 0.0 ], [ 103.057029682000064, -1.326264221999963, 0.0 ], [ 103.055345172000045, -1.326232910999977, 0.0 ], [ 103.054605160000051, -1.326212450999947, 0.0 ], [ 103.050850069000035, -1.326661172999934, 0.0 ], [ 103.045134773000086, -1.324866286999963, 0.0 ], [ 103.037860760000058, -1.322835230999942, 0.0 ], [ 103.026428212000042, -1.321779918999937, 0.0 ], [ 103.02600373000007, -1.321750258999941, 0.0 ], [ 103.026352596000038, -1.312056015999929, 0.0 ], [ 103.028171396000062, -1.311898835999955, 0.0 ], [ 103.039304818000062, -1.298439765999944, 0.0 ], [ 103.047811135000075, -1.299417363999964, 0.0 ], [ 103.050371950000056, -1.299711668999976, 0.0 ], [ 103.05359044000005, -1.30008001899995, 0.0 ], [ 103.054454996000061, -1.300178957999947, 0.0 ], [ 103.054610865000086, -1.300196795999966, 0.0 ], [ 103.063186406000057, -1.301178173999972, 0.0 ], [ 103.062784524000051, -1.304609238999944, 0.0 ], [ 103.062862539000037, -1.30462152299998, 0.0 ], [ 103.074012215000039, -1.306377134999934, 0.0 ], [ 103.077236595000045, -1.306883952999954, 0.0 ], [ 103.078653956000039, -1.307108016999962, 0.0 ], [ 103.084907888000032, -1.307630139999958, 0.0 ], [ 103.084414435000042, -1.309233861999928, 0.0 ], [ 103.080059954000035, -1.318418562999966, 0.0 ], [ 103.078564120000067, -1.321694098999956, 0.0 ], [ 103.078477110000051, -1.321884728999976, 0.0 ], [ 103.078396700000042, -1.322060478999958, 0.0 ], [ 103.07579110000006, -1.326235668999971, 0.0 ], [ 103.075669290000064, -1.326430868999978, 0.0 ], [ 103.074702370000068, -1.32798024899995, 0.0 ], [ 103.07467347000005, -1.328026558999966, 0.0 ], [ 103.074453320000032, -1.328379308999956, 0.0 ], [ 103.074436140000046, -1.328406848999975, 0.0 ], [ 103.074410680000085, -1.328447648999941, 0.0 ], [ 103.074391070000047, -1.328479068999968, 0.0 ], [ 103.074389710000048, -1.328481238999927, 0.0 ], [ 103.074389330000088, -1.328481858999965, 0.0 ], [ 103.074375600000053, -1.328480798999976, 0.0 ], [ 103.074092500000063, -1.328458808999926, 0.0 ], [ 103.071834240000044, -1.328283388999978, 0.0 ], [ 103.071271680000052, -1.328239698999937, 0.0 ], [ 103.071085867000079, -1.328225264999958, 0.0 ], [ 103.069397830000071, -1.328094138999973, 0.0 ], [ 103.066704950000087, -1.32788497599995, 0.0 ], [ 103.06171444000006, -1.327497348999941, 0.0 ] ] ] ] } },
{ "type": "Feature", "properties": { "fid": 21587.0, "gid": null, "kdprov": "15", "kdkab": "07", "kdkec": "014", "kddesa": "010", "iddesa": "1507014010", "nmprov": "JAMBI", "nmkab": "TANJUNG JABUNG BARAT", "nmkec": "RENAH MENDALUH", "nmdesa": "BUKIT BAKAR", "luas": null, "sumber": null, "periode": null, "layer": null, "path": null, "idkec": "1507014" }, "geometry": { "type": "MultiPolygon", "coordinates": [ [ [ [ 102.835059553000065, -1.397438663999935, 0.0 ], [ 102.834582010000076, -1.397688848999962, 0.0 ], [ 102.83235717000008, -1.397840298999938, 0.0 ], [ 102.831855400000052, -1.397701138999935, 0.0 ], [ 102.83017706000004, -1.39705781899994, 0.0 ], [ 102.828327654000077, -1.395891850999931, 0.0 ], [ 102.822213081000086, -1.397955519999925, 0.0 ], [ 102.822197151000069, -1.397960895999972, 0.0 ], [ 102.822172619000071, -1.398122421999972, 0.0 ], [ 102.822160715000052, -1.398200802999952, 0.0 ], [ 102.822044120000044, -1.398968498999977, 0.0 ], [ 102.822025820000079, -1.399433238999961, 0.0 ], [ 102.822017850000066, -1.399635678999971, 0.0 ], [ 102.821941190000075, -1.401582368999925, 0.0 ], [ 102.822142470000074, -1.406533318999948, 0.0 ], [ 102.823009920000061, -1.411670278999964, 0.0 ], [ 102.822639620000075, -1.418136738999976, 0.0 ], [ 102.820573440000032, -1.421308028999931, 0.0 ], [ 102.819037740000056, -1.42260835899998, 0.0 ], [ 102.817696290000072, -1.42317664899997, 0.0 ], [ 102.816363710000076, -1.42353709899993, 0.0 ], [ 102.814877820000049, -1.423372708999977, 0.0 ], [ 102.813576280000063, -1.423173278999968, 0.0 ], [ 102.813156670000069, -1.423108978999949, 0.0 ], [ 102.81256508000007, -1.422678628999961, 0.0 ], [ 102.811720190000074, -1.421906038999964, 0.0 ], [ 102.81105548000005, -1.421145228999933, 0.0 ], [ 102.809960200000035, -1.419415998999966, 0.0 ], [ 102.807680140000059, -1.416346238999949, 0.0 ], [ 102.807590660000074, -1.416225768999936, 0.0 ], [ 102.806496090000053, -1.41455353899994, 0.0 ], [ 102.805094860000054, -1.412270628999977, 0.0 ], [ 102.804949124000075, -1.411858104999965, 0.0 ], [ 102.797045487000048, -1.408872286999951, 0.0 ], [ 102.796406834000038, -1.407808649999936, 0.0 ], [ 102.789653725000051, -1.39656174299995, 0.0 ], [ 102.789527023000062, -1.395674828999972, 0.0 ], [ 102.789327618000073, -1.394278992999944, 0.0 ], [ 102.791371449000053, -1.386916554999971, 0.0 ], [ 102.791719070000056, -1.385664328999951, 0.0 ], [ 102.793539835000047, -1.384060968999961, 0.0 ], [ 102.793898479000063, -1.382197983999959, 0.0 ], [ 102.795835194000063, -1.382290093999927, 0.0 ], [ 102.798601667000071, -1.382421665999971, 0.0 ], [ 102.799951028000066, -1.381790872999943, 0.0 ], [ 102.80011333300007, -1.381714998999939, 0.0 ], [ 102.800586410000051, -1.374770148999971, 0.0 ], [ 102.799625, -1.373279998999976, 0.0 ], [ 102.799862497000049, -1.37082703699997, 0.0 ], [ 102.798987601000078, -1.369556354999929, 0.0 ], [ 102.798142315000064, -1.368328675999976, 0.0 ], [ 102.79593938000005, -1.365129174999936, 0.0 ], [ 102.79367495200006, -1.362063488999979, 0.0 ], [ 102.793572759000085, -1.361925135999968, 0.0 ], [ 102.793727599000078, -1.36158026499993, 0.0 ], [ 102.794888333000074, -1.358995, 0.0 ], [ 102.794661336000047, -1.353009893999968, 0.0 ], [ 102.795047176000082, -1.353062507999937, 0.0 ], [ 102.797333224000056, -1.353374240999926, 0.0 ], [ 102.803545013000075, -1.354221303999964, 0.0 ], [ 102.807473466000033, -1.354757001999928, 0.0 ], [ 102.808817961000045, -1.354940341999963, 0.0 ], [ 102.813183506000087, -1.355144976999952, 0.0 ], [ 102.814184944000033, -1.355191918999935, 0.0 ], [ 102.815498252000054, -1.355516192999971, 0.0 ], [ 102.820977532000086, -1.356869100999972, 0.0 ], [ 102.821009910000043, -1.356898395999963, 0.0 ], [ 102.828021698000043, -1.36324239399994, 0.0 ], [ 102.833344367000052, -1.365315433999967, 0.0 ], [ 102.833362483000087, -1.365322489999926, 0.0 ], [ 102.833389503000035, -1.365324438999949, 0.0 ], [ 102.833387816000084, -1.365332355999954, 0.0 ], [ 102.833087119000083, -1.366743320999944, 0.0 ], [ 102.831096507000041, -1.367531412999938, 0.0 ], [ 102.825987495000049, -1.36965110899996, 0.0 ], [ 102.824384502000044, -1.370329624999954, 0.0 ], [ 102.841221575000077, -1.396015378999948, 0.0 ], [ 102.837371715000074, -1.397167045999936, 0.0 ], [ 102.835852236000051, -1.397621590999961, 0.0 ], [ 102.835059553000065, -1.397438663999935, 0.0 ] ] ] ] } },
{ "type": "Feature", "properties": { "fid": 21264.0, "gid": null, "kdprov": "15", "kdkab": "07", "kdkec": "030", "kddesa": "007", "iddesa": "1507030007", "nmprov": "JAMBI", "nmkab": "TANJUNG JABUNG BARAT", "nmkec": "TUNGKAL ILIR", "nmdesa": "TUNGKAL HARAPAN", "luas": null, "sumber": null, "periode": null, "layer": null, "path": null, "idkec": "1507030" }, "geometry": { "type": "MultiPolygon", "coordinates": [ [ [ [ 103.452904516000046, -0.821635442999934, 0.0 ], [ 103.452786599000035, -0.821509611999943, 0.0 ], [ 103.452469170000086, -0.821170878999965, 0.0 ], [ 103.452440180000053, -0.821140842999966, 0.0 ], [ 103.451542910000057, -0.820211178999955, 0.0 ], [ 103.450468690000037, -0.819481448999966, 0.0 ], [ 103.447671120000052, -0.81621926899993, 0.0 ], [ 103.447756080000033, -0.816168668999978, 0.0 ], [ 103.450453607000043, -0.814562168999942, 0.0 ], [ 103.450618650000081, -0.814463878999959, 0.0 ], [ 103.450764010000057, -0.814377298999943, 0.0 ], [ 103.451578890000064, -0.813891998999964, 0.0 ], [ 103.45170971400006, -0.813814090999927, 0.0 ], [ 103.45179051000008, -0.813765975999956, 0.0 ], [ 103.451922760000059, -0.813687218999974, 0.0 ], [ 103.453090650000036, -0.812991678999936, 0.0 ], [ 103.453200120000076, -0.812926488999949, 0.0 ], [ 103.453278040000043, -0.812880082999925, 0.0 ], [ 103.453840410000055, -0.812545158999967, 0.0 ], [ 103.454076050000083, -0.812404823999941, 0.0 ], [ 103.455047400000069, -0.811826338999936, 0.0 ], [ 103.456737770000075, -0.81421587899996, 0.0 ], [ 103.456938320000063, -0.814499378999926, 0.0 ], [ 103.456978870000057, -0.814607658999932, 0.0 ], [ 103.457054190000065, -0.814785338999968, 0.0 ], [ 103.457130960000086, -0.814943728999936, 0.0 ], [ 103.457246300000065, -0.815109248999931, 0.0 ], [ 103.457309430000066, -0.815175258999943, 0.0 ], [ 103.457409440000049, -0.815273558999934, 0.0 ], [ 103.457480300000043, -0.815488388999938, 0.0 ], [ 103.457507090000036, -0.815602278999961, 0.0 ], [ 103.457550060000074, -0.815748988999928, 0.0 ], [ 103.457580184000051, -0.815814122999939, 0.0 ], [ 103.457581990000051, -0.815818028999956, 0.0 ], [ 103.457584360000055, -0.815846678999947, 0.0 ], [ 103.457595120000065, -0.815976818999957, 0.0 ], [ 103.457596304000049, -0.816145956999947, 0.0 ], [ 103.45759632000005, -0.816148268999939, 0.0 ], [ 103.457602631000043, -0.81619926999997, 0.0 ], [ 103.457609350000041, -0.816253568999969, 0.0 ], [ 103.457611350000036, -0.816269738999949, 0.0 ], [ 103.457647430000065, -0.816375678999975, 0.0 ], [ 103.457672820000084, -0.816583548999972, 0.0 ], [ 103.457734340000059, -0.816785378999953, 0.0 ], [ 103.457898840000041, -0.817186528999969, 0.0 ], [ 103.457912002000057, -0.817227140999933, 0.0 ], [ 103.45795533900008, -0.817360860999941, 0.0 ], [ 103.457972220000045, -0.817412948999959, 0.0 ], [ 103.45797642000008, -0.817425918999959, 0.0 ], [ 103.457984840000051, -0.817447208999965, 0.0 ], [ 103.457992199000046, -0.817482561999952, 0.0 ], [ 103.45799801000004, -0.817510478999964, 0.0 ], [ 103.458002340000064, -0.817685078999943, 0.0 ], [ 103.458022390000053, -0.817866658999947, 0.0 ], [ 103.458061300000054, -0.81800710899995, 0.0 ], [ 103.458188150000069, -0.818263378999973, 0.0 ], [ 103.458188720000066, -0.81841204899996, 0.0 ], [ 103.458181710000076, -0.818669528999976, 0.0 ], [ 103.458201268000039, -0.818727799999976, 0.0 ], [ 103.458232284000076, -0.818820208999966, 0.0 ], [ 103.458248560000072, -0.818868699999939, 0.0 ], [ 103.458267080000041, -0.818923878999954, 0.0 ], [ 103.458342123000079, -0.819092135999938, 0.0 ], [ 103.458357521000039, -0.819174984999961, 0.0 ], [ 103.458361240000045, -0.819201008999926, 0.0 ], [ 103.458348730000068, -0.819411078999963, 0.0 ], [ 103.45837621000004, -0.819499608999934, 0.0 ], [ 103.458394430000055, -0.819528718999948, 0.0 ], [ 103.458396352000079, -0.819540868999979, 0.0 ], [ 103.45839720400005, -0.819546257999946, 0.0 ], [ 103.458418250000079, -0.819679298999972, 0.0 ], [ 103.45841192000006, -0.819805818999953, 0.0 ], [ 103.458494810000047, -0.819967168999938, 0.0 ], [ 103.458535700000084, -0.820174388999931, 0.0 ], [ 103.458558420000088, -0.820250218999945, 0.0 ], [ 103.458571990000053, -0.820295538999972, 0.0 ], [ 103.458624110000073, -0.820392348999974, 0.0 ], [ 103.458660500000065, -0.820551148999925, 0.0 ], [ 103.458702570000071, -0.820871518999979, 0.0 ], [ 103.458754190000036, -0.82101709899996, 0.0 ], [ 103.458817150000073, -0.821160988999964, 0.0 ], [ 103.458825750000074, -0.821269328999961, 0.0 ], [ 103.458809200000076, -0.821407718999978, 0.0 ], [ 103.458876270000076, -0.821589188999951, 0.0 ], [ 103.45891830000005, -0.821656068999971, 0.0 ], [ 103.458929280000063, -0.821708258999934, 0.0 ], [ 103.458929270000056, -0.821740238999951, 0.0 ], [ 103.45892925000004, -0.821777848999943, 0.0 ], [ 103.458957500000054, -0.821860888999936, 0.0 ], [ 103.459014010000033, -0.821991398999955, 0.0 ], [ 103.45902183000004, -0.822098948999951, 0.0 ], [ 103.459035940000035, -0.822163008999951, 0.0 ], [ 103.459101100000055, -0.822278488999928, 0.0 ], [ 103.459119900000076, -0.822428738999974, 0.0 ], [ 103.459162948000085, -0.822667592999949, 0.0 ], [ 103.459171640000079, -0.822715818999939, 0.0 ], [ 103.459205030000078, -0.822930148999944, 0.0 ], [ 103.459243610000044, -0.823068058999979, 0.0 ], [ 103.459268140000063, -0.823227178999957, 0.0 ], [ 103.459327790000032, -0.823375698999939, 0.0 ], [ 103.459634205000043, -0.823665282999968, 0.0 ], [ 103.459415270000079, -0.823899078999943, 0.0 ], [ 103.459423690000051, -0.823906858999976, 0.0 ], [ 103.458876360000033, -0.824500508999961, 0.0 ], [ 103.458630380000045, -0.824732118999975, 0.0 ], [ 103.458256120000044, -0.825031938999928, 0.0 ], [ 103.458244800000045, -0.825041018999968, 0.0 ], [ 103.458240144000058, -0.825044755999954, 0.0 ], [ 103.458106660000055, -0.825151898999934, 0.0 ], [ 103.457720220000056, -0.825462028999937, 0.0 ], [ 103.456435620000036, -0.824710858999936, 0.0 ], [ 103.456368007000037, -0.824671318999947, 0.0 ], [ 103.456259610000075, -0.824607928999967, 0.0 ], [ 103.456119270000045, -0.824282558999926, 0.0 ], [ 103.455317110000067, -0.823737108999978, 0.0 ], [ 103.45529046200005, -0.823718836999944, 0.0 ], [ 103.454140510000059, -0.822930318999965, 0.0 ], [ 103.453849610000077, -0.822625808999931, 0.0 ], [ 103.453783102000045, -0.822556188999954, 0.0 ], [ 103.453145376000066, -0.821888628999943, 0.0 ], [ 103.452956560000075, -0.821690978999925, 0.0 ], [ 103.452904516000046, -0.821635442999934, 0.0 ] ] ] ] } },
{ "type": "Feature", "properties": { "fid": 21344.0, "gid": null, "kdprov": "15", "kdkab": "07", "kdkec": "030", "kddesa": "008", "iddesa": "1507030008", "nmprov": "JAMBI", "nmkab": "TANJUNG JABUNG BARAT", "nmkec": "TUNGKAL ILIR", "nmdesa": "TUNGKAL IV KOTA", "luas": null, "sumber": null, "periode": null, "layer": null, "path": null, "idkec": "1507030" }, "geometry": { "type": "MultiPolygon", "coordinates": [ [ [ [ 103.460212400000046, -0.818852488999937, 0.0 ], [ 103.460225240000057, -0.818849698999941, 0.0 ], [ 103.460026050000067, -0.817989438999973, 0.0 ], [ 103.460012376000066, -0.81793007899995, 0.0 ], [ 103.459772570000041, -0.81688904899994, 0.0 ], [ 103.459355850000065, -0.817006168999967, 0.0 ], [ 103.458721920000073, -0.817184338999937, 0.0 ], [ 103.458724810000035, -0.817193948999943, 0.0 ], [ 103.458702194000068, -0.81720052999998, 0.0 ], [ 103.458702054000071, -0.817200570999944, 0.0 ], [ 103.458405480000067, -0.817286868999929, 0.0 ], [ 103.457972220000045, -0.817412948999959, 0.0 ], [ 103.45795533900008, -0.817360860999941, 0.0 ], [ 103.457912002000057, -0.817227140999933, 0.0 ], [ 103.457898840000041, -0.817186528999969, 0.0 ], [ 103.457734340000059, -0.816785378999953, 0.0 ], [ 103.457672820000084, -0.816583548999972, 0.0 ], [ 103.457647430000065, -0.816375678999975, 0.0 ], [ 103.457611350000036, -0.816269738999949, 0.0 ], [ 103.457609350000041, -0.816253568999969, 0.0 ], [ 103.457602631000043, -0.81619926999997, 0.0 ], [ 103.45759632000005, -0.816148268999939, 0.0 ], [ 103.457596304000049, -0.816145956999947, 0.0 ], [ 103.457595120000065, -0.815976818999957, 0.0 ], [ 103.457584360000055, -0.815846678999947, 0.0 ], [ 103.457581990000051, -0.815818028999956, 0.0 ], [ 103.457580184000051, -0.815814122999939, 0.0 ], [ 103.457550060000074, -0.815748988999928, 0.0 ], [ 103.457507090000036, -0.815602278999961, 0.0 ], [ 103.457480300000043, -0.815488388999938, 0.0 ], [ 103.457409440000049, -0.815273558999934, 0.0 ], [ 103.457309430000066, -0.815175258999943, 0.0 ], [ 103.457246300000065, -0.815109248999931, 0.0 ], [ 103.457130960000086, -0.814943728999936, 0.0 ], [ 103.457054190000065, -0.814785338999968, 0.0 ], [ 103.456978870000057, -0.814607658999932, 0.0 ], [ 103.456938320000063, -0.814499378999926, 0.0 ], [ 103.456737770000075, -0.81421587899996, 0.0 ], [ 103.455047400000069, -0.811826338999936, 0.0 ], [ 103.455282460000035, -0.811686348999956, 0.0 ], [ 103.455416037000077, -0.811606796999968, 0.0 ], [ 103.456285639000043, -0.811077399999931, 0.0 ], [ 103.457324480000068, -0.810470218999967, 0.0 ], [ 103.458483470000033, -0.809979838999936, 0.0 ], [ 103.458832240000049, -0.809832278999977, 0.0 ], [ 103.458845482000072, -0.809826675999943, 0.0 ], [ 103.459695630000056, -0.809466968999971, 0.0 ], [ 103.459983770000065, -0.809345058999952, 0.0 ], [ 103.460153790000049, -0.809273118999954, 0.0 ], [ 103.460823780000055, -0.811097648999976, 0.0 ], [ 103.461038330000065, -0.811681908999958, 0.0 ], [ 103.461183120000044, -0.812039598999945, 0.0 ], [ 103.461373200000082, -0.812447408999958, 0.0 ], [ 103.461455064000063, -0.812582723999981, 0.0 ], [ 103.461571690000085, -0.81277549899994, 0.0 ], [ 103.461636760000033, -0.813044188999925, 0.0 ], [ 103.461654660000079, -0.813083037999945, 0.0 ], [ 103.461717380000039, -0.813219158999971, 0.0 ], [ 103.461804264000079, -0.813513482999952, 0.0 ], [ 103.461805868000056, -0.813519448999955, 0.0 ], [ 103.461805508000054, -0.813519634999977, 0.0 ], [ 103.46182503600005, -0.813590732999955, 0.0 ], [ 103.461873400000059, -0.813851598999975, 0.0 ], [ 103.46191938000004, -0.813989098999969, 0.0 ], [ 103.461934080000049, -0.814033058999939, 0.0 ], [ 103.461954280000043, -0.814190048999933, 0.0 ], [ 103.461961030000055, -0.814211898999929, 0.0 ], [ 103.462002820000066, -0.814347038999927, 0.0 ], [ 103.462064544000043, -0.814489007999953, 0.0 ], [ 103.462095900000065, -0.814561128999969, 0.0 ], [ 103.462204740000061, -0.814742688999956, 0.0 ], [ 103.462219360000063, -0.814767078999978, 0.0 ], [ 103.462296240000057, -0.81495874899997, 0.0 ], [ 103.462344790000088, -0.815103508999925, 0.0 ], [ 103.462394900000049, -0.815177408999944, 0.0 ], [ 103.462541130000034, -0.815393068999924, 0.0 ], [ 103.462654430000043, -0.815678528999968, 0.0 ], [ 103.462749520000045, -0.815948048999928, 0.0 ], [ 103.462881010000046, -0.816320788999974, 0.0 ], [ 103.462959900000044, -0.816573608999931, 0.0 ], [ 103.462994790000039, -0.816696718999935, 0.0 ], [ 103.463003040000046, -0.816725838999957, 0.0 ], [ 103.463008440000067, -0.816744868999933, 0.0 ], [ 103.463022447000071, -0.816775191999966, 0.0 ], [ 103.463155370000038, -0.817062958999941, 0.0 ], [ 103.463212820000081, -0.817187338999929, 0.0 ], [ 103.463217440000051, -0.817198298999926, 0.0 ], [ 103.463366590000078, -0.81755230899995, 0.0 ], [ 103.463402970000061, -0.817766388999928, 0.0 ], [ 103.46340325500006, -0.817807252999955, 0.0 ], [ 103.463404890000049, -0.818041598999969, 0.0 ], [ 103.463464775000034, -0.818286425999929, 0.0 ], [ 103.463548160000073, -0.81862732899998, 0.0 ], [ 103.46359201000007, -0.818878278999932, 0.0 ], [ 103.463631710000072, -0.819105438999941, 0.0 ], [ 103.463635350000061, -0.819126248999964, 0.0 ], [ 103.463762780000081, -0.819525878999968, 0.0 ], [ 103.463873683000088, -0.819830405999937, 0.0 ], [ 103.463592804000086, -0.81991452799997, 0.0 ], [ 103.463154997000061, -0.820083916999977, 0.0 ], [ 103.46330026000004, -0.820372268999961, 0.0 ], [ 103.463357980000069, -0.820506878999936, 0.0 ], [ 103.463518330000056, -0.820884738999951, 0.0 ], [ 103.463553010000055, -0.820966488999943, 0.0 ], [ 103.464211650000038, -0.822451328999932, 0.0 ], [ 103.464214730000037, -0.822458278999932, 0.0 ], [ 103.462905020000051, -0.822771648999947, 0.0 ], [ 103.462614680000058, -0.822838798999953, 0.0 ], [ 103.462550910000061, -0.822846698999967, 0.0 ], [ 103.462441140000067, -0.822860298999956, 0.0 ], [ 103.461645001000079, -0.822958931999949, 0.0 ], [ 103.461543890000087, -0.822971458999973, 0.0 ], [ 103.461104040000066, -0.82298211899996, 0.0 ], [ 103.460948520000045, -0.822261798999932, 0.0 ], [ 103.460857356000076, -0.82183957899997, 0.0 ], [ 103.460794320000048, -0.821547628999951, 0.0 ], [ 103.460747870000034, -0.821332488999929, 0.0 ], [ 103.460459090000086, -0.819993228999977, 0.0 ], [ 103.460346800000082, -0.819474968999941, 0.0 ], [ 103.460328238000045, -0.819380981999927, 0.0 ], [ 103.460212400000046, -0.818852488999937, 0.0 ] ] ] ] } },
{ "type": "Feature", "properties": { "fid": 20426.0, "gid": null, "kdprov": "15", "kdkab": "07", "kdkec": "011", "kddesa": "017", "iddesa": "1507011017", "nmprov": "JAMBI", "nmkab": "TANJUNG JABUNG BARAT", "nmkec": "MERLUNG", "nmdesa": "PENYABUNGAN", "luas": null, "sumber": null, "periode": null, "layer": null, "path": null, "idkec": "1507011" }, "geometry": { "type": "MultiPolygon", "coordinates": [ [ [ [ 103.007126507000066, -1.28664105699994, 0.0 ], [ 103.007234943000071, -1.286886061999951, 0.0 ], [ 103.007560312000066, -1.286993522999978, 0.0 ], [ 103.010479181000051, -1.287957552999956, 0.0 ], [ 103.010510190000048, -1.288801278999927, 0.0 ], [ 103.010282572000051, -1.288783477999971, 0.0 ], [ 102.989184221000073, -1.287133446999974, 0.0 ], [ 102.986372080000081, -1.286913518999938, 0.0 ], [ 102.979450600000064, -1.28637576899996, 0.0 ], [ 102.97941177000007, -1.286372748999952, 0.0 ], [ 102.979344730000037, -1.286367548999976, 0.0 ], [ 102.979344560000072, -1.286367528999961, 0.0 ], [ 102.979344750000052, -1.28636604899998, 0.0 ], [ 102.97950035000008, -1.285183758999949, 0.0 ], [ 102.979541840000081, -1.284795668999948, 0.0 ], [ 102.979612840000073, -1.284124178999946, 0.0 ], [ 102.97961285000008, -1.284124098999939, 0.0 ], [ 102.979686300000083, -1.283430598999928, 0.0 ], [ 102.979776277000042, -1.282666631999973, 0.0 ], [ 102.979778440000075, -1.282648268999935, 0.0 ], [ 102.979390144000035, -1.280942875999926, 0.0 ], [ 102.979388696000058, -1.280936514999951, 0.0 ], [ 102.978423682000084, -1.27669818499993, 0.0 ], [ 102.977102075000062, -1.270893699999931, 0.0 ], [ 102.976874749000046, -1.269895284999961, 0.0 ], [ 102.976855856000043, -1.269630783999958, 0.0 ], [ 102.976851975000045, -1.269576446999963, 0.0 ], [ 102.975174153000069, -1.24608694099993, 0.0 ], [ 102.976445473000069, -1.229957064999951, 0.0 ], [ 102.975824510000052, -1.227285798999958, 0.0 ], [ 102.983435700000086, -1.224388818999955, 0.0 ], [ 102.985798050000085, -1.223489658999938, 0.0 ], [ 102.989422690000083, -1.223480438999957, 0.0 ], [ 102.995875400000045, -1.223951788999955, 0.0 ], [ 103.000784230000079, -1.223034448999954, 0.0 ], [ 103.003161770000077, -1.22207930899998, 0.0 ], [ 103.007496777000085, -1.23595469199995, 0.0 ], [ 103.008358230000056, -1.238712008999926, 0.0 ], [ 103.008708760000047, -1.239799838999943, 0.0 ], [ 103.00924198000007, -1.254300924999939, 0.0 ], [ 103.006845640000051, -1.258949825999935, 0.0 ], [ 103.006764228000065, -1.259107764999953, 0.0 ], [ 103.006627588000072, -1.259372846999952, 0.0 ], [ 103.006627588000072, -1.259670204999964, 0.0 ], [ 103.006627588000072, -1.259971859999951, 0.0 ], [ 103.006627588000072, -1.263745807999953, 0.0 ], [ 103.003242381000064, -1.27609623099994, 0.0 ], [ 103.003022388000034, -1.276898843999959, 0.0 ], [ 103.002942963000066, -1.277188614999943, 0.0 ], [ 103.003185879000057, -1.277737467999941, 0.0 ], [ 103.007126507000066, -1.28664105699994, 0.0 ] ] ] ] } },
{ "type": "Feature", "properties": { "fid": 20048.0, "gid": null, "kdprov": "15", "kdkab": "07", "kdkec": "031", "kddesa": "001", "iddesa": "1507031001", "nmprov": "JAMBI", "nmkab": "TANJUNG JABUNG BARAT", "nmkec": "BRAM ITAM", "nmdesa": "BRAM ITAM KANAN", "luas": null, "sumber": null, "periode": null, "layer": null, "path": null, "idkec": "1507031" }, "geometry": { "type": "MultiPolygon", "coordinates": [ [ [ [ 103.292071140000076, -0.97099271899998, 0.0 ], [ 103.284421560000055, -0.985789498999964, 0.0 ], [ 103.27609663000004, -1.001898308999955, 0.0 ], [ 103.270351930000061, -1.026441728999941, 0.0 ], [ 103.269296790000055, -1.028441748999967, 0.0 ], [ 103.243082670000035, -1.078183618999958, 0.0 ], [ 103.243079120000061, -1.078190358999962, 0.0 ], [ 103.241469239000082, -1.078206014999978, 0.0 ], [ 103.241334478000056, -1.061916788999952, 0.0 ], [ 103.209199830000045, -1.061916788999952, 0.0 ], [ 103.200998936000076, -1.061916788999952, 0.0 ], [ 103.192832792000047, -1.061916788999952, 0.0 ], [ 103.188662572000055, -1.061916788999952, 0.0 ], [ 103.186664290000067, -1.056461328999944, 0.0 ], [ 103.185526340000081, -1.053354638999963, 0.0 ], [ 103.185207308000088, -1.052483673999973, 0.0 ], [ 103.183651220000058, -1.048235508999937, 0.0 ], [ 103.183456980000074, -1.047705228999973, 0.0 ], [ 103.182623358000058, -1.045429436999939, 0.0 ], [ 103.182112370000084, -1.044034438999972, 0.0 ], [ 103.181812880000052, -1.043216828999959, 0.0 ], [ 103.181678200000079, -1.042849128999933, 0.0 ], [ 103.201007320000087, -1.033982338999976, 0.0 ], [ 103.208982580000054, -1.024428498999953, 0.0 ], [ 103.225197760000071, -1.009457988999941, 0.0 ], [ 103.227565430000084, -1.007272058999945, 0.0 ], [ 103.23359355000008, -1.001221278999935, 0.0 ], [ 103.234438680000039, -1.000372978999962, 0.0 ], [ 103.234438730000079, -1.00037292899998, 0.0 ], [ 103.242735520000053, -0.992693008999936, 0.0 ], [ 103.245352170000046, -0.984415878999926, 0.0 ], [ 103.245352180000054, -0.984415848999959, 0.0 ], [ 103.246860480000066, -0.972735848999946, 0.0 ], [ 103.246860490000074, -0.972735818999979, 0.0 ], [ 103.253227020000054, -0.960683378999931, 0.0 ], [ 103.256171510000058, -0.958312252999974, 0.0 ], [ 103.257393793000062, -0.957327977999967, 0.0 ], [ 103.26097887800006, -0.95444099599996, 0.0 ], [ 103.26266441000007, -0.953083678999974, 0.0 ], [ 103.262664820000055, -0.95308334899994, 0.0 ], [ 103.263648820000071, -0.952234551999936, 0.0 ], [ 103.263662990000057, -0.952222328999937, 0.0 ], [ 103.264932700000088, -0.951127098999962, 0.0 ], [ 103.268090640000082, -0.948403108999969, 0.0 ], [ 103.27044047000004, -0.946376178999969, 0.0 ], [ 103.272151930000064, -0.945556318999934, 0.0 ], [ 103.272506940000085, -0.945386248999966, 0.0 ], [ 103.272527522000075, -0.945376388999932, 0.0 ], [ 103.274516260000041, -0.944423698999969, 0.0 ], [ 103.278336310000043, -0.942593748999968, 0.0 ], [ 103.280446180000069, -0.940893138999968, 0.0 ], [ 103.281309710000073, -0.940197118999947, 0.0 ], [ 103.28077333300007, -0.943751665999969, 0.0 ], [ 103.283293333000074, -0.943384998999932, 0.0 ], [ 103.285173540000073, -0.938082118999944, 0.0 ], [ 103.285260160000064, -0.938006458999951, 0.0 ], [ 103.286564837000071, -0.936866861999931, 0.0 ], [ 103.288128868000058, -0.93550072599993, 0.0 ], [ 103.289113237000038, -0.934640902999945, 0.0 ], [ 103.289622010000073, -0.934196498999938, 0.0 ], [ 103.290097929000069, -0.933780801999944, 0.0 ], [ 103.290159480000057, -0.933727038999962, 0.0 ], [ 103.290873680000061, -0.933103208999967, 0.0 ], [ 103.291389120000076, -0.93251179899994, 0.0 ], [ 103.29194201200005, -0.931877420999967, 0.0 ], [ 103.292256087000055, -0.931517056999951, 0.0 ], [ 103.292616410000051, -0.931103628999949, 0.0 ], [ 103.293539670000087, -0.93088451899996, 0.0 ], [ 103.294592453000064, -0.930634669999961, 0.0 ], [ 103.296213333000082, -0.930249998999955, 0.0 ], [ 103.296229610000069, -0.929161748999945, 0.0 ], [ 103.298280688000034, -0.927848136999955, 0.0 ], [ 103.299846335000041, -0.92684541899996, 0.0 ], [ 103.299835993000045, -0.924800441999935, 0.0 ], [ 103.299815124000077, -0.920673706999935, 0.0 ], [ 103.299796721000064, -0.917034767999951, 0.0 ], [ 103.30280891700005, -0.916572314999939, 0.0 ], [ 103.305804542000033, -0.916112405999968, 0.0 ], [ 103.305849464000062, -0.915923262999968, 0.0 ], [ 103.306201864000059, -0.915432252999949, 0.0 ], [ 103.31075076500008, -0.909094116999938, 0.0 ], [ 103.310769912000069, -0.909041092999928, 0.0 ], [ 103.314096560000053, -0.905713768999931, 0.0 ], [ 103.32169646300008, -0.89786328799994, 0.0 ], [ 103.324705957000049, -0.89475456699995, 0.0 ], [ 103.324787341000047, -0.894648140999948, 0.0 ], [ 103.324812149000081, -0.894644872999947, 0.0 ], [ 103.327121756000054, -0.89434061299994, 0.0 ], [ 103.327577946000076, -0.894280515999981, 0.0 ], [ 103.332440617000088, -0.893411584999967, 0.0 ], [ 103.333528873000034, -0.892910853999979, 0.0 ], [ 103.338624897000045, -0.891120680999961, 0.0 ], [ 103.342768100000058, -0.889454528999977, 0.0 ], [ 103.346887545000072, -0.887212835999946, 0.0 ], [ 103.349528026000087, -0.885033723999925, 0.0 ], [ 103.351151215000073, -0.883261030999961, 0.0 ], [ 103.354653661000043, -0.882737050999935, 0.0 ], [ 103.35393212300005, -0.881809358999931, 0.0 ], [ 103.351771588000076, -0.879771581999933, 0.0 ], [ 103.353837510000062, -0.876623973999926, 0.0 ], [ 103.352867270000047, -0.876254867999933, 0.0 ], [ 103.347848860000056, -0.874428858999977, 0.0 ], [ 103.340508310000075, -0.87393297899996, 0.0 ], [ 103.339036880000037, -0.873833568999942, 0.0 ], [ 103.33576325000007, -0.875014848999967, 0.0 ], [ 103.334604167000066, -0.874837372999934, 0.0 ], [ 103.33184957900005, -0.874415596999938, 0.0 ], [ 103.332032784000035, -0.874427219999973, 0.0 ], [ 103.332968556000083, -0.873491447999925, 0.0 ], [ 103.335675610000067, -0.870717552999963, 0.0 ], [ 103.341063332000033, -0.87126391399994, 0.0 ], [ 103.347539859000051, -0.871920687999932, 0.0 ], [ 103.348475631000042, -0.868645486999981, 0.0 ], [ 103.348534347000054, -0.868574760999934, 0.0 ], [ 103.352198333000047, -0.868728331999932, 0.0 ], [ 103.354333023000038, -0.866403950999938, 0.0 ], [ 103.356246035000083, -0.864070496999943, 0.0 ], [ 103.360370871000043, -0.867343612999946, 0.0 ], [ 103.36094980300004, -0.866999530999976, 0.0 ], [ 103.36096600500008, -0.866981237999937, 0.0 ], [ 103.364739690000079, -0.870090828999935, 0.0 ], [ 103.37197834300008, -0.87704793599994, 0.0 ], [ 103.36803481700008, -0.880570453999951, 0.0 ], [ 103.368020508000086, -0.88058323499996, 0.0 ], [ 103.368014290000076, -0.880588788999944, 0.0 ], [ 103.368487021000078, -0.881023095999979, 0.0 ], [ 103.368522204000044, -0.881055418999949, 0.0 ], [ 103.371750770000062, -0.884021558999962, 0.0 ], [ 103.372125407000055, -0.884365743999979, 0.0 ], [ 103.372242955000047, -0.88447373799994, 0.0 ], [ 103.37308745200005, -0.88524959199998, 0.0 ], [ 103.373322320000057, -0.885465368999974, 0.0 ], [ 103.373340220000046, -0.885475739999947, 0.0 ], [ 103.376932510000074, -0.887557078999976, 0.0 ], [ 103.376111600000058, -0.888052388999938, 0.0 ], [ 103.375185040000076, -0.888788058999978, 0.0 ], [ 103.374578910000082, -0.889355628999965, 0.0 ], [ 103.374383680000051, -0.889867288999938, 0.0 ], [ 103.374327600000072, -0.89070148899998, 0.0 ], [ 103.374647430000039, -0.891900388999943, 0.0 ], [ 103.374842200000046, -0.892419238999935, 0.0 ], [ 103.375043430000062, -0.89408076899997, 0.0 ], [ 103.374743690000059, -0.894725578999953, 0.0 ], [ 103.374283720000051, -0.89548248899996, 0.0 ], [ 103.37364972000006, -0.896050038999931, 0.0 ], [ 103.373524240000052, -0.896344408999937, 0.0 ], [ 103.372534920000078, -0.897241288999965, 0.0 ], [ 103.372360590000085, -0.897759968999935, 0.0 ], [ 103.372088690000055, -0.898432838999952, 0.0 ], [ 103.372032420000039, -0.899680638999939, 0.0 ], [ 103.371669940000061, -0.900437588999978, 0.0 ], [ 103.370959110000058, -0.901516848999961, 0.0 ], [ 103.370548080000049, -0.901839138999946, 0.0 ], [ 103.37025538000006, -0.902301688999955, 0.0 ], [ 103.370032270000081, -0.902862408999965, 0.0 ], [ 103.369669940000051, -0.903303888999972, 0.0 ], [ 103.369258780000052, -0.903913598999964, 0.0 ], [ 103.368701320000071, -0.904628388999924, 0.0 ], [ 103.368517010000062, -0.904784095999958, 0.0 ], [ 103.368352980000054, -0.904922668999973, 0.0 ], [ 103.368018690000042, -0.904943548999938, 0.0 ], [ 103.367967896000039, -0.904929726999967, 0.0 ], [ 103.367589580000072, -0.904826778999961, 0.0 ], [ 103.367579990000081, -0.904824168999937, 0.0 ], [ 103.366946260000077, -0.904802848999964, 0.0 ], [ 103.366410070000086, -0.904676428999949, 0.0 ], [ 103.366285390000087, -0.904603688999941, 0.0 ], [ 103.365484070000036, -0.904136218999952, 0.0 ], [ 103.365261240000052, -0.90409404899998, 0.0 ], [ 103.364822480000043, -0.90411488899997, 0.0 ], [ 103.364286160000063, -0.904289898999934, 0.0 ], [ 103.363603450000085, -0.904780308999932, 0.0 ], [ 103.363355460000037, -0.904994078999948, 0.0 ], [ 103.363276481000071, -0.905062156999975, 0.0 ], [ 103.363262070000076, -0.905074578999972, 0.0 ], [ 103.363066880000076, -0.905509128999938, 0.0 ], [ 103.358975810000061, -0.909086998999953, 0.0 ], [ 103.357004760000052, -0.912241098999971, 0.0 ], [ 103.355837137000037, -0.913737725999965, 0.0 ], [ 103.355440160000057, -0.914246558999935, 0.0 ], [ 103.354170780000061, -0.916195708999965, 0.0 ], [ 103.35367277000006, -0.917047728999933, 0.0 ], [ 103.352688240000077, -0.918371478999973, 0.0 ], [ 103.352276630000063, -0.918924918999949, 0.0 ], [ 103.351506800000038, -0.919634248999955, 0.0 ], [ 103.350476480000054, -0.92058359899994, 0.0 ], [ 103.349745210000037, -0.921392548999961, 0.0 ], [ 103.348167556000078, -0.923137809999957, 0.0 ], [ 103.346876550000047, -0.924565968999957, 0.0 ], [ 103.346555070000079, -0.924989838999977, 0.0 ], [ 103.344177650000063, -0.928124458999946, 0.0 ], [ 103.342500390000055, -0.93033590899995, 0.0 ], [ 103.341796174000081, -0.931347560999939, 0.0 ], [ 103.341144990000032, -0.932283028999962, 0.0 ], [ 103.339639550000072, -0.934455998999965, 0.0 ], [ 103.338399870000046, -0.936245368999948, 0.0 ], [ 103.337813890000064, -0.937249623999946, 0.0 ], [ 103.33645456000005, -0.939579248999962, 0.0 ], [ 103.335610190000068, -0.94102632299996, 0.0 ], [ 103.330878410000082, -0.949135608999939, 0.0 ], [ 103.330855800000052, -0.949165298999958, 0.0 ], [ 103.328520590000039, -0.952232208999931, 0.0 ], [ 103.323729610000044, -0.958501858999966, 0.0 ], [ 103.312453640000058, -0.962898578999955, 0.0 ], [ 103.302928050000048, -0.965339528999948, 0.0 ], [ 103.292075220000072, -0.970984828999974, 0.0 ], [ 103.292071140000076, -0.97099271899998, 0.0 ] ] ] ] } },
{ "type": "Feature", "properties": { "fid": 20462.0, "gid": null, "kdprov": "15", "kdkab": "07", "kdkec": "011", "kddesa": "015", "iddesa": "1507011015", "nmprov": "JAMBI", "nmkab": "TANJUNG JABUNG BARAT", "nmkec": "MERLUNG", "nmdesa": "TANJUNG PAKU", "luas": null, "sumber": null, "periode": null, "layer": null, "path": null, "idkec": "1507011" }, "geometry": { "type": "MultiPolygon", "coordinates": [ [ [ [ 103.059368230000075, -1.258661108999945, 0.0 ], [ 103.054487760000086, -1.248108038999931, 0.0 ], [ 103.054476847000046, -1.248084442999925, 0.0 ], [ 103.054405960000054, -1.247931178999977, 0.0 ], [ 103.054412698000078, -1.24788687399996, 0.0 ], [ 103.056071880000047, -1.236976528999946, 0.0 ], [ 103.055157690000044, -1.228793460999952, 0.0 ], [ 103.056891660000076, -1.224971788999937, 0.0 ], [ 103.058093575000044, -1.224749798999937, 0.0 ], [ 103.064521310000032, -1.223562598999933, 0.0 ], [ 103.066660670000033, -1.22337276899998, 0.0 ], [ 103.069846230000053, -1.222705198999961, 0.0 ], [ 103.07224726700008, -1.223126488999981, 0.0 ], [ 103.073839100000043, -1.223234418999937, 0.0 ], [ 103.078973530000042, -1.222903188999965, 0.0 ], [ 103.081184979000057, -1.222800507999978, 0.0 ], [ 103.083157050000068, -1.222762648999947, 0.0 ], [ 103.084703630000035, -1.222557128999938, 0.0 ], [ 103.08555597600008, -1.224941134999938, 0.0 ], [ 103.085583650000046, -1.225018538999961, 0.0 ], [ 103.085872450000068, -1.225826308999956, 0.0 ], [ 103.08691434900004, -1.227852904999963, 0.0 ], [ 103.094146635000072, -1.22695155599996, 0.0 ], [ 103.094418229000041, -1.227523332999965, 0.0 ], [ 103.094400361000055, -1.22787711999996, 0.0 ], [ 103.094264564000071, -1.228098683999974, 0.0 ], [ 103.093796422000082, -1.228506074999927, 0.0 ], [ 103.093356868000058, -1.229392329999939, 0.0 ], [ 103.093306838000046, -1.229635334999955, 0.0 ], [ 103.093092421000051, -1.229978400999926, 0.0 ], [ 103.092999508000048, -1.23014993399994, 0.0 ], [ 103.092970919000038, -1.230364349999945, 0.0 ], [ 103.092735061000042, -1.230721710999944, 0.0 ], [ 103.092170431000056, -1.231093365999925, 0.0 ], [ 103.091998898000043, -1.231171985999936, 0.0 ], [ 103.088615965000088, -1.231162712999947, 0.0 ], [ 103.09024676000007, -1.234334768999929, 0.0 ], [ 103.093183070000066, -1.243230628999925, 0.0 ], [ 103.091604476000043, -1.254721633999964, 0.0 ], [ 103.09131158200006, -1.256853683999964, 0.0 ], [ 103.090305743000044, -1.259925211999928, 0.0 ], [ 103.088825280000037, -1.263381548999973, 0.0 ], [ 103.08882, -1.263393888999929, 0.0 ], [ 103.086836683000058, -1.268024164999929, 0.0 ], [ 103.086773559000051, -1.268179375999978, 0.0 ], [ 103.093692600000054, -1.274542332999943, 0.0 ], [ 103.093001021000077, -1.274694713999963, 0.0 ], [ 103.091910759000086, -1.275770242999954, 0.0 ], [ 103.090864697000086, -1.278392764999978, 0.0 ], [ 103.092981026000075, -1.279212842999925, 0.0 ], [ 103.09172086600006, -1.280706347999967, 0.0 ], [ 103.090359966000051, -1.282426528999963, 0.0 ], [ 103.090333844000043, -1.282459548999952, 0.0 ], [ 103.079036503000054, -1.277313625999966, 0.0 ], [ 103.076496189000068, -1.273932525999953, 0.0 ], [ 103.07652504400005, -1.273900248999951, 0.0 ], [ 103.076507919000051, -1.273877618999961, 0.0 ], [ 103.071072986000047, -1.273475497999925, 0.0 ], [ 103.067174744000056, -1.27546367399998, 0.0 ], [ 103.067032733000076, -1.275186030999976, 0.0 ], [ 103.065216660000033, -1.26891674899997, 0.0 ], [ 103.064334900000063, -1.262480738999955, 0.0 ], [ 103.061403741000049, -1.26022652499995, 0.0 ], [ 103.060709230000043, -1.259692408999967, 0.0 ], [ 103.059368230000075, -1.258661108999945, 0.0 ] ] ] ] } },
{ "type": "Feature", "properties": { "fid": 20476.0, "gid": null, "kdprov": "15", "kdkab": "07", "kdkec": "011", "kddesa": "016", "iddesa": "1507011016", "nmprov": "JAMBI", "nmkab": "TANJUNG JABUNG BARAT", "nmkec": "MERLUNG", "nmdesa": "LUBUK TERAP", "luas": null, "sumber": null, "periode": null, "layer": null, "path": null, "idkec": "1507011" }, "geometry": { "type": "MultiPolygon", "coordinates": [ [ [ [ 103.025794169000051, -1.267194733999929, 0.0 ], [ 103.026161257000069, -1.267344129999969, 0.0 ], [ 103.026207620000037, -1.267362998999943, 0.0 ], [ 103.026403215000073, -1.267392771999937, 0.0 ], [ 103.026400583000054, -1.267441530999974, 0.0 ], [ 103.026399611000045, -1.267459532999965, 0.0 ], [ 103.026230780000049, -1.270586888999958, 0.0 ], [ 103.02622966000007, -1.272057138999969, 0.0 ], [ 103.026224040000045, -1.279420198999958, 0.0 ], [ 103.026974510000059, -1.294744198999979, 0.0 ], [ 103.026962960000048, -1.295095268999944, 0.0 ], [ 103.026962840000067, -1.29509558899997, 0.0 ], [ 103.010690055000055, -1.288870089999932, 0.0 ], [ 103.010510190000048, -1.288801278999927, 0.0 ], [ 103.010479181000051, -1.287957552999956, 0.0 ], [ 103.007560312000066, -1.286993522999978, 0.0 ], [ 103.007234943000071, -1.286886061999951, 0.0 ], [ 103.007126507000066, -1.28664105699994, 0.0 ], [ 103.003185879000057, -1.277737467999941, 0.0 ], [ 103.002942963000066, -1.277188614999943, 0.0 ], [ 103.003022388000034, -1.276898843999959, 0.0 ], [ 103.003242381000064, -1.27609623099994, 0.0 ], [ 103.006627588000072, -1.263745807999953, 0.0 ], [ 103.006627588000072, -1.259971859999951, 0.0 ], [ 103.006627588000072, -1.259670204999964, 0.0 ], [ 103.006627588000072, -1.259372846999952, 0.0 ], [ 103.006764228000065, -1.259107764999953, 0.0 ], [ 103.006845640000051, -1.258949825999935, 0.0 ], [ 103.00924198000007, -1.254300924999939, 0.0 ], [ 103.008708760000047, -1.239799838999943, 0.0 ], [ 103.008358230000056, -1.238712008999926, 0.0 ], [ 103.007496777000085, -1.23595469199995, 0.0 ], [ 103.003161770000077, -1.22207930899998, 0.0 ], [ 103.006457530000034, -1.216854588999979, 0.0 ], [ 103.009159150000073, -1.211509788999933, 0.0 ], [ 103.010958380000034, -1.209808188999943, 0.0 ], [ 103.013190660000078, -1.207697018999966, 0.0 ], [ 103.017711700000064, -1.206005258999937, 0.0 ], [ 103.01822839600004, -1.209324863999939, 0.0 ], [ 103.017742281000039, -1.213544335999927, 0.0 ], [ 103.016621124000039, -1.223275977999947, 0.0 ], [ 103.018533041000069, -1.227361440999971, 0.0 ], [ 103.022283026000082, -1.235374567999941, 0.0 ], [ 103.023121060000051, -1.240758668999945, 0.0 ], [ 103.025271800000041, -1.249116278999963, 0.0 ], [ 103.027460080000083, -1.25684709899997, 0.0 ], [ 103.026959540000064, -1.260852818999979, 0.0 ], [ 103.02692944000006, -1.261093728999924, 0.0 ], [ 103.026924060000056, -1.261136738999937, 0.0 ], [ 103.026923471000032, -1.261141453999926, 0.0 ], [ 103.026490877000072, -1.261123428999952, 0.0 ], [ 103.026473982000084, -1.26122556699994, 0.0 ], [ 103.025985572000081, -1.264178221999941, 0.0 ], [ 103.025962221000043, -1.264546228999961, 0.0 ], [ 103.025794169000051, -1.267194733999929, 0.0 ] ] ] ] } },
{ "type": "Feature", "properties": { "fid": 19967.0, "gid": null, "kdprov": "15", "kdkab": "07", "kdkec": "031", "kddesa": "008", "iddesa": "1507031008", "nmprov": "JAMBI", "nmkab": "TANJUNG JABUNG BARAT", "nmkec": "BRAM ITAM", "nmdesa": "BRAM ITAM RAYA", "luas": null, "sumber": null, "periode": null, "layer": null, "path": null, "idkec": "1507031" }, "geometry": { "type": "MultiPolygon", "coordinates": [ [ [ [ 103.353272050000044, -0.975276508999968, 0.0 ], [ 103.352851240000064, -0.976865719999978, 0.0 ], [ 103.352717020000057, -0.977372608999929, 0.0 ], [ 103.352542204000088, -0.977648645999977, 0.0 ], [ 103.33898423800008, -0.98345395399997, 0.0 ], [ 103.338750823000055, -0.985048956999947, 0.0 ], [ 103.339217653000048, -0.989444938999952, 0.0 ], [ 103.34120168000004, -0.992810071999941, 0.0 ], [ 103.341203083000039, -0.992814568999961, 0.0 ], [ 103.341503561000081, -0.993777868999928, 0.0 ], [ 103.341817512000034, -0.994581890999939, 0.0 ], [ 103.338411680000036, -0.999960438999949, 0.0 ], [ 103.337808840000037, -1.003095348999977, 0.0 ], [ 103.337745220000045, -1.003426008999952, 0.0 ], [ 103.334545920000039, -1.020054848999962, 0.0 ], [ 103.333300560000055, -1.027388008999935, 0.0 ], [ 103.333259850000047, -1.027627668999969, 0.0 ], [ 103.332179360000055, -1.033989608999946, 0.0 ], [ 103.328832870000042, -1.053693648999968, 0.0 ], [ 103.326584050000065, -1.067994498999951, 0.0 ], [ 103.326576500000044, -1.068042498999944, 0.0 ], [ 103.325760600000081, -1.073231098999941, 0.0 ], [ 103.325760580000065, -1.073231128999964, 0.0 ], [ 103.324751497000079, -1.074881819999973, 0.0 ], [ 103.313120570000081, -1.093908068999951, 0.0 ], [ 103.313061060000052, -1.094005428999935, 0.0 ], [ 103.313060700000051, -1.094005368999944, 0.0 ], [ 103.301512710000054, -1.112895358999936, 0.0 ], [ 103.294146260000048, -1.124512468999967, 0.0 ], [ 103.293839460000072, -1.124996278999959, 0.0 ], [ 103.290177590000042, -1.130770878999954, 0.0 ], [ 103.290177370000038, -1.130771218999939, 0.0 ], [ 103.289802960000088, -1.130904168999962, 0.0 ], [ 103.287139310000043, -1.131850008999947, 0.0 ], [ 103.28420852000005, -1.132890698999972, 0.0 ], [ 103.279145340000071, -1.134688798999946, 0.0 ], [ 103.264203630000054, -1.13587618899993, 0.0 ], [ 103.256724490000067, -1.135838728999943, 0.0 ], [ 103.244070690000058, -1.135775638999974, 0.0 ], [ 103.244070690000058, -1.135775318999947, 0.0 ], [ 103.24407092000007, -1.135775298999931, 0.0 ], [ 103.244044310000049, -1.134223668999937, 0.0 ], [ 103.244032150000066, -1.133513568999945, 0.0 ], [ 103.243990050000036, -1.131060738999963, 0.0 ], [ 103.243517860000054, -1.103543798999965, 0.0 ], [ 103.243082670000035, -1.078183618999958, 0.0 ], [ 103.269296790000055, -1.028441748999967, 0.0 ], [ 103.270351930000061, -1.026441728999941, 0.0 ], [ 103.27609663000004, -1.001898308999955, 0.0 ], [ 103.284421560000055, -0.985789498999964, 0.0 ], [ 103.292071140000076, -0.97099271899998, 0.0 ], [ 103.292075220000072, -0.970984828999974, 0.0 ], [ 103.302928050000048, -0.965339528999948, 0.0 ], [ 103.312453640000058, -0.962898578999955, 0.0 ], [ 103.323729610000044, -0.958501858999966, 0.0 ], [ 103.328520590000039, -0.952232208999931, 0.0 ], [ 103.330855800000052, -0.949165298999958, 0.0 ], [ 103.330878410000082, -0.949135608999939, 0.0 ], [ 103.335610190000068, -0.94102632299996, 0.0 ], [ 103.33645456000005, -0.939579248999962, 0.0 ], [ 103.337813890000064, -0.937249623999946, 0.0 ], [ 103.338399870000046, -0.936245368999948, 0.0 ], [ 103.339639550000072, -0.934455998999965, 0.0 ], [ 103.341144990000032, -0.932283028999962, 0.0 ], [ 103.341796174000081, -0.931347560999939, 0.0 ], [ 103.342500390000055, -0.93033590899995, 0.0 ], [ 103.344177650000063, -0.928124458999946, 0.0 ], [ 103.346555070000079, -0.924989838999977, 0.0 ], [ 103.346876550000047, -0.924565968999957, 0.0 ], [ 103.348167556000078, -0.923137809999957, 0.0 ], [ 103.349745210000037, -0.921392548999961, 0.0 ], [ 103.350476480000054, -0.92058359899994, 0.0 ], [ 103.351506800000038, -0.919634248999955, 0.0 ], [ 103.352276630000063, -0.918924918999949, 0.0 ], [ 103.352688240000077, -0.918371478999973, 0.0 ], [ 103.35367277000006, -0.917047728999933, 0.0 ], [ 103.354170780000061, -0.916195708999965, 0.0 ], [ 103.355440160000057, -0.914246558999935, 0.0 ], [ 103.355837137000037, -0.913737725999965, 0.0 ], [ 103.357004760000052, -0.912241098999971, 0.0 ], [ 103.358975810000061, -0.909086998999953, 0.0 ], [ 103.363066880000076, -0.905509128999938, 0.0 ], [ 103.363262070000076, -0.905074578999972, 0.0 ], [ 103.363276481000071, -0.905062156999975, 0.0 ], [ 103.363355460000037, -0.904994078999948, 0.0 ], [ 103.363603450000085, -0.904780308999932, 0.0 ], [ 103.364286160000063, -0.904289898999934, 0.0 ], [ 103.364822480000043, -0.90411488899997, 0.0 ], [ 103.365261240000052, -0.90409404899998, 0.0 ], [ 103.365484070000036, -0.904136218999952, 0.0 ], [ 103.366285390000087, -0.904603688999941, 0.0 ], [ 103.366410070000086, -0.904676428999949, 0.0 ], [ 103.366946260000077, -0.904802848999964, 0.0 ], [ 103.367579990000081, -0.904824168999937, 0.0 ], [ 103.367589580000072, -0.904826778999961, 0.0 ], [ 103.367967896000039, -0.904929726999967, 0.0 ], [ 103.368018690000042, -0.904943548999938, 0.0 ], [ 103.368352980000054, -0.904922668999973, 0.0 ], [ 103.368517010000062, -0.904784095999958, 0.0 ], [ 103.368701320000071, -0.904628388999924, 0.0 ], [ 103.369258780000052, -0.903913598999964, 0.0 ], [ 103.369669940000051, -0.903303888999972, 0.0 ], [ 103.370032270000081, -0.902862408999965, 0.0 ], [ 103.37025538000006, -0.902301688999955, 0.0 ], [ 103.370548080000049, -0.901839138999946, 0.0 ], [ 103.370959110000058, -0.901516848999961, 0.0 ], [ 103.371669940000061, -0.900437588999978, 0.0 ], [ 103.372032420000039, -0.899680638999939, 0.0 ], [ 103.372088690000055, -0.898432838999952, 0.0 ], [ 103.372360590000085, -0.897759968999935, 0.0 ], [ 103.372534920000078, -0.897241288999965, 0.0 ], [ 103.373524240000052, -0.896344408999937, 0.0 ], [ 103.37364972000006, -0.896050038999931, 0.0 ], [ 103.374283720000051, -0.89548248899996, 0.0 ], [ 103.374743690000059, -0.894725578999953, 0.0 ], [ 103.375043430000062, -0.89408076899997, 0.0 ], [ 103.374842200000046, -0.892419238999935, 0.0 ], [ 103.374647430000039, -0.891900388999943, 0.0 ], [ 103.374327600000072, -0.89070148899998, 0.0 ], [ 103.374383680000051, -0.889867288999938, 0.0 ], [ 103.374578910000082, -0.889355628999965, 0.0 ], [ 103.375185040000076, -0.888788058999978, 0.0 ], [ 103.376111600000058, -0.888052388999938, 0.0 ], [ 103.376932510000074, -0.887557078999976, 0.0 ], [ 103.377435150000053, -0.88725379899995, 0.0 ], [ 103.37841018000006, -0.887156088999973, 0.0 ], [ 103.379308660000049, -0.886932158999969, 0.0 ], [ 103.379989400000056, -0.886702198999956, 0.0 ], [ 103.380158430000051, -0.886645108999971, 0.0 ], [ 103.380212110000059, -0.886621428999945, 0.0 ], [ 103.380804752000074, -0.888181068999927, 0.0 ], [ 103.381313010000042, -0.889518638999959, 0.0 ], [ 103.381418871000051, -0.889490538999951, 0.0 ], [ 103.381525211000053, -0.889462311999978, 0.0 ], [ 103.385129267000082, -0.888505652999925, 0.0 ], [ 103.387055992000057, -0.887994222999964, 0.0 ], [ 103.38706183100004, -0.887999582999953, 0.0 ], [ 103.387077048000037, -0.887986177999949, 0.0 ], [ 103.387079254000071, -0.887992408999935, 0.0 ], [ 103.389062637000052, -0.887972624999975, 0.0 ], [ 103.390036991000045, -0.887955615999942, 0.0 ], [ 103.390048956000044, -0.888230803999932, 0.0 ], [ 103.390117983000039, -0.889174172999958, 0.0 ], [ 103.390121200000067, -0.889178524999977, 0.0 ], [ 103.390087432000087, -0.88916553699994, 0.0 ], [ 103.390451140000039, -0.89601418899997, 0.0 ], [ 103.390562973000044, -0.89811556799998, 0.0 ], [ 103.390560676000064, -0.898120989999939, 0.0 ], [ 103.390592652000066, -0.898582866999959, 0.0 ], [ 103.390693208000073, -0.900035337999952, 0.0 ], [ 103.39190753400004, -0.900001066999948, 0.0 ], [ 103.39569520100008, -0.899894171999961, 0.0 ], [ 103.398479881000071, -0.899815582999963, 0.0 ], [ 103.398519948000057, -0.89981445199993, 0.0 ], [ 103.398559542000044, -0.898125101999938, 0.0 ], [ 103.398564125000064, -0.897929554999962, 0.0 ], [ 103.398559990000081, -0.897927958999958, 0.0 ], [ 103.398661622000077, -0.895180245999939, 0.0 ], [ 103.398743509000042, -0.892966357999967, 0.0 ], [ 103.398809053000036, -0.892957808999938, 0.0 ], [ 103.404753448000065, -0.893444167999974, 0.0 ], [ 103.405457991000048, -0.893501811999954, 0.0 ], [ 103.405504835000045, -0.893505644999948, 0.0 ], [ 103.405486456000062, -0.894213247999971, 0.0 ], [ 103.405477336000047, -0.894564387999935, 0.0 ], [ 103.405474763000086, -0.894663445999925, 0.0 ], [ 103.406964745000039, -0.89482028599997, 0.0 ], [ 103.407162380000045, -0.895413191999978, 0.0 ], [ 103.404950328000041, -0.895315312999969, 0.0 ], [ 103.404930723000064, -0.899589209999931, 0.0 ], [ 103.405161082000063, -0.899558494999951, 0.0 ], [ 103.405161082000063, -0.899603912999964, 0.0 ], [ 103.413038604000064, -0.899314297999979, 0.0 ], [ 103.413476802000048, -0.899298187999932, 0.0 ], [ 103.417958032000058, -0.905825292999964, 0.0 ], [ 103.419016940000063, -0.907367638999972, 0.0 ], [ 103.41901708000006, -0.907367828999952, 0.0 ], [ 103.420764690000055, -0.909664468999949, 0.0 ], [ 103.421174080000071, -0.91087829099996, 0.0 ], [ 103.421194980000053, -0.910940258999972, 0.0 ], [ 103.421176200000048, -0.910995778999961, 0.0 ], [ 103.421124220000081, -0.911149448999936, 0.0 ], [ 103.420799650000049, -0.912108978999925, 0.0 ], [ 103.420763560000069, -0.912215668999977, 0.0 ], [ 103.420022810000034, -0.912423678999971, 0.0 ], [ 103.420003570000063, -0.912429078999935, 0.0 ], [ 103.419973550000066, -0.912437508999972, 0.0 ], [ 103.419945150000046, -0.912445488999936, 0.0 ], [ 103.419805970000084, -0.912484568999957, 0.0 ], [ 103.419797460000041, -0.912486958999978, 0.0 ], [ 103.419774640000071, -0.912493368999947, 0.0 ], [ 103.419774610000047, -0.912493368999947, 0.0 ], [ 103.41975541000005, -0.912493228999949, 0.0 ], [ 103.419404430000043, -0.912490538999975, 0.0 ], [ 103.419401400000083, -0.912490515999934, 0.0 ], [ 103.416581660000077, -0.912468918999934, 0.0 ], [ 103.412576500000057, -0.91422745899996, 0.0 ], [ 103.412270333000038, -0.914466540999967, 0.0 ], [ 103.41144507000007, -0.915110978999962, 0.0 ], [ 103.410421490000033, -0.915910298999961, 0.0 ], [ 103.410015560000033, -0.916905038999971, 0.0 ], [ 103.410427060000075, -0.919886948999931, 0.0 ], [ 103.410440403000052, -0.91998394899997, 0.0 ], [ 103.41044504000007, -0.920017658999939, 0.0 ], [ 103.410038640000039, -0.92205834899994, 0.0 ], [ 103.410038630000088, -0.922058378999964, 0.0 ], [ 103.409877357000084, -0.922294282999928, 0.0 ], [ 103.409866080000086, -0.922310778999929, 0.0 ], [ 103.409480680000058, -0.922874528999955, 0.0 ], [ 103.408984110000063, -0.923098918999926, 0.0 ], [ 103.407224500000041, -0.923894068999971, 0.0 ], [ 103.406911860000037, -0.924175738999963, 0.0 ], [ 103.406007590000058, -0.924990428999934, 0.0 ], [ 103.405128019000074, -0.92689181999998, 0.0 ], [ 103.404992840000034, -0.92718403899994, 0.0 ], [ 103.404966800000068, -0.92874016899998, 0.0 ], [ 103.405166610000038, -0.929319278999969, 0.0 ], [ 103.405359540000063, -0.929878428999928, 0.0 ], [ 103.405360580000035, -0.929881438999928, 0.0 ], [ 103.405371780000053, -0.929913918999944, 0.0 ], [ 103.40647811000008, -0.930743108999934, 0.0 ], [ 103.406485380000049, -0.930748558999937, 0.0 ], [ 103.40649465000007, -0.930755508999937, 0.0 ], [ 103.406569280000042, -0.930811438999967, 0.0 ], [ 103.406572330000074, -0.930813908999937, 0.0 ], [ 103.405548510000074, -0.931656088999944, 0.0 ], [ 103.400403530000062, -0.930994558999942, 0.0 ], [ 103.387541304000081, -0.929179923999925, 0.0 ], [ 103.38653491000008, -0.929037938999954, 0.0 ], [ 103.386406470000054, -0.929019878999952, 0.0 ], [ 103.386335660000043, -0.92900992899996, 0.0 ], [ 103.381820043000062, -0.92978484899993, 0.0 ], [ 103.381215120000036, -0.929888658999971, 0.0 ], [ 103.377919180000049, -0.930454288999954, 0.0 ], [ 103.369774960000086, -0.932465708999928, 0.0 ], [ 103.368679800000052, -0.933399948999977, 0.0 ], [ 103.368132400000036, -0.933866918999968, 0.0 ], [ 103.367263880000053, -0.934607808999942, 0.0 ], [ 103.366718460000072, -0.935073088999957, 0.0 ], [ 103.366433860000086, -0.935315878999972, 0.0 ], [ 103.365461850000088, -0.936145058999955, 0.0 ], [ 103.365046301000064, -0.936499547999972, 0.0 ], [ 103.364970010000036, -0.936564628999975, 0.0 ], [ 103.364250030000051, -0.937178818999939, 0.0 ], [ 103.363292290000061, -0.937995828999931, 0.0 ], [ 103.363099820000059, -0.93816002899996, 0.0 ], [ 103.363094015000058, -0.938181951999979, 0.0 ], [ 103.361537962000057, -0.938756284999954, 0.0 ], [ 103.356883355000036, -0.940474278999943, 0.0 ], [ 103.35301478000008, -0.942701349999936, 0.0 ], [ 103.35097969800006, -0.944371651999973, 0.0 ], [ 103.34716872000007, -0.946464330999959, 0.0 ], [ 103.347264346000088, -0.95057626199997, 0.0 ], [ 103.347264714000062, -0.950592090999976, 0.0 ], [ 103.34636236700004, -0.952953552999929, 0.0 ], [ 103.346542358000079, -0.955702513999938, 0.0 ], [ 103.346784742000068, -0.959404377999931, 0.0 ], [ 103.349551919000078, -0.96258897599995, 0.0 ], [ 103.349612852000064, -0.962659099999939, 0.0 ], [ 103.351177649000078, -0.96529884399996, 0.0 ], [ 103.351380118000066, -0.966221897999958, 0.0 ], [ 103.351554847000045, -0.967525088999935, 0.0 ], [ 103.355614823000053, -0.966428913999948, 0.0 ], [ 103.355606450000039, -0.96646052899996, 0.0 ], [ 103.355252840000048, -0.967795978999959, 0.0 ], [ 103.35443090800004, -0.970900034999943, 0.0 ], [ 103.353272050000044, -0.975276508999968, 0.0 ] ] ] ] } },
{ "type": "Feature", "properties": { "fid": 20000.0, "gid": null, "kdprov": "15", "kdkab": "07", "kdkec": "031", "kddesa": "009", "iddesa": "1507031009", "nmprov": "JAMBI", "nmkab": "TANJUNG JABUNG BARAT", "nmkec": "BRAM ITAM", "nmdesa": "MEKAR TANJUNG", "luas": null, "sumber": null, "periode": null, "layer": null, "path": null, "idkec": "1507031" }, "geometry": { "type": "MultiPolygon", "coordinates": [ [ [ [ 103.32111502500004, -0.857865456999946, 0.0 ], [ 103.322404540000036, -0.854798188999951, 0.0 ], [ 103.323712213000078, -0.852035502999968, 0.0 ], [ 103.324521990000051, -0.850324698999941, 0.0 ], [ 103.328362290000086, -0.846928678999973, 0.0 ], [ 103.329625756000041, -0.844963482999958, 0.0 ], [ 103.331168990000037, -0.842563138999935, 0.0 ], [ 103.333346120000044, -0.837419668999928, 0.0 ], [ 103.334828970000046, -0.835885058999963, 0.0 ], [ 103.338787341000057, -0.834853666999948, 0.0 ], [ 103.340617544000054, -0.834376789999965, 0.0 ], [ 103.342217601000073, -0.840852601999927, 0.0 ], [ 103.342344482000044, -0.841233244999955, 0.0 ], [ 103.342353545000037, -0.842048907999924, 0.0 ], [ 103.345068577000063, -0.844875981999962, 0.0 ], [ 103.345190879000086, -0.844878964999964, 0.0 ], [ 103.345186330000047, -0.844928998999933, 0.0 ], [ 103.350984929000049, -0.851059808999935, 0.0 ], [ 103.352353574000063, -0.852081466999948, 0.0 ], [ 103.358208810000065, -0.856452248999972, 0.0 ], [ 103.358220870000082, -0.856441865999955, 0.0 ], [ 103.358814238000036, -0.857035233999966, 0.0 ], [ 103.358798705000083, -0.857057618999931, 0.0 ], [ 103.360582178000072, -0.858744687999945, 0.0 ], [ 103.363523175000068, -0.86085017399995, 0.0 ], [ 103.364427808000073, -0.86169706499993, 0.0 ], [ 103.365054774000043, -0.862284010999929, 0.0 ], [ 103.365093935000061, -0.862320672999942, 0.0 ], [ 103.365084243000069, -0.862331615999949, 0.0 ], [ 103.364290164000067, -0.863228155999934, 0.0 ], [ 103.36096600500008, -0.866981237999937, 0.0 ], [ 103.36094980300004, -0.866999530999976, 0.0 ], [ 103.360370871000043, -0.867343612999946, 0.0 ], [ 103.356246035000083, -0.864070496999943, 0.0 ], [ 103.354333023000038, -0.866403950999938, 0.0 ], [ 103.352198333000047, -0.868728331999932, 0.0 ], [ 103.348534347000054, -0.868574760999934, 0.0 ], [ 103.348475631000042, -0.868645486999981, 0.0 ], [ 103.347539859000051, -0.871920687999932, 0.0 ], [ 103.341063332000033, -0.87126391399994, 0.0 ], [ 103.335675610000067, -0.870717552999963, 0.0 ], [ 103.332968556000083, -0.873491447999925, 0.0 ], [ 103.332032784000035, -0.874427219999973, 0.0 ], [ 103.33184957900005, -0.874415596999938, 0.0 ], [ 103.326249131000054, -0.873558068999955, 0.0 ], [ 103.316425113000037, -0.872053837999943, 0.0 ], [ 103.321213008000086, -0.858869778999974, 0.0 ], [ 103.32111502500004, -0.857865456999946, 0.0 ] ] ] ] } },
{ "type": "Feature", "properties": { "fid": 20060.0, "gid": null, "kdprov": "15", "kdkab": "07", "kdkec": "031", "kddesa": "006", "iddesa": "1507031006", "nmprov": "JAMBI", "nmkab": "TANJUNG JABUNG BARAT", "nmkec": "BRAM ITAM", "nmdesa": "KEMUNING", "luas": null, "sumber": null, "periode": null, "layer": null, "path": null, "idkec": "1507031" }, "geometry": { "type": "MultiPolygon", "coordinates": [ [ [ [ 103.37197834300008, -0.87704793599994, 0.0 ], [ 103.364739690000079, -0.870090828999935, 0.0 ], [ 103.36096600500008, -0.866981237999937, 0.0 ], [ 103.364290164000067, -0.863228155999934, 0.0 ], [ 103.365084243000069, -0.862331615999949, 0.0 ], [ 103.365093935000061, -0.862320672999942, 0.0 ], [ 103.365054774000043, -0.862284010999929, 0.0 ], [ 103.364427808000073, -0.86169706499993, 0.0 ], [ 103.368298684000081, -0.857561860999965, 0.0 ], [ 103.368172894000054, -0.857451275999949, 0.0 ], [ 103.366954702000044, -0.856380337999951, 0.0 ], [ 103.367994036000084, -0.855363116999968, 0.0 ], [ 103.368617920000077, -0.854752507999933, 0.0 ], [ 103.368871897000076, -0.854637880999974, 0.0 ], [ 103.370695547000082, -0.853814817999933, 0.0 ], [ 103.371199313000034, -0.853587453999978, 0.0 ], [ 103.373048657000083, -0.852752794999958, 0.0 ], [ 103.375000401000079, -0.850722980999933, 0.0 ], [ 103.375009160000047, -0.850713871999972, 0.0 ], [ 103.371198076000042, -0.846866491999947, 0.0 ], [ 103.37122233000008, -0.846850273999962, 0.0 ], [ 103.37125941000005, -0.846825478999961, 0.0 ], [ 103.36960281000006, -0.845189278999953, 0.0 ], [ 103.369602280000038, -0.845188758999939, 0.0 ], [ 103.365905730000065, -0.843119458999979, 0.0 ], [ 103.361881350000033, -0.839065008999967, 0.0 ], [ 103.36179347500007, -0.838816994999945, 0.0 ], [ 103.361365301000035, -0.834638831999939, 0.0 ], [ 103.36128373400004, -0.833836762999965, 0.0 ], [ 103.361401552000075, -0.833147980999968, 0.0 ], [ 103.361392490000071, -0.832495449999954, 0.0 ], [ 103.361555622000083, -0.832051365999973, 0.0 ], [ 103.36161, -0.83130820599996, 0.0 ], [ 103.361564685000076, -0.830963814999961, 0.0 ], [ 103.361466239000038, -0.82750845399994, 0.0 ], [ 103.361541550000084, -0.82748321899993, 0.0 ], [ 103.366969641000082, -0.827098209999974, 0.0 ], [ 103.368430747000048, -0.826994574999958, 0.0 ], [ 103.370181040000034, -0.826870428999939, 0.0 ], [ 103.375812008000082, -0.826471023999943, 0.0 ], [ 103.376413650000075, -0.826428348999968, 0.0 ], [ 103.376643060000049, -0.826412078999965, 0.0 ], [ 103.377848400000062, -0.834066278999956, 0.0 ], [ 103.38569423000007, -0.846392528999957, 0.0 ], [ 103.389639529000078, -0.851233167999965, 0.0 ], [ 103.390078216000063, -0.85177140899998, 0.0 ], [ 103.390535850000049, -0.852332898999975, 0.0 ], [ 103.39056426500008, -0.852300721999939, 0.0 ], [ 103.390576412000087, -0.852286966999941, 0.0 ], [ 103.392542546000072, -0.854834392999976, 0.0 ], [ 103.394433961000061, -0.857285008999952, 0.0 ], [ 103.385902490000035, -0.86554227299996, 0.0 ], [ 103.385784070000057, -0.865636117999941, 0.0 ], [ 103.381645824000088, -0.868915570999945, 0.0 ], [ 103.380327600000044, -0.869960228999958, 0.0 ], [ 103.378158567000071, -0.871780405999971, 0.0 ], [ 103.373481940000033, -0.875704868999946, 0.0 ], [ 103.371992400000067, -0.877035378999949, 0.0 ], [ 103.37197834300008, -0.87704793599994, 0.0 ] ] ] ] } },
{ "type": "Feature", "properties": { "fid": 19964.0, "gid": null, "kdprov": "15", "kdkab": "07", "kdkec": "031", "kddesa": "007", "iddesa": "1507031007", "nmprov": "JAMBI", "nmkab": "TANJUNG JABUNG BARAT", "nmkec": "BRAM ITAM", "nmdesa": "PANTAI GADING", "luas": null, "sumber": null, "periode": null, "layer": null, "path": null, "idkec": "1507031" }, "geometry": { "type": "MultiPolygon", "coordinates": [ [ [ [ 103.405617150000069, -0.860851038999954, 0.0 ], [ 103.404166090000047, -0.861696248999976, 0.0 ], [ 103.402432740000052, -0.863003728999956, 0.0 ], [ 103.401007360000051, -0.864336898999966, 0.0 ], [ 103.400370950000081, -0.864932138999961, 0.0 ], [ 103.399622420000071, -0.865579318999949, 0.0 ], [ 103.399713950000034, -0.866451498999936, 0.0 ], [ 103.400632160000043, -0.868116888999964, 0.0 ], [ 103.400828610000076, -0.869213748999925, 0.0 ], [ 103.400814780000076, -0.870878738999977, 0.0 ], [ 103.400643098000046, -0.871604654999942, 0.0 ], [ 103.400504780000063, -0.872189498999944, 0.0 ], [ 103.400499160000038, -0.872213248999969, 0.0 ], [ 103.400452071000075, -0.872365096999943, 0.0 ], [ 103.400183670000047, -0.873230608999961, 0.0 ], [ 103.399710680000055, -0.874208258999943, 0.0 ], [ 103.399419520000038, -0.874626573999933, 0.0 ], [ 103.398945730000037, -0.875307278999969, 0.0 ], [ 103.398883150000074, -0.875397188999955, 0.0 ], [ 103.398079266000082, -0.87632119999995, 0.0 ], [ 103.398076390000085, -0.876324505999946, 0.0 ], [ 103.39797666000004, -0.876439138999956, 0.0 ], [ 103.397596040000053, -0.87687662899998, 0.0 ], [ 103.397263247000069, -0.87729810999997, 0.0 ], [ 103.396532347000061, -0.878223791999972, 0.0 ], [ 103.396532160000049, -0.878224028999966, 0.0 ], [ 103.395941250000078, -0.878633408999974, 0.0 ], [ 103.39544292000005, -0.878723218999937, 0.0 ], [ 103.395429240000055, -0.878725688999964, 0.0 ], [ 103.394379140000069, -0.87854023899996, 0.0 ], [ 103.39309269000006, -0.878486818999932, 0.0 ], [ 103.391471795000086, -0.878498386999979, 0.0 ], [ 103.391346750000082, -0.878499278999925, 0.0 ], [ 103.390099510000084, -0.878842308999936, 0.0 ], [ 103.388313920000087, -0.879489028999956, 0.0 ], [ 103.38677725000008, -0.880142428999932, 0.0 ], [ 103.385196030000088, -0.880947928999944, 0.0 ], [ 103.384680580000065, -0.88116501899998, 0.0 ], [ 103.383900370000049, -0.881676428999924, 0.0 ], [ 103.383363970000062, -0.882026718999953, 0.0 ], [ 103.382311550000054, -0.883933058999958, 0.0 ], [ 103.381677240000045, -0.885243708999951, 0.0 ], [ 103.38123126000005, -0.885860428999933, 0.0 ], [ 103.380555460000039, -0.886470028999952, 0.0 ], [ 103.380212110000059, -0.886621428999945, 0.0 ], [ 103.380158430000051, -0.886645108999971, 0.0 ], [ 103.379989400000056, -0.886702198999956, 0.0 ], [ 103.379308660000049, -0.886932158999969, 0.0 ], [ 103.37841018000006, -0.887156088999973, 0.0 ], [ 103.377435150000053, -0.88725379899995, 0.0 ], [ 103.376932510000074, -0.887557078999976, 0.0 ], [ 103.373340220000046, -0.885475739999947, 0.0 ], [ 103.373322320000057, -0.885465368999974, 0.0 ], [ 103.37308745200005, -0.88524959199998, 0.0 ], [ 103.372242955000047, -0.88447373799994, 0.0 ], [ 103.372125407000055, -0.884365743999979, 0.0 ], [ 103.371750770000062, -0.884021558999962, 0.0 ], [ 103.368522204000044, -0.881055418999949, 0.0 ], [ 103.368487021000078, -0.881023095999979, 0.0 ], [ 103.368014290000076, -0.880588788999944, 0.0 ], [ 103.368020508000086, -0.88058323499996, 0.0 ], [ 103.36803481700008, -0.880570453999951, 0.0 ], [ 103.37197834300008, -0.87704793599994, 0.0 ], [ 103.371992400000067, -0.877035378999949, 0.0 ], [ 103.373481940000033, -0.875704868999946, 0.0 ], [ 103.378158567000071, -0.871780405999971, 0.0 ], [ 103.380327600000044, -0.869960228999958, 0.0 ], [ 103.381645824000088, -0.868915570999945, 0.0 ], [ 103.385784070000057, -0.865636117999941, 0.0 ], [ 103.385902490000035, -0.86554227299996, 0.0 ], [ 103.394433961000061, -0.857285008999952, 0.0 ], [ 103.392542546000072, -0.854834392999976, 0.0 ], [ 103.390576412000087, -0.852286966999941, 0.0 ], [ 103.39056426500008, -0.852300721999939, 0.0 ], [ 103.390535850000049, -0.852332898999975, 0.0 ], [ 103.390078216000063, -0.85177140899998, 0.0 ], [ 103.389639529000078, -0.851233167999965, 0.0 ], [ 103.38569423000007, -0.846392528999957, 0.0 ], [ 103.377848400000062, -0.834066278999956, 0.0 ], [ 103.376643060000049, -0.826412078999965, 0.0 ], [ 103.37859780000008, -0.826273428999968, 0.0 ], [ 103.381337510000037, -0.826417018999962, 0.0 ], [ 103.38134976200007, -0.826417660999937, 0.0 ], [ 103.382883130000039, -0.826497988999961, 0.0 ], [ 103.382939134000083, -0.826500922999969, 0.0 ], [ 103.382940020000035, -0.826500968999937, 0.0 ], [ 103.38540579000005, -0.826630158999933, 0.0 ], [ 103.385428110000078, -0.826631328999952, 0.0 ], [ 103.385590034000074, -0.826639812999929, 0.0 ], [ 103.387535360000072, -0.826741738999942, 0.0 ], [ 103.387535440000079, -0.826741738999942, 0.0 ], [ 103.388480600000037, -0.826880488999961, 0.0 ], [ 103.388502840000058, -0.826883748999933, 0.0 ], [ 103.390626981000082, -0.827195564999954, 0.0 ], [ 103.390636340000071, -0.827196938999975, 0.0 ], [ 103.392495830000087, -0.82746986899997, 0.0 ], [ 103.392509110000049, -0.827471818999925, 0.0 ], [ 103.394294340000044, -0.827733848999969, 0.0 ], [ 103.394874896000033, -0.827819060999957, 0.0 ], [ 103.394889600000056, -0.827821218999929, 0.0 ], [ 103.399926274000052, -0.828560565999965, 0.0 ], [ 103.401557109000066, -0.828799960999959, 0.0 ], [ 103.401576990000081, -0.828802878999966, 0.0 ], [ 103.403983230000051, -0.82915608899998, 0.0 ], [ 103.403419210000038, -0.83210781899993, 0.0 ], [ 103.403765150000083, -0.832907338999973, 0.0 ], [ 103.404964610000036, -0.833794328999943, 0.0 ], [ 103.406313720000071, -0.834338198999944, 0.0 ], [ 103.408096630000045, -0.834668788999977, 0.0 ], [ 103.410525330000041, -0.834912328999962, 0.0 ], [ 103.413763350000067, -0.835864438999977, 0.0 ], [ 103.416515470000036, -0.836397648999935, 0.0 ], [ 103.416522410000084, -0.836404288999972, 0.0 ], [ 103.417675960000054, -0.837010868999926, 0.0 ], [ 103.41796480000005, -0.837787148999951, 0.0 ], [ 103.417800330000034, -0.839320008999948, 0.0 ], [ 103.417558860000042, -0.840600578999954, 0.0 ], [ 103.417412831000036, -0.843323811999937, 0.0 ], [ 103.417410200000063, -0.84337286899995, 0.0 ], [ 103.417384060000074, -0.843860388999929, 0.0 ], [ 103.417104050000034, -0.845121538999933, 0.0 ], [ 103.416894610000043, -0.845853288999933, 0.0 ], [ 103.416769442000032, -0.846290603999933, 0.0 ], [ 103.416698670000073, -0.846537868999974, 0.0 ], [ 103.416657640000039, -0.846651788999964, 0.0 ], [ 103.416512520000083, -0.84705473799994, 0.0 ], [ 103.416401660000076, -0.847362558999976, 0.0 ], [ 103.416347340000073, -0.847513398999979, 0.0 ], [ 103.416346874000055, -0.847514692999937, 0.0 ], [ 103.416293410000037, -0.847663138999962, 0.0 ], [ 103.415483420000044, -0.848613598999975, 0.0 ], [ 103.415333160000046, -0.848668528999951, 0.0 ], [ 103.415021482000043, -0.84878247599994, 0.0 ], [ 103.414847210000062, -0.848846188999971, 0.0 ], [ 103.414464348000081, -0.848489858999926, 0.0 ], [ 103.414176650000059, -0.84822209899994, 0.0 ], [ 103.413633590000074, -0.84691498899997, 0.0 ], [ 103.412756970000032, -0.84579888899998, 0.0 ], [ 103.411542840000038, -0.845119248999936, 0.0 ], [ 103.410463470000082, -0.844876258999932, 0.0 ], [ 103.409451510000054, -0.844778818999941, 0.0 ], [ 103.406791380000072, -0.844806828999936, 0.0 ], [ 103.405779320000079, -0.844971348999934, 0.0 ], [ 103.404998420000084, -0.845485228999962, 0.0 ], [ 103.403947090000088, -0.847386378999943, 0.0 ], [ 103.403137, -0.848598788999936, 0.0 ], [ 103.402259710000067, -0.849141728999939, 0.0 ], [ 103.401613800000064, -0.849519838999925, 0.0 ], [ 103.400630270000079, -0.850606048999964, 0.0 ], [ 103.39952154000008, -0.851459358999932, 0.0 ], [ 103.399376660000087, -0.85219664899995, 0.0 ], [ 103.399450698000066, -0.852301110999974, 0.0 ], [ 103.399451880000072, -0.852302778999956, 0.0 ], [ 103.39972804000007, -0.852692468999976, 0.0 ], [ 103.400426880000055, -0.853012048999972, 0.0 ], [ 103.401949680000087, -0.853041788999974, 0.0 ], [ 103.403732510000054, -0.853585848999955, 0.0 ], [ 103.404616250000061, -0.854183138999929, 0.0 ], [ 103.404638135000084, -0.854197929999941, 0.0 ], [ 103.405283810000071, -0.854634308999948, 0.0 ], [ 103.406198940000081, -0.85582803899996, 0.0 ], [ 103.40669967000008, -0.856934268999964, 0.0 ], [ 103.406926340000041, -0.857503848999954, 0.0 ], [ 103.407267680000075, -0.858467418999965, 0.0 ], [ 103.40771071000006, -0.859243768999931, 0.0 ], [ 103.407802340000046, -0.859681128999966, 0.0 ], [ 103.407553202000088, -0.860191620999956, 0.0 ], [ 103.407552720000069, -0.860192608999967, 0.0 ], [ 103.405617150000069, -0.860851038999954, 0.0 ] ] ] ] } },
{ "type": "Feature", "properties": { "fid": 20062.0, "gid": null, "kdprov": "15", "kdkab": "07", "kdkec": "031", "kddesa": "004", "iddesa": "1507031004", "nmprov": "JAMBI", "nmkab": "TANJUNG JABUNG BARAT", "nmkec": "BRAM ITAM", "nmdesa": "TANJUNG SENJULANG", "luas": null, "sumber": null, "periode": null, "layer": null, "path": null, "idkec": "1507031" }, "geometry": { "type": "MultiPolygon", "coordinates": [ [ [ [ 103.360582178000072, -0.858744687999945, 0.0 ], [ 103.358798705000083, -0.857057618999931, 0.0 ], [ 103.358814238000036, -0.857035233999966, 0.0 ], [ 103.358220870000082, -0.856441865999955, 0.0 ], [ 103.358208810000065, -0.856452248999972, 0.0 ], [ 103.352353574000063, -0.852081466999948, 0.0 ], [ 103.350984929000049, -0.851059808999935, 0.0 ], [ 103.345186330000047, -0.844928998999933, 0.0 ], [ 103.345190879000086, -0.844878964999964, 0.0 ], [ 103.345068577000063, -0.844875981999962, 0.0 ], [ 103.342353545000037, -0.842048907999924, 0.0 ], [ 103.342344482000044, -0.841233244999955, 0.0 ], [ 103.342217601000073, -0.840852601999927, 0.0 ], [ 103.340617544000054, -0.834376789999965, 0.0 ], [ 103.341071097000054, -0.834258611999928, 0.0 ], [ 103.342195610000033, -0.833965608999961, 0.0 ], [ 103.347756250000032, -0.83210239899995, 0.0 ], [ 103.347955830000046, -0.83203551899993, 0.0 ], [ 103.351115719000063, -0.830976704999955, 0.0 ], [ 103.352730033000057, -0.830435780999949, 0.0 ], [ 103.352768, -0.830423058999941, 0.0 ], [ 103.352964480000082, -0.83035721899995, 0.0 ], [ 103.353035955000053, -0.830333268999937, 0.0 ], [ 103.35827794000005, -0.828576788999953, 0.0 ], [ 103.358519802000046, -0.828495744999941, 0.0 ], [ 103.358537059000071, -0.828437811999947, 0.0 ], [ 103.359074776000057, -0.828309783999941, 0.0 ], [ 103.361466239000038, -0.82750845399994, 0.0 ], [ 103.361564685000076, -0.830963814999961, 0.0 ], [ 103.36161, -0.83130820599996, 0.0 ], [ 103.361555622000083, -0.832051365999973, 0.0 ], [ 103.361392490000071, -0.832495449999954, 0.0 ], [ 103.361401552000075, -0.833147980999968, 0.0 ], [ 103.36128373400004, -0.833836762999965, 0.0 ], [ 103.361365301000035, -0.834638831999939, 0.0 ], [ 103.36179347500007, -0.838816994999945, 0.0 ], [ 103.361881350000033, -0.839065008999967, 0.0 ], [ 103.365905730000065, -0.843119458999979, 0.0 ], [ 103.369602280000038, -0.845188758999939, 0.0 ], [ 103.36960281000006, -0.845189278999953, 0.0 ], [ 103.37125941000005, -0.846825478999961, 0.0 ], [ 103.37122233000008, -0.846850273999962, 0.0 ], [ 103.371198076000042, -0.846866491999947, 0.0 ], [ 103.375009160000047, -0.850713871999972, 0.0 ], [ 103.375000401000079, -0.850722980999933, 0.0 ], [ 103.373048657000083, -0.852752794999958, 0.0 ], [ 103.371199313000034, -0.853587453999978, 0.0 ], [ 103.370695547000082, -0.853814817999933, 0.0 ], [ 103.368871897000076, -0.854637880999974, 0.0 ], [ 103.368617920000077, -0.854752507999933, 0.0 ], [ 103.367994036000084, -0.855363116999968, 0.0 ], [ 103.366954702000044, -0.856380337999951, 0.0 ], [ 103.368172894000054, -0.857451275999949, 0.0 ], [ 103.368298684000081, -0.857561860999965, 0.0 ], [ 103.364427808000073, -0.86169706499993, 0.0 ], [ 103.363523175000068, -0.86085017399995, 0.0 ], [ 103.360582178000072, -0.858744687999945, 0.0 ] ] ] ] } },
{ "type": "Feature", "properties": { "fid": 20056.0, "gid": null, "kdprov": "15", "kdkab": "07", "kdkec": "031", "kddesa": "005", "iddesa": "1507031005", "nmprov": "JAMBI", "nmkab": "TANJUNG JABUNG BARAT", "nmkec": "BRAM ITAM", "nmdesa": "JATI EMAS", "luas": null, "sumber": null, "periode": null, "layer": null, "path": null, "idkec": "1507031" }, "geometry": { "type": "MultiPolygon", "coordinates": [ [ [ [ 103.302902387000074, -0.907024848999924, 0.0 ], [ 103.30553169500007, -0.898968070999956, 0.0 ], [ 103.306979020000085, -0.892696326999953, 0.0 ], [ 103.306641311000078, -0.891224879999925, 0.0 ], [ 103.306954898000072, -0.889849919999961, 0.0 ], [ 103.306736330000035, -0.888706508999974, 0.0 ], [ 103.308740961000069, -0.884079546999942, 0.0 ], [ 103.309245790000034, -0.882914333999963, 0.0 ], [ 103.309259378000036, -0.88263349999994, 0.0 ], [ 103.30882491300008, -0.880193808999934, 0.0 ], [ 103.308545553000044, -0.877743584999962, 0.0 ], [ 103.308423868000034, -0.876676309999937, 0.0 ], [ 103.30827081800004, -0.876570930999947, 0.0 ], [ 103.308821768000087, -0.876590685999929, 0.0 ], [ 103.310786510000071, -0.876661134999949, 0.0 ], [ 103.311485699000059, -0.872811168999931, 0.0 ], [ 103.311782563000065, -0.871416172999943, 0.0 ], [ 103.311796070000071, -0.871345048999956, 0.0 ], [ 103.31448229700004, -0.871756357999971, 0.0 ], [ 103.316425113000037, -0.872053837999943, 0.0 ], [ 103.326249131000054, -0.873558068999955, 0.0 ], [ 103.33184957900005, -0.874415596999938, 0.0 ], [ 103.334604167000066, -0.874837372999934, 0.0 ], [ 103.33576325000007, -0.875014848999967, 0.0 ], [ 103.339036880000037, -0.873833568999942, 0.0 ], [ 103.340508310000075, -0.87393297899996, 0.0 ], [ 103.347848860000056, -0.874428858999977, 0.0 ], [ 103.352867270000047, -0.876254867999933, 0.0 ], [ 103.353837510000062, -0.876623973999926, 0.0 ], [ 103.351771588000076, -0.879771581999933, 0.0 ], [ 103.35393212300005, -0.881809358999931, 0.0 ], [ 103.354653661000043, -0.882737050999935, 0.0 ], [ 103.351151215000073, -0.883261030999961, 0.0 ], [ 103.349528026000087, -0.885033723999925, 0.0 ], [ 103.346887545000072, -0.887212835999946, 0.0 ], [ 103.342768100000058, -0.889454528999977, 0.0 ], [ 103.338624897000045, -0.891120680999961, 0.0 ], [ 103.333528873000034, -0.892910853999979, 0.0 ], [ 103.332440617000088, -0.893411584999967, 0.0 ], [ 103.327577946000076, -0.894280515999981, 0.0 ], [ 103.327121756000054, -0.89434061299994, 0.0 ], [ 103.324812149000081, -0.894644872999947, 0.0 ], [ 103.324787341000047, -0.894648140999948, 0.0 ], [ 103.324705957000049, -0.89475456699995, 0.0 ], [ 103.32169646300008, -0.89786328799994, 0.0 ], [ 103.314096560000053, -0.905713768999931, 0.0 ], [ 103.310769912000069, -0.909041092999928, 0.0 ], [ 103.31075076500008, -0.909094116999938, 0.0 ], [ 103.306201864000059, -0.915432252999949, 0.0 ], [ 103.305849464000062, -0.915923262999968, 0.0 ], [ 103.305804542000033, -0.916112405999968, 0.0 ], [ 103.30280891700005, -0.916572314999939, 0.0 ], [ 103.299796721000064, -0.917034767999951, 0.0 ], [ 103.301189718000046, -0.912765906999937, 0.0 ], [ 103.304860416000054, -0.907955733999927, 0.0 ], [ 103.302902387000074, -0.907024848999924, 0.0 ] ] ] ] } },
{ "type": "Feature", "properties": { "fid": 19987.0, "gid": null, "kdprov": "15", "kdkab": "07", "kdkec": "031", "kddesa": "002", "iddesa": "1507031002", "nmprov": "JAMBI", "nmkab": "TANJUNG JABUNG BARAT", "nmkec": "BRAM ITAM", "nmdesa": "BRAM ITAM KIRI", "luas": null, "sumber": null, "periode": null, "layer": null, "path": null, "idkec": "1507031" }, "geometry": { "type": "MultiPolygon", "coordinates": [ [ [ [ 103.398661622000077, -0.895180245999939, 0.0 ], [ 103.398559990000081, -0.897927958999958, 0.0 ], [ 103.398564125000064, -0.897929554999962, 0.0 ], [ 103.398559542000044, -0.898125101999938, 0.0 ], [ 103.398519948000057, -0.89981445199993, 0.0 ], [ 103.398479881000071, -0.899815582999963, 0.0 ], [ 103.39569520100008, -0.899894171999961, 0.0 ], [ 103.39190753400004, -0.900001066999948, 0.0 ], [ 103.390693208000073, -0.900035337999952, 0.0 ], [ 103.390592652000066, -0.898582866999959, 0.0 ], [ 103.390560676000064, -0.898120989999939, 0.0 ], [ 103.390562973000044, -0.89811556799998, 0.0 ], [ 103.390451140000039, -0.89601418899997, 0.0 ], [ 103.390087432000087, -0.88916553699994, 0.0 ], [ 103.390121200000067, -0.889178524999977, 0.0 ], [ 103.390117983000039, -0.889174172999958, 0.0 ], [ 103.390048956000044, -0.888230803999932, 0.0 ], [ 103.390036991000045, -0.887955615999942, 0.0 ], [ 103.389062637000052, -0.887972624999975, 0.0 ], [ 103.387079254000071, -0.887992408999935, 0.0 ], [ 103.387077048000037, -0.887986177999949, 0.0 ], [ 103.38706183100004, -0.887999582999953, 0.0 ], [ 103.387055992000057, -0.887994222999964, 0.0 ], [ 103.385129267000082, -0.888505652999925, 0.0 ], [ 103.381525211000053, -0.889462311999978, 0.0 ], [ 103.381418871000051, -0.889490538999951, 0.0 ], [ 103.381313010000042, -0.889518638999959, 0.0 ], [ 103.380804752000074, -0.888181068999927, 0.0 ], [ 103.380212110000059, -0.886621428999945, 0.0 ], [ 103.380555460000039, -0.886470028999952, 0.0 ], [ 103.38123126000005, -0.885860428999933, 0.0 ], [ 103.381677240000045, -0.885243708999951, 0.0 ], [ 103.382311550000054, -0.883933058999958, 0.0 ], [ 103.383363970000062, -0.882026718999953, 0.0 ], [ 103.383900370000049, -0.881676428999924, 0.0 ], [ 103.384680580000065, -0.88116501899998, 0.0 ], [ 103.385196030000088, -0.880947928999944, 0.0 ], [ 103.38677725000008, -0.880142428999932, 0.0 ], [ 103.388313920000087, -0.879489028999956, 0.0 ], [ 103.390099510000084, -0.878842308999936, 0.0 ], [ 103.391346750000082, -0.878499278999925, 0.0 ], [ 103.391471795000086, -0.878498386999979, 0.0 ], [ 103.39309269000006, -0.878486818999932, 0.0 ], [ 103.394379140000069, -0.87854023899996, 0.0 ], [ 103.395429240000055, -0.878725688999964, 0.0 ], [ 103.39544292000005, -0.878723218999937, 0.0 ], [ 103.395941250000078, -0.878633408999974, 0.0 ], [ 103.396532160000049, -0.878224028999966, 0.0 ], [ 103.396532347000061, -0.878223791999972, 0.0 ], [ 103.397263247000069, -0.87729810999997, 0.0 ], [ 103.397596040000053, -0.87687662899998, 0.0 ], [ 103.39797666000004, -0.876439138999956, 0.0 ], [ 103.398076390000085, -0.876324505999946, 0.0 ], [ 103.398079266000082, -0.87632119999995, 0.0 ], [ 103.398883150000074, -0.875397188999955, 0.0 ], [ 103.398945730000037, -0.875307278999969, 0.0 ], [ 103.399419520000038, -0.874626573999933, 0.0 ], [ 103.399710680000055, -0.874208258999943, 0.0 ], [ 103.400183670000047, -0.873230608999961, 0.0 ], [ 103.400452071000075, -0.872365096999943, 0.0 ], [ 103.400499160000038, -0.872213248999969, 0.0 ], [ 103.400504780000063, -0.872189498999944, 0.0 ], [ 103.400643098000046, -0.871604654999942, 0.0 ], [ 103.400814780000076, -0.870878738999977, 0.0 ], [ 103.400828610000076, -0.869213748999925, 0.0 ], [ 103.400632160000043, -0.868116888999964, 0.0 ], [ 103.399713950000034, -0.866451498999936, 0.0 ], [ 103.399622420000071, -0.865579318999949, 0.0 ], [ 103.400370950000081, -0.864932138999961, 0.0 ], [ 103.401007360000051, -0.864336898999966, 0.0 ], [ 103.402432740000052, -0.863003728999956, 0.0 ], [ 103.404166090000047, -0.861696248999976, 0.0 ], [ 103.405617150000069, -0.860851038999954, 0.0 ], [ 103.407552720000069, -0.860192608999967, 0.0 ], [ 103.407555870000067, -0.860194747999969, 0.0 ], [ 103.407597526000075, -0.860243585999967, 0.0 ], [ 103.410291446000087, -0.86296499499997, 0.0 ], [ 103.412408438000057, -0.864211448999924, 0.0 ], [ 103.412677670000051, -0.865478808999967, 0.0 ], [ 103.413111943000047, -0.868694615999971, 0.0 ], [ 103.41323734000008, -0.869623188999981, 0.0 ], [ 103.413492973000075, -0.874081845999967, 0.0 ], [ 103.413530130000083, -0.874729928999955, 0.0 ], [ 103.413538946000074, -0.874883667999939, 0.0 ], [ 103.412244674000078, -0.875487661999955, 0.0 ], [ 103.41224051100005, -0.875448591999941, 0.0 ], [ 103.408865639000055, -0.876622459999965, 0.0 ], [ 103.408552096000051, -0.876948683999956, 0.0 ], [ 103.408545810000078, -0.876955223999971, 0.0 ], [ 103.406649936000065, -0.87892777299993, 0.0 ], [ 103.405487512000036, -0.88476361499994, 0.0 ], [ 103.405490960000066, -0.884879964999925, 0.0 ], [ 103.40549191000008, -0.884912008999947, 0.0 ], [ 103.405574614000045, -0.887702350999973, 0.0 ], [ 103.405605670000057, -0.888750148999975, 0.0 ], [ 103.404621848000033, -0.88796605999994, 0.0 ], [ 103.404866326000047, -0.891388758999938, 0.0 ], [ 103.404854141000044, -0.891437499999938, 0.0 ], [ 103.404753448000065, -0.893444167999974, 0.0 ], [ 103.398809053000036, -0.892957808999938, 0.0 ], [ 103.398743509000042, -0.892966357999967, 0.0 ], [ 103.398661622000077, -0.895180245999939, 0.0 ] ] ] ] } },
{ "type": "Feature", "properties": { "fid": 20026.0, "gid": null, "kdprov": "15", "kdkab": "07", "kdkec": "031", "kddesa": "003", "iddesa": "1507031003", "nmprov": "JAMBI", "nmkab": "TANJUNG JABUNG BARAT", "nmkec": "BRAM ITAM", "nmdesa": "PEMBENGIS", "luas": null, "sumber": null, "periode": null, "layer": null, "path": null, "idkec": "1507031" }, "geometry": { "type": "MultiPolygon", "coordinates": [ [ [ [ 103.415483420000044, -0.848613598999975, 0.0 ], [ 103.416293410000037, -0.847663138999962, 0.0 ], [ 103.416346874000055, -0.847514692999937, 0.0 ], [ 103.416347340000073, -0.847513398999979, 0.0 ], [ 103.416401660000076, -0.847362558999976, 0.0 ], [ 103.416512520000083, -0.84705473799994, 0.0 ], [ 103.416657640000039, -0.846651788999964, 0.0 ], [ 103.416698670000073, -0.846537868999974, 0.0 ], [ 103.416769442000032, -0.846290603999933, 0.0 ], [ 103.416894610000043, -0.845853288999933, 0.0 ], [ 103.417104050000034, -0.845121538999933, 0.0 ], [ 103.417384060000074, -0.843860388999929, 0.0 ], [ 103.417410200000063, -0.84337286899995, 0.0 ], [ 103.417412831000036, -0.843323811999937, 0.0 ], [ 103.417558860000042, -0.840600578999954, 0.0 ], [ 103.417800330000034, -0.839320008999948, 0.0 ], [ 103.41796480000005, -0.837787148999951, 0.0 ], [ 103.417675960000054, -0.837010868999926, 0.0 ], [ 103.416522410000084, -0.836404288999972, 0.0 ], [ 103.416515470000036, -0.836397648999935, 0.0 ], [ 103.413763350000067, -0.835864438999977, 0.0 ], [ 103.410525330000041, -0.834912328999962, 0.0 ], [ 103.408096630000045, -0.834668788999977, 0.0 ], [ 103.406313720000071, -0.834338198999944, 0.0 ], [ 103.404964610000036, -0.833794328999943, 0.0 ], [ 103.403765150000083, -0.832907338999973, 0.0 ], [ 103.403419210000038, -0.83210781899993, 0.0 ], [ 103.403983230000051, -0.82915608899998, 0.0 ], [ 103.403983330000074, -0.829156108999939, 0.0 ], [ 103.407745290000037, -0.828997338999955, 0.0 ], [ 103.411914250000052, -0.828821388999927, 0.0 ], [ 103.411936880000042, -0.828816318999941, 0.0 ], [ 103.414880693000043, -0.828156811999975, 0.0 ], [ 103.417240640000045, -0.827628108999932, 0.0 ], [ 103.417275480000058, -0.827620298999932, 0.0 ], [ 103.417687010000066, -0.827528098999949, 0.0 ], [ 103.417742130000079, -0.827515758999937, 0.0 ], [ 103.417742170000054, -0.827515738999978, 0.0 ], [ 103.419277303000058, -0.827046634999931, 0.0 ], [ 103.419279246000087, -0.82704604099996, 0.0 ], [ 103.421715893000055, -0.826301453999974, 0.0 ], [ 103.421716760000038, -0.826301188999935, 0.0 ], [ 103.424969360000034, -0.82530726899995, 0.0 ], [ 103.425262190000069, -0.825242698999944, 0.0 ], [ 103.425267557000041, -0.825241515999949, 0.0 ], [ 103.427965940000036, -0.824646518999941, 0.0 ], [ 103.429204710000079, -0.829635048999933, 0.0 ], [ 103.429975130000059, -0.830842488999963, 0.0 ], [ 103.430331820000049, -0.831030748999979, 0.0 ], [ 103.430874340000059, -0.831317088999924, 0.0 ], [ 103.431070522000084, -0.831338868999978, 0.0 ], [ 103.431210865000082, -0.83213414599993, 0.0 ], [ 103.431651252000051, -0.832731814999931, 0.0 ], [ 103.43150969900006, -0.83354967799994, 0.0 ], [ 103.431690972000069, -0.833566941999948, 0.0 ], [ 103.432134896000036, -0.833609220999961, 0.0 ], [ 103.432500572000038, -0.83364404699995, 0.0 ], [ 103.432516300000032, -0.835767344999965, 0.0 ], [ 103.435429354000064, -0.835904871999958, 0.0 ], [ 103.435490015000084, -0.838695257999973, 0.0 ], [ 103.435527909000086, -0.839396290999957, 0.0 ], [ 103.436948921000067, -0.839718386999948, 0.0 ], [ 103.436949257000038, -0.839708332999976, 0.0 ], [ 103.436957978000066, -0.839446696999971, 0.0 ], [ 103.436958395000033, -0.839434184999959, 0.0 ], [ 103.437007043000051, -0.839435016999971, 0.0 ], [ 103.437008801000047, -0.839435046999938, 0.0 ], [ 103.437019168000063, -0.839435223999942, 0.0 ], [ 103.438066785000046, -0.83945313199996, 0.0 ], [ 103.438673083000083, -0.839462604999937, 0.0 ], [ 103.439014126000075, -0.839443657999936, 0.0 ], [ 103.439629899000067, -0.839282609999941, 0.0 ], [ 103.439640332000067, -0.839278552999929, 0.0 ], [ 103.440134476000082, -0.839086384999973, 0.0 ], [ 103.440338171000064, -0.839072500999976, 0.0 ], [ 103.440368825000064, -0.839225769999928, 0.0 ], [ 103.440512743000056, -0.839235363999933, 0.0 ], [ 103.440657829000088, -0.839245035999966, 0.0 ], [ 103.440658881000047, -0.83924916999996, 0.0 ], [ 103.440858888000037, -0.839232147999951, 0.0 ], [ 103.441515167000034, -0.841200986999979, 0.0 ], [ 103.441194490000044, -0.841354910999939, 0.0 ], [ 103.441253610000047, -0.841587338999943, 0.0 ], [ 103.441950870000085, -0.842736080999941, 0.0 ], [ 103.441971640000077, -0.842770298999937, 0.0 ], [ 103.442026228000088, -0.843160461999958, 0.0 ], [ 103.442049359000066, -0.843325790999927, 0.0 ], [ 103.442294860000061, -0.845080498999948, 0.0 ], [ 103.44172177300004, -0.84578692599996, 0.0 ], [ 103.441702390000046, -0.845810818999951, 0.0 ], [ 103.435215300000038, -0.859671318999972, 0.0 ], [ 103.434794347000036, -0.86214300599994, 0.0 ], [ 103.437053894000087, -0.866716036999946, 0.0 ], [ 103.438418570000067, -0.86943544899998, 0.0 ], [ 103.43836132000007, -0.869472198999972, 0.0 ], [ 103.438359260000084, -0.869473188999962, 0.0 ], [ 103.435867610000059, -0.870669088999932, 0.0 ], [ 103.434012350000046, -0.871559528999967, 0.0 ], [ 103.432063780000078, -0.872852095999974, 0.0 ], [ 103.431310883000037, -0.873351523999929, 0.0 ], [ 103.431140360000086, -0.873464638999963, 0.0 ], [ 103.428513850000058, -0.875206898999977, 0.0 ], [ 103.429940126000076, -0.878299178999953, 0.0 ], [ 103.430014860000085, -0.878461208999965, 0.0 ], [ 103.430786100000034, -0.880339558999935, 0.0 ], [ 103.431884160000038, -0.883013968999933, 0.0 ], [ 103.433258570000078, -0.886476968999943, 0.0 ], [ 103.433649590000073, -0.88746219899997, 0.0 ], [ 103.433988841000087, -0.888652502999946, 0.0 ], [ 103.434947160000036, -0.89201487899993, 0.0 ], [ 103.434191040000087, -0.892827748999935, 0.0 ], [ 103.433043790000056, -0.894061108999949, 0.0 ], [ 103.433038850000059, -0.894066418999955, 0.0 ], [ 103.433038470000042, -0.894066828999939, 0.0 ], [ 103.433036950000087, -0.894068368999967, 0.0 ], [ 103.432973320000087, -0.894133008999972, 0.0 ], [ 103.43295229000006, -0.894154378999929, 0.0 ], [ 103.432950290000065, -0.894156398999939, 0.0 ], [ 103.432946060000063, -0.894150768999964, 0.0 ], [ 103.432930540000086, -0.894130078999979, 0.0 ], [ 103.431480070000077, -0.892197468999939, 0.0 ], [ 103.42918689000004, -0.890389858999924, 0.0 ], [ 103.429186860000073, -0.890389838999965, 0.0 ], [ 103.428022450000071, -0.889551858999937, 0.0 ], [ 103.428015340000059, -0.88955005899993, 0.0 ], [ 103.426192900000046, -0.889087558999961, 0.0 ], [ 103.42623268400007, -0.888974597999947, 0.0 ], [ 103.426246680000077, -0.88893485899996, 0.0 ], [ 103.426246680000077, -0.888934718999963, 0.0 ], [ 103.426248435000048, -0.888762463999967, 0.0 ], [ 103.42457550000006, -0.885489330999974, 0.0 ], [ 103.424437814000044, -0.88521994499996, 0.0 ], [ 103.424448002000076, -0.885039103999929, 0.0 ], [ 103.42470028300005, -0.880561109999974, 0.0 ], [ 103.421829499000069, -0.87955967399995, 0.0 ], [ 103.421163731000036, -0.878759340999977, 0.0 ], [ 103.421144080000033, -0.878735718999963, 0.0 ], [ 103.421130434000077, -0.878742861999967, 0.0 ], [ 103.420856572000048, -0.878886210999951, 0.0 ], [ 103.420767707000039, -0.87893272599996, 0.0 ], [ 103.420147360000044, -0.879257438999957, 0.0 ], [ 103.419016070000055, -0.879849588999946, 0.0 ], [ 103.415027448000046, -0.881937373999961, 0.0 ], [ 103.414526670000043, -0.882199498999967, 0.0 ], [ 103.413677107000069, -0.876117104999935, 0.0 ], [ 103.413562700000057, -0.875298018999956, 0.0 ], [ 103.413552500000037, -0.875120018999951, 0.0 ], [ 103.413538946000074, -0.874883667999939, 0.0 ], [ 103.413530130000083, -0.874729928999955, 0.0 ], [ 103.413492973000075, -0.874081845999967, 0.0 ], [ 103.41323734000008, -0.869623188999981, 0.0 ], [ 103.413111943000047, -0.868694615999971, 0.0 ], [ 103.412677670000051, -0.865478808999967, 0.0 ], [ 103.412408438000057, -0.864211448999924, 0.0 ], [ 103.410291446000087, -0.86296499499997, 0.0 ], [ 103.407597526000075, -0.860243585999967, 0.0 ], [ 103.407555870000067, -0.860194747999969, 0.0 ], [ 103.407552720000069, -0.860192608999967, 0.0 ], [ 103.407553202000088, -0.860191620999956, 0.0 ], [ 103.407802340000046, -0.859681128999966, 0.0 ], [ 103.40771071000006, -0.859243768999931, 0.0 ], [ 103.407267680000075, -0.858467418999965, 0.0 ], [ 103.406926340000041, -0.857503848999954, 0.0 ], [ 103.40669967000008, -0.856934268999964, 0.0 ], [ 103.406198940000081, -0.85582803899996, 0.0 ], [ 103.405283810000071, -0.854634308999948, 0.0 ], [ 103.404638135000084, -0.854197929999941, 0.0 ], [ 103.404616250000061, -0.854183138999929, 0.0 ], [ 103.403732510000054, -0.853585848999955, 0.0 ], [ 103.401949680000087, -0.853041788999974, 0.0 ], [ 103.400426880000055, -0.853012048999972, 0.0 ], [ 103.39972804000007, -0.852692468999976, 0.0 ], [ 103.399451880000072, -0.852302778999956, 0.0 ], [ 103.399450698000066, -0.852301110999974, 0.0 ], [ 103.399376660000087, -0.85219664899995, 0.0 ], [ 103.39952154000008, -0.851459358999932, 0.0 ], [ 103.400630270000079, -0.850606048999964, 0.0 ], [ 103.401613800000064, -0.849519838999925, 0.0 ], [ 103.402259710000067, -0.849141728999939, 0.0 ], [ 103.403137, -0.848598788999936, 0.0 ], [ 103.403947090000088, -0.847386378999943, 0.0 ], [ 103.404998420000084, -0.845485228999962, 0.0 ], [ 103.405779320000079, -0.844971348999934, 0.0 ], [ 103.406791380000072, -0.844806828999936, 0.0 ], [ 103.409451510000054, -0.844778818999941, 0.0 ], [ 103.410463470000082, -0.844876258999932, 0.0 ], [ 103.411542840000038, -0.845119248999936, 0.0 ], [ 103.412756970000032, -0.84579888899998, 0.0 ], [ 103.413633590000074, -0.84691498899997, 0.0 ], [ 103.414176650000059, -0.84822209899994, 0.0 ], [ 103.414464348000081, -0.848489858999926, 0.0 ], [ 103.414847210000062, -0.848846188999971, 0.0 ], [ 103.415021482000043, -0.84878247599994, 0.0 ], [ 103.415333160000046, -0.848668528999951, 0.0 ], [ 103.415483420000044, -0.848613598999975, 0.0 ] ] ] ] } },
{ "type": "Feature", "properties": { "fid": 20166.0, "gid": null, "kdprov": "15", "kdkab": "07", "kdkec": "012", "kddesa": "010", "iddesa": "1507012010", "nmprov": "JAMBI", "nmkab": "TANJUNG JABUNG BARAT", "nmkec": "BATANG ASAM", "nmdesa": "RAWANG KEMPAS", "luas": null, "sumber": null, "periode": null, "layer": null, "path": null, "idkec": "1507012" }, "geometry": { "type": "MultiPolygon", "coordinates": [ [ [ [ 102.896422790000088, -1.025886358999969, 0.0 ], [ 102.893536880000056, -1.022764398999925, 0.0 ], [ 102.890469300000063, -1.020555798999965, 0.0 ], [ 102.885604209000064, -1.018747818999941, 0.0 ], [ 102.885380403000056, -1.01866464699998, 0.0 ], [ 102.884540379000043, -1.018538327999977, 0.0 ], [ 102.884292189000064, -1.018501005999951, 0.0 ], [ 102.882483205000085, -1.018228978999957, 0.0 ], [ 102.881780406000075, -1.018188685999974, 0.0 ], [ 102.881809197000052, -1.017785599999968, 0.0 ], [ 102.880991739000081, -1.017729101999976, 0.0 ], [ 102.875865495000085, -1.017374803999928, 0.0 ], [ 102.875726809000071, -1.017744633999939, 0.0 ], [ 102.873433025000054, -1.017490688999942, 0.0 ], [ 102.872447253000075, -1.015950815999929, 0.0 ], [ 102.871619257000077, -1.01465740499998, 0.0 ], [ 102.869042236000041, -1.010664619999943, 0.0 ], [ 102.866220327000065, -1.006223745999932, 0.0 ], [ 102.863770549000037, -1.002396952999959, 0.0 ], [ 102.856992720000051, -0.991809318999969, 0.0 ], [ 102.856988690000037, -0.991217708999955, 0.0 ], [ 102.856837381000048, -0.969002300999932, 0.0 ], [ 102.856724760000077, -0.952467038999941, 0.0 ], [ 102.851361401000077, -0.951745070999948, 0.0 ], [ 102.837787124000045, -0.949917822999964, 0.0 ], [ 102.838611133000086, -0.949287698999967, 0.0 ], [ 102.840984569000057, -0.94747272099994, 0.0 ], [ 102.842968346000077, -0.945959997999978, 0.0 ], [ 102.843203312000071, -0.945780824999929, 0.0 ], [ 102.845612707000043, -0.943943546999947, 0.0 ], [ 102.845863874000088, -0.943752019999977, 0.0 ], [ 102.845918686000061, -0.943710223999972, 0.0 ], [ 102.846423249000054, -0.94332547099998, 0.0 ], [ 102.84658790800006, -0.943199597999978, 0.0 ], [ 102.851106209000079, -0.939745590999962, 0.0 ], [ 102.851261148000049, -0.939627199999961, 0.0 ], [ 102.851735459000054, -0.939264770999955, 0.0 ], [ 102.854888068000037, -0.936816212999929, 0.0 ], [ 102.856606882000051, -0.935481249999953, 0.0 ], [ 102.857100909000053, -0.935097550999956, 0.0 ], [ 102.859066135000035, -0.933565489999978, 0.0 ], [ 102.859250629000087, -0.933421660999954, 0.0 ], [ 102.860686686000065, -0.932302136999965, 0.0 ], [ 102.86084304700006, -0.932180240999969, 0.0 ], [ 102.861600979000059, -0.931589370999973, 0.0 ], [ 102.862346485000046, -0.930913144999977, 0.0 ], [ 102.863391679000074, -0.929965080999978, 0.0 ], [ 102.867878429000086, -0.925931000999981, 0.0 ], [ 102.86815696900004, -0.925680320999959, 0.0 ], [ 102.872471689000065, -0.921797070999958, 0.0 ], [ 102.87335039900006, -0.921011560999943, 0.0 ], [ 102.874766479000073, -0.919773403999955, 0.0 ], [ 102.877218049000078, -0.917629860999966, 0.0 ], [ 102.87799814300007, -0.916951367999957, 0.0 ], [ 102.878680709000037, -0.916357700999924, 0.0 ], [ 102.881944449000059, -0.913522550999971, 0.0 ], [ 102.883042839000041, -0.912563960999933, 0.0 ], [ 102.884720369000036, -0.91078657099996, 0.0 ], [ 102.885569726000085, -0.909896838999941, 0.0 ], [ 102.888501489000078, -0.906825710999954, 0.0 ], [ 102.888781999000059, -0.906531250999933, 0.0 ], [ 102.888785144000053, -0.906527949999941, 0.0 ], [ 102.88878516300008, -0.906527929999925, 0.0 ], [ 102.968702230000076, -0.906638438999948, 0.0 ], [ 102.968714584000054, -0.906638455999939, 0.0 ], [ 102.972732880000081, -0.906644008999933, 0.0 ], [ 102.974931060000074, -0.905355208999936, 0.0 ], [ 102.976064880000081, -0.904601248999938, 0.0 ], [ 102.976078470000061, -0.904008648999934, 0.0 ], [ 102.976078470000061, -0.904008458999954, 0.0 ], [ 102.976108518000046, -0.903016987999933, 0.0 ], [ 102.976158110000085, -0.901380658999926, 0.0 ], [ 102.976163780000036, -0.901193508999938, 0.0 ], [ 102.975151350000033, -0.897434038999961, 0.0 ], [ 102.97478717000007, -0.892392998999981, 0.0 ], [ 102.975103010000055, -0.887167658999942, 0.0 ], [ 102.975574320000078, -0.883783798999957, 0.0 ], [ 102.976160140000047, -0.880673448999971, 0.0 ], [ 102.977029420000065, -0.877241028999947, 0.0 ], [ 102.97877759000005, -0.874610478999955, 0.0 ], [ 102.979764430000046, -0.873522528999956, 0.0 ], [ 102.982462490000046, -0.872232158999964, 0.0 ], [ 102.98289120000004, -0.870474068999954, 0.0 ], [ 102.983425900000043, -0.870522208999944, 0.0 ], [ 102.984471270000085, -0.871096918999967, 0.0 ], [ 102.984876150000048, -0.869470378999949, 0.0 ], [ 102.985838510000065, -0.869722088999936, 0.0 ], [ 102.986670010000068, -0.870272758999931, 0.0 ], [ 102.987786270000072, -0.871613038999953, 0.0 ], [ 102.989081420000048, -0.871745308999948, 0.0 ], [ 102.991789400000073, -0.874174938999943, 0.0 ], [ 102.994438160000072, -0.876233738999929, 0.0 ], [ 102.99548419000007, -0.875600338999959, 0.0 ], [ 102.996481680000045, -0.876856828999962, 0.0 ], [ 102.996267100000068, -0.878148558999953, 0.0 ], [ 102.995683990000032, -0.879751078999959, 0.0 ], [ 102.995314750000034, -0.881377638999936, 0.0 ], [ 102.995646750000049, -0.882717498999966, 0.0 ], [ 102.996347520000086, -0.883303998999963, 0.0 ], [ 102.997436264000044, -0.883626156999981, 0.0 ], [ 103.00100486000008, -0.884682098999974, 0.0 ], [ 103.002132630000062, -0.886740088999943, 0.0 ], [ 103.003248840000083, -0.888199998999937, 0.0 ], [ 103.003746210000088, -0.89138203899995, 0.0 ], [ 103.005623510000078, -0.891753868999956, 0.0 ], [ 103.007821870000043, -0.891719178999949, 0.0 ], [ 103.011814660000084, -0.891506048999929, 0.0 ], [ 103.01238212800007, -0.896196515999975, 0.0 ], [ 103.004584126000054, -0.910201882999957, 0.0 ], [ 103.000206681000066, -0.913222935999954, 0.0 ], [ 103.001891895000085, -0.916346746999977, 0.0 ], [ 103.005241770000055, -0.916305643999976, 0.0 ], [ 103.008514578000074, -0.913428449999969, 0.0 ], [ 103.008706233000055, -0.913513097999953, 0.0 ], [ 103.010980744000051, -0.914517673999967, 0.0 ], [ 103.012727612000049, -0.914846495999939, 0.0 ], [ 103.014346630000034, -0.912435028999937, 0.0 ], [ 103.014582374000042, -0.914312159999952, 0.0 ], [ 103.015415045000054, -0.921206601999927, 0.0 ], [ 103.015523164000058, -0.922101818999977, 0.0 ], [ 103.015676124000038, -0.92336831199998, 0.0 ], [ 103.020075050000059, -0.959791018999965, 0.0 ], [ 103.022459230000038, -0.97950377899997, 0.0 ], [ 103.022458830000062, -0.97950377899997, 0.0 ], [ 103.023563470000056, -0.992526588999965, 0.0 ], [ 103.020226195000077, -0.992662268999936, 0.0 ], [ 103.020140994000087, -0.997783283999979, 0.0 ], [ 103.020426540000074, -0.999945018999938, 0.0 ], [ 103.019356530000039, -1.000793648999945, 0.0 ], [ 103.014094670000077, -1.002345518999959, 0.0 ], [ 103.011951340000053, -1.003057448999925, 0.0 ], [ 102.998224610000079, -1.006877768999971, 0.0 ], [ 102.990333710000073, -1.00946592899993, 0.0 ], [ 102.985392360000048, -1.011593948999973, 0.0 ], [ 102.983557325000049, -1.012385316999939, 0.0 ], [ 102.979533404000051, -1.013545145999956, 0.0 ], [ 102.961989003000042, -1.013505874999964, 0.0 ], [ 102.961920946000077, -1.008375883999975, 0.0 ], [ 102.961975165000069, -1.008208298999932, 0.0 ], [ 102.961980094000069, -1.007838625999966, 0.0 ], [ 102.944193889000076, -1.007700614999976, 0.0 ], [ 102.944151993000048, -1.018833935999965, 0.0 ], [ 102.943976453000062, -1.022747336999942, 0.0 ], [ 102.941110614000081, -1.023078516999931, 0.0 ], [ 102.936902590000045, -1.022986288999959, 0.0 ], [ 102.932762151000077, -1.023192176999942, 0.0 ], [ 102.932762515000036, -1.023190084999953, 0.0 ], [ 102.931338010000047, -1.023272922999979, 0.0 ], [ 102.930779304000055, -1.023304344999929, 0.0 ], [ 102.930530607000037, -1.024072277999949, 0.0 ], [ 102.930540954000037, -1.025038707999954, 0.0 ], [ 102.930136678000054, -1.025785947999964, 0.0 ], [ 102.929525080000076, -1.026305738999952, 0.0 ], [ 102.928625650000072, -1.026835465999966, 0.0 ], [ 102.927770514000088, -1.026632933999963, 0.0 ], [ 102.927506097000048, -1.02691985499996, 0.0 ], [ 102.926752226000076, -1.027876256999946, 0.0 ], [ 102.926095403000033, -1.028777806999926, 0.0 ], [ 102.925836611000079, -1.029666698999961, 0.0 ], [ 102.925656583000034, -1.030116770999939, 0.0 ], [ 102.925376694000079, -1.031029572999955, 0.0 ], [ 102.925140407000072, -1.031564032999938, 0.0 ], [ 102.924961869000072, -1.032161018999943, 0.0 ], [ 102.924960378000037, -1.032166003999976, 0.0 ], [ 102.924938912000073, -1.032241479999925, 0.0 ], [ 102.923488887000076, -1.030377161999979, 0.0 ], [ 102.922652390000053, -1.031315678999931, 0.0 ], [ 102.921028360000037, -1.02957564899998, 0.0 ], [ 102.919289740000067, -1.028092708999964, 0.0 ], [ 102.918154560000062, -1.028945398999952, 0.0 ], [ 102.917823860000055, -1.029193798999927, 0.0 ], [ 102.913468970000054, -1.029387238999959, 0.0 ], [ 102.902650380000068, -1.02716535899998, 0.0 ], [ 102.898528513000088, -1.026318824999976, 0.0 ], [ 102.896422790000088, -1.025886358999969, 0.0 ] ] ] ] } },
{ "type": "Feature", "properties": { "fid": 20150.0, "gid": null, "kdprov": "15", "kdkab": "07", "kdkec": "012", "kddesa": "011", "iddesa": "1507012011", "nmprov": "JAMBI", "nmkab": "TANJUNG JABUNG BARAT", "nmkec": "BATANG ASAM", "nmdesa": "RAWA MEDANG", "luas": null, "sumber": null, "periode": null, "layer": null, "path": null, "idkec": "1507012" }, "geometry": { "type": "MultiPolygon", "coordinates": [ [ [ [ 102.928900900000087, -1.038218668999946, 0.0 ], [ 102.926922250000075, -1.036247398999933, 0.0 ], [ 102.925569330000087, -1.034837038999967, 0.0 ], [ 102.92429859300006, -1.033484466999937, 0.0 ], [ 102.924300321000032, -1.033482379999953, 0.0 ], [ 102.924589069000035, -1.03313365899993, 0.0 ], [ 102.924785975000077, -1.032779226999935, 0.0 ], [ 102.924938912000073, -1.032241479999925, 0.0 ], [ 102.924960378000037, -1.032166003999976, 0.0 ], [ 102.924961869000072, -1.032161018999943, 0.0 ], [ 102.925140407000072, -1.031564032999938, 0.0 ], [ 102.925376694000079, -1.031029572999955, 0.0 ], [ 102.925656583000034, -1.030116770999939, 0.0 ], [ 102.925836611000079, -1.029666698999961, 0.0 ], [ 102.926095403000033, -1.028777806999926, 0.0 ], [ 102.926752226000076, -1.027876256999946, 0.0 ], [ 102.927506097000048, -1.02691985499996, 0.0 ], [ 102.927770514000088, -1.026632933999963, 0.0 ], [ 102.928625650000072, -1.026835465999966, 0.0 ], [ 102.929525080000076, -1.026305738999952, 0.0 ], [ 102.930136678000054, -1.025785947999964, 0.0 ], [ 102.930540954000037, -1.025038707999954, 0.0 ], [ 102.930530607000037, -1.024072277999949, 0.0 ], [ 102.930779304000055, -1.023304344999929, 0.0 ], [ 102.931338010000047, -1.023272922999979, 0.0 ], [ 102.932762515000036, -1.023190084999953, 0.0 ], [ 102.932762151000077, -1.023192176999942, 0.0 ], [ 102.936902590000045, -1.022986288999959, 0.0 ], [ 102.941110614000081, -1.023078516999931, 0.0 ], [ 102.943976453000062, -1.022747336999942, 0.0 ], [ 102.954728467000052, -1.021567906999962, 0.0 ], [ 102.954601367000066, -1.031352410999943, 0.0 ], [ 102.95720945000005, -1.032310438999957, 0.0 ], [ 102.958254443000044, -1.033349635999969, 0.0 ], [ 102.960688557000083, -1.035585774999959, 0.0 ], [ 102.960749260000057, -1.039335328999925, 0.0 ], [ 102.949821707000069, -1.039677927999946, 0.0 ], [ 102.94709877300005, -1.04026302099993, 0.0 ], [ 102.945455659000061, -1.040385383999933, 0.0 ], [ 102.943756638000082, -1.040475398999945, 0.0 ], [ 102.943711631000042, -1.039980319999927, 0.0 ], [ 102.94083117100007, -1.039316463999967, 0.0 ], [ 102.939210913000068, -1.039564002999953, 0.0 ], [ 102.937545647000036, -1.039946563999933, 0.0 ], [ 102.936546590000034, -1.039469028999974, 0.0 ], [ 102.935565331000078, -1.041353038999944, 0.0 ], [ 102.93487169000008, -1.041654298999958, 0.0 ], [ 102.934233770000048, -1.04200028899993, 0.0 ], [ 102.932914312000037, -1.041424276999976, 0.0 ], [ 102.93147530300007, -1.040796074999946, 0.0 ], [ 102.930937430000085, -1.040244468999958, 0.0 ], [ 102.928900900000087, -1.038218668999946, 0.0 ] ] ] ] } },
{ "type": "Feature", "properties": { "fid": 21725.0, "gid": null, "kdprov": "15", "kdkab": "07", "kdkec": "010", "kddesa": "025", "iddesa": "1507010025", "nmprov": "JAMBI", "nmkab": "TANJUNG JABUNG BARAT", "nmkec": "TUNGKAL ULU", "nmdesa": "PELABUHAN DAGANG", "luas": null, "sumber": null, "periode": null, "layer": null, "path": null, "idkec": "1507010" }, "geometry": { "type": "MultiPolygon", "coordinates": [ [ [ [ 103.039404440000055, -1.148087258999965, 0.0 ], [ 103.041493700000046, -1.145442038999931, 0.0 ], [ 103.042781020000064, -1.143812148999928, 0.0 ], [ 103.053607530000079, -1.143289898999967, 0.0 ], [ 103.060373358000049, -1.139719637999974, 0.0 ], [ 103.062703, -1.138490308999963, 0.0 ], [ 103.063513633000071, -1.140478842999926, 0.0 ], [ 103.066334531000052, -1.140075356999944, 0.0 ], [ 103.071166551000033, -1.138273395999931, 0.0 ], [ 103.071179560000076, -1.138257968999937, 0.0 ], [ 103.075617068000042, -1.132377085999963, 0.0 ], [ 103.07522318000008, -1.123218988999952, 0.0 ], [ 103.07519767000008, -1.123200868999959, 0.0 ], [ 103.073245490000033, -1.12181746899995, 0.0 ], [ 103.071858830000053, -1.122513158999936, 0.0 ], [ 103.069915480000077, -1.122965038999951, 0.0 ], [ 103.069136870000079, -1.121158248999961, 0.0 ], [ 103.067060010000034, -1.123165868999934, 0.0 ], [ 103.067045229000087, -1.122901899999931, 0.0 ], [ 103.067023990000052, -1.122522345999926, 0.0 ], [ 103.066910710000059, -1.120498488999942, 0.0 ], [ 103.066891610000084, -1.120157248999931, 0.0 ], [ 103.067489600000044, -1.118479468999965, 0.0 ], [ 103.068685770000059, -1.119195788999946, 0.0 ], [ 103.071056680000083, -1.117146178999974, 0.0 ], [ 103.069680930000061, -1.116007498999977, 0.0 ], [ 103.066046120000067, -1.115485238999952, 0.0 ], [ 103.06195641000005, -1.112510148999945, 0.0 ], [ 103.06272073000008, -1.111622358999966, 0.0 ], [ 103.062729170000068, -1.111612568999931, 0.0 ], [ 103.064469340000073, -1.109591278999972, 0.0 ], [ 103.064499211000054, -1.109556582999971, 0.0 ], [ 103.078011330000038, -1.093861598999979, 0.0 ], [ 103.082091610000077, -1.080117748999953, 0.0 ], [ 103.082101593000061, -1.080084122999949, 0.0 ], [ 103.083179437000069, -1.080206497999939, 0.0 ], [ 103.08331125400008, -1.078709056999969, 0.0 ], [ 103.083416059000058, -1.077975426999956, 0.0 ], [ 103.083501071000057, -1.077380341999969, 0.0 ], [ 103.084152366000069, -1.077347949999933, 0.0 ], [ 103.08805403000008, -1.077153906999968, 0.0 ], [ 103.095297122000034, -1.076793681999959, 0.0 ], [ 103.095375146000038, -1.076789801999951, 0.0 ], [ 103.103951550000033, -1.077603408999948, 0.0 ], [ 103.104072792000068, -1.078674353999929, 0.0 ], [ 103.104714140000056, -1.084339468999929, 0.0 ], [ 103.10501445500006, -1.08464474699997, 0.0 ], [ 103.098641346000079, -1.084418834999951, 0.0 ], [ 103.094792658000074, -1.084320934999937, 0.0 ], [ 103.090555430000052, -1.084186322999926, 0.0 ], [ 103.08806816200007, -1.084186322999926, 0.0 ], [ 103.088104875000056, -1.08771683599997, 0.0 ], [ 103.08819053700006, -1.089840038999967, 0.0 ], [ 103.088288437000074, -1.094208819999949, 0.0 ], [ 103.098402715000077, -1.094049732999963, 0.0 ], [ 103.09934168400008, -1.094029456999976, 0.0 ], [ 103.102689035000083, -1.093957176999936, 0.0 ], [ 103.108887177000042, -1.093823338999925, 0.0 ], [ 103.108495578000088, -1.100284728999952, 0.0 ], [ 103.108472856000049, -1.100660431999927, 0.0 ], [ 103.097888540000042, -1.116207778999978, 0.0 ], [ 103.096999060000087, -1.117514298999936, 0.0 ], [ 103.100727659000086, -1.133340693999969, 0.0 ], [ 103.102843480000047, -1.141146988999935, 0.0 ], [ 103.121086835000085, -1.146614239999963, 0.0 ], [ 103.125579042000084, -1.148652370999969, 0.0 ], [ 103.124844004000067, -1.148808761999931, 0.0 ], [ 103.124846151000042, -1.148809429999972, 0.0 ], [ 103.12249928600005, -1.150782929999934, 0.0 ], [ 103.108570092000036, -1.149262634999957, 0.0 ], [ 103.104872812000053, -1.148859096999956, 0.0 ], [ 103.104872069000066, -1.14885901599996, 0.0 ], [ 103.104887603000066, -1.148915528999964, 0.0 ], [ 103.104887620000056, -1.148915588999955, 0.0 ], [ 103.104887690000055, -1.148915858999942, 0.0 ], [ 103.104887260000055, -1.148915878999958, 0.0 ], [ 103.088463310000066, -1.149614268999926, 0.0 ], [ 103.088334420000081, -1.149619748999953, 0.0 ], [ 103.087127323000061, -1.150811592999958, 0.0 ], [ 103.08656390200008, -1.150910849999946, 0.0 ], [ 103.086091985000053, -1.15097734699998, 0.0 ], [ 103.085832431000085, -1.15109532699995, 0.0 ], [ 103.085943340000085, -1.15140602799994, 0.0 ], [ 103.085389478000081, -1.151522992999958, 0.0 ], [ 103.08488071000005, -1.151343708999946, 0.0 ], [ 103.082853770000042, -1.150888658999975, 0.0 ], [ 103.081967250000048, -1.150689628999942, 0.0 ], [ 103.080459150000081, -1.150351048999937, 0.0 ], [ 103.074707270000033, -1.151499778999948, 0.0 ], [ 103.069177618000083, -1.152605532999928, 0.0 ], [ 103.069155644000034, -1.152609926999958, 0.0 ], [ 103.069077320000076, -1.152625588999967, 0.0 ], [ 103.063786630000038, -1.153683557999955, 0.0 ], [ 103.063697672000046, -1.15365535199993, 0.0 ], [ 103.059587203000035, -1.153946357999928, 0.0 ], [ 103.059732706000034, -1.17420769499995, 0.0 ], [ 103.059791546000042, -1.174183840999945, 0.0 ], [ 103.059763230000044, -1.17427824899994, 0.0 ], [ 103.056278370000086, -1.173724288999949, 0.0 ], [ 103.055128360000083, -1.173541548999935, 0.0 ], [ 103.055127900000059, -1.17354139899993, 0.0 ], [ 103.046169220000081, -1.170710498999938, 0.0 ], [ 103.045468, -1.170415558999935, 0.0 ], [ 103.037932780000062, -1.167251958999941, 0.0 ], [ 103.030144780000057, -1.159810998999944, 0.0 ], [ 103.033971420000057, -1.154966058999946, 0.0 ], [ 103.036742300000071, -1.151457808999965, 0.0 ], [ 103.037562178000087, -1.150419756999952, 0.0 ], [ 103.039404440000055, -1.148087258999965, 0.0 ] ] ] ] } },
{ "type": "Feature", "properties": { "fid": 21755.0, "gid": null, "kdprov": "15", "kdkab": "07", "kdkec": "010", "kddesa": "026", "iddesa": "1507010026", "nmprov": "JAMBI", "nmkab": "TANJUNG JABUNG BARAT", "nmkec": "TUNGKAL ULU", "nmdesa": "TAMAN RAJA", "luas": null, "sumber": null, "periode": null, "layer": null, "path": null, "idkec": "1507010" }, "geometry": { "type": "MultiPolygon", "coordinates": [ [ [ [ 103.05022729600006, -1.129504749999967, 0.0 ], [ 103.043675630000052, -1.142679448999957, 0.0 ], [ 103.042781020000064, -1.143812148999928, 0.0 ], [ 103.041493700000046, -1.145442038999931, 0.0 ], [ 103.039404440000055, -1.148087258999965, 0.0 ], [ 103.037562178000087, -1.150419756999952, 0.0 ], [ 103.036742300000071, -1.151457808999965, 0.0 ], [ 103.033971420000057, -1.154966058999946, 0.0 ], [ 103.030144780000057, -1.159810998999944, 0.0 ], [ 103.027814850000084, -1.157584898999971, 0.0 ], [ 103.02653156000008, -1.156358798999975, 0.0 ], [ 103.018322740000087, -1.147337198999935, 0.0 ], [ 103.01550422400004, -1.14423962199993, 0.0 ], [ 103.012918298000045, -1.141397663999953, 0.0 ], [ 103.012594, -1.141041256999927, 0.0 ], [ 103.012175031000083, -1.140580805999946, 0.0 ], [ 103.007785610000042, -1.13575678899997, 0.0 ], [ 103.003726660000041, -1.131295958999942, 0.0 ], [ 102.998217370000077, -1.125221948999979, 0.0 ], [ 102.998194860000069, -1.125197128999957, 0.0 ], [ 103.001209360000075, -1.122308498999928, 0.0 ], [ 103.004201660000035, -1.116455888999951, 0.0 ], [ 103.005056880000041, -1.114361678999956, 0.0 ], [ 103.006124800000066, -1.113395578999928, 0.0 ], [ 103.012318750000077, -1.107706238999924, 0.0 ], [ 103.019243920000065, -1.105767888999935, 0.0 ], [ 103.024700430000053, -1.105673478999961, 0.0 ], [ 103.024890741000036, -1.105726458999925, 0.0 ], [ 103.027544802000079, -1.106465318999938, 0.0 ], [ 103.029934990000072, -1.10713071899994, 0.0 ], [ 103.03062944900006, -1.107239082999968, 0.0 ], [ 103.033023910000054, -1.107612718999974, 0.0 ], [ 103.034934704000079, -1.107533829999966, 0.0 ], [ 103.036629771000037, -1.107457472999954, 0.0 ], [ 103.03686685100007, -1.107660684999928, 0.0 ], [ 103.037357211000085, -1.107565775999944, 0.0 ], [ 103.037631390000058, -1.107586866999952, 0.0 ], [ 103.038045971000088, -1.107625733999953, 0.0 ], [ 103.039304861000062, -1.105364214999952, 0.0 ], [ 103.038993476000087, -1.105105830999946, 0.0 ], [ 103.038006019000079, -1.10485102399997, 0.0 ], [ 103.038011479000033, -1.10484079899993, 0.0 ], [ 103.039110580000056, -1.102782548999926, 0.0 ], [ 103.04020127800004, -1.102248764999956, 0.0 ], [ 103.040327968000042, -1.102186762999963, 0.0 ], [ 103.040640550000035, -1.102033786999925, 0.0 ], [ 103.043933967000044, -1.100421998999934, 0.0 ], [ 103.043947740000078, -1.100415258999931, 0.0 ], [ 103.04487615000005, -1.099348688999953, 0.0 ], [ 103.044130310000071, -1.097414498999967, 0.0 ], [ 103.047993720000079, -1.095515148999937, 0.0 ], [ 103.050869590000048, -1.094810418999941, 0.0 ], [ 103.051489500000059, -1.09408340899995, 0.0 ], [ 103.049426330000074, -1.091562078999971, 0.0 ], [ 103.049299750000046, -1.087717088999966, 0.0 ], [ 103.047143820000088, -1.087474508999946, 0.0 ], [ 103.046907630000078, -1.086759748999953, 0.0 ], [ 103.047381310000048, -1.086164548999932, 0.0 ], [ 103.049274510000032, -1.086165788999949, 0.0 ], [ 103.050457760000086, -1.086166548999927, 0.0 ], [ 103.04986271000007, -1.084091158999968, 0.0 ], [ 103.051523020000047, -1.082081048999953, 0.0 ], [ 103.05387144000008, -1.082524208999928, 0.0 ], [ 103.056144980000056, -1.078966518999948, 0.0 ], [ 103.053824950000035, -1.078437908999945, 0.0 ], [ 103.051991140000041, -1.078020078999941, 0.0 ], [ 103.050108260000059, -1.077591068999936, 0.0 ], [ 103.046465840000053, -1.079635738999968, 0.0 ], [ 103.044685550000054, -1.078725318999943, 0.0 ], [ 103.042210540000042, -1.074437178999972, 0.0 ], [ 103.042807120000077, -1.069787308999935, 0.0 ], [ 103.041338320000079, -1.066071368999928, 0.0 ], [ 103.039558950000071, -1.063706138999976, 0.0 ], [ 103.037750890000041, -1.065913188999957, 0.0 ], [ 103.038516960000038, -1.070556668999927, 0.0 ], [ 103.037807020000059, -1.070556218999968, 0.0 ], [ 103.036185970000076, -1.069480558999942, 0.0 ], [ 103.034290940000062, -1.068223088999957, 0.0 ], [ 103.030471300000045, -1.067960838999966, 0.0 ], [ 103.029409100000066, -1.065786818999925, 0.0 ], [ 103.032240680000086, -1.065059218999977, 0.0 ], [ 103.034990250000078, -1.064352678999967, 0.0 ], [ 103.035431150000079, -1.060975708999933, 0.0 ], [ 103.037075360000074, -1.057700998999962, 0.0 ], [ 103.038042010000083, -1.054456648999974, 0.0 ], [ 103.039486780000061, -1.055340848999947, 0.0 ], [ 103.040932040000087, -1.052376078999941, 0.0 ], [ 103.041993520000062, -1.050198588999933, 0.0 ], [ 103.043613840000035, -1.048733038999956, 0.0 ], [ 103.058365930000036, -1.053813918999936, 0.0 ], [ 103.058365940000044, -1.053813958999967, 0.0 ], [ 103.058377090000079, -1.053817798999944, 0.0 ], [ 103.058421530000032, -1.053833098999974, 0.0 ], [ 103.058671170000082, -1.053919048999944, 0.0 ], [ 103.058671320000087, -1.053919108999935, 0.0 ], [ 103.058683360000032, -1.053924958999971, 0.0 ], [ 103.05869172000007, -1.053929018999952, 0.0 ], [ 103.066397190000032, -1.054402788999937, 0.0 ], [ 103.066513999000051, -1.054469887999971, 0.0 ], [ 103.070412274000034, -1.054469887999971, 0.0 ], [ 103.070507107000083, -1.057631001999937, 0.0 ], [ 103.06985960600008, -1.060113090999948, 0.0 ], [ 103.069032243000038, -1.060724619999974, 0.0 ], [ 103.068924326000058, -1.065832685999965, 0.0 ], [ 103.065427344000057, -1.065628482999955, 0.0 ], [ 103.065425840000046, -1.066727808999929, 0.0 ], [ 103.065425140000059, -1.067851168999937, 0.0 ], [ 103.068536640000048, -1.067851248999943, 0.0 ], [ 103.068536650000055, -1.067871388999947, 0.0 ], [ 103.068536690000087, -1.067928501999972, 0.0 ], [ 103.068539327000053, -1.071739143999935, 0.0 ], [ 103.068543780000084, -1.078173358999948, 0.0 ], [ 103.072421906000045, -1.078127823999978, 0.0 ], [ 103.077274035000073, -1.08117667099998, 0.0 ], [ 103.077379489000066, -1.079847955999981, 0.0 ], [ 103.078349662000051, -1.079658139999935, 0.0 ], [ 103.082101593000061, -1.080084122999949, 0.0 ], [ 103.082091610000077, -1.080117748999953, 0.0 ], [ 103.078011330000038, -1.093861598999979, 0.0 ], [ 103.064499211000054, -1.109556582999971, 0.0 ], [ 103.064469340000073, -1.109591278999972, 0.0 ], [ 103.062729170000068, -1.111612568999931, 0.0 ], [ 103.06272073000008, -1.111622358999966, 0.0 ], [ 103.06195641000005, -1.112510148999945, 0.0 ], [ 103.061909170000035, -1.112565018999931, 0.0 ], [ 103.060262495000075, -1.114473781999948, 0.0 ], [ 103.057298531000072, -1.117920358999925, 0.0 ], [ 103.056038805000071, -1.119383552999977, 0.0 ], [ 103.055615665000062, -1.119875037999975, 0.0 ], [ 103.055607501000054, -1.119884519999971, 0.0 ], [ 103.055728392000049, -1.120577516999958, 0.0 ], [ 103.055136115000039, -1.121641918999956, 0.0 ], [ 103.054384174000063, -1.122852347999981, 0.0 ], [ 103.052348737000045, -1.125502267999934, 0.0 ], [ 103.051977070000078, -1.125986138999963, 0.0 ], [ 103.05108763700008, -1.12785835699998, 0.0 ], [ 103.05022729600006, -1.129504749999967, 0.0 ] ] ] ] } },
{ "type": "Feature", "properties": { "fid": 20380.0, "gid": null, "kdprov": "15", "kdkab": "07", "kdkec": "011", "kddesa": "006", "iddesa": "1507011006", "nmprov": "JAMBI", "nmkab": "TANJUNG JABUNG BARAT", "nmkec": "MERLUNG", "nmdesa": "BUKIT HARAPAN", "luas": null, "sumber": null, "periode": null, "layer": null, "path": null, "idkec": "1507011" }, "geometry": { "type": "MultiPolygon", "coordinates": [ [ [ [ 102.993540320000079, -1.428343198999926, 0.0 ], [ 102.990550400000075, -1.425182758999938, 0.0 ], [ 102.989479410000058, -1.423983288999978, 0.0 ], [ 102.988434400000074, -1.423248108999928, 0.0 ], [ 102.988340480000033, -1.423182038999926, 0.0 ], [ 102.984109200000034, -1.421814858999937, 0.0 ], [ 102.98337685000007, -1.421578228999977, 0.0 ], [ 102.981575990000067, -1.421276358999933, 0.0 ], [ 102.978937430000087, -1.421391248999953, 0.0 ], [ 102.976783540000042, -1.421781678999935, 0.0 ], [ 102.976618210000083, -1.421863888999951, 0.0 ], [ 102.982293130000073, -1.395670887999927, 0.0 ], [ 102.987308248000033, -1.37574288999997, 0.0 ], [ 102.988444890000039, -1.371803687999943, 0.0 ], [ 102.988605050000047, -1.37119834799995, 0.0 ], [ 102.98971307000005, -1.367010467999933, 0.0 ], [ 102.989718953000079, -1.366988233999962, 0.0 ], [ 102.990176390000045, -1.365259267999932, 0.0 ], [ 102.992921440000032, -1.354883817999962, 0.0 ], [ 102.993190550000065, -1.353866657999959, 0.0 ], [ 102.993240160000084, -1.35369112799998, 0.0 ], [ 102.993254775000082, -1.353639422999947, 0.0 ], [ 102.993763600000079, -1.351839267999935, 0.0 ], [ 102.994983728000079, -1.347522581999954, 0.0 ], [ 102.995653720000064, -1.345152217999953, 0.0 ], [ 102.995656995000047, -1.345140630999936, 0.0 ], [ 102.996316340000078, -1.34280790899993, 0.0 ], [ 102.996912330000043, -1.338587798999924, 0.0 ], [ 102.99699226000007, -1.33802174899995, 0.0 ], [ 102.998814670000058, -1.325117108999962, 0.0 ], [ 103.001626496000085, -1.31638609099997, 0.0 ], [ 103.001895582000088, -1.316400635999969, 0.0 ], [ 103.025851537000051, -1.31209931799998, 0.0 ], [ 103.026354286000071, -1.312009048999926, 0.0 ], [ 103.026352596000038, -1.312056015999929, 0.0 ], [ 103.02600373000007, -1.321750258999941, 0.0 ], [ 103.025305030000084, -1.325484328999949, 0.0 ], [ 103.023687030000076, -1.332743938999954, 0.0 ], [ 103.023680210000066, -1.332774537999967, 0.0 ], [ 103.021168666000051, -1.344043246999945, 0.0 ], [ 103.021166780000044, -1.344051708999928, 0.0 ], [ 103.02028155000005, -1.348023557999966, 0.0 ], [ 103.019992291000051, -1.348749650999935, 0.0 ], [ 103.017962290000071, -1.353845327999977, 0.0 ], [ 103.017940420000059, -1.353900225999951, 0.0 ], [ 103.015238080000074, -1.360683577999964, 0.0 ], [ 103.01512056200005, -1.360936698999978, 0.0 ], [ 103.010022290000052, -1.371917767999946, 0.0 ], [ 103.005910670000048, -1.38779485799995, 0.0 ], [ 103.003647510000064, -1.398517437999942, 0.0 ], [ 103.000152620000051, -1.411713797999937, 0.0 ], [ 103.000142710000034, -1.423263227999939, 0.0 ], [ 102.998375260000046, -1.431636108999953, 0.0 ], [ 102.996880220000037, -1.430869988999973, 0.0 ], [ 102.995193500000084, -1.429756098999974, 0.0 ], [ 102.993540320000079, -1.428343198999926, 0.0 ] ] ] ] } },
{ "type": "Feature", "properties": { "fid": 20368.0, "gid": null, "kdprov": "15", "kdkab": "07", "kdkec": "011", "kddesa": "007", "iddesa": "1507011007", "nmprov": "JAMBI", "nmkab": "TANJUNG JABUNG BARAT", "nmkec": "MERLUNG", "nmdesa": "ADI PURWA", "luas": null, "sumber": null, "periode": null, "layer": null, "path": null, "idkec": "1507011" }, "geometry": { "type": "MultiPolygon", "coordinates": [ [ [ [ 103.059907600000088, -1.381833757999971, 0.0 ], [ 103.059819100000084, -1.387494687999947, 0.0 ], [ 103.059803460000069, -1.388494068999933, 0.0 ], [ 103.05987145000006, -1.389151158999937, 0.0 ], [ 103.059811540000055, -1.389744428999961, 0.0 ], [ 103.060170060000075, -1.390249508999943, 0.0 ], [ 103.060621220000087, -1.390840798999932, 0.0 ], [ 103.061853180000071, -1.392973428999937, 0.0 ], [ 103.063688790000072, -1.395269248999966, 0.0 ], [ 103.065721430000053, -1.396375938999938, 0.0 ], [ 103.069999530000075, -1.398705158999974, 0.0 ], [ 103.071179090000044, -1.400976518999926, 0.0 ], [ 103.071178780000082, -1.401352518999943, 0.0 ], [ 103.07117855000007, -1.401636408999934, 0.0 ], [ 103.07117812000007, -1.402157018999958, 0.0 ], [ 103.071177890000058, -1.40244305899995, 0.0 ], [ 103.071003060000066, -1.40403146899996, 0.0 ], [ 103.069156060000068, -1.406912758999965, 0.0 ], [ 103.068955490000064, -1.407055688999947, 0.0 ], [ 103.068212100000039, -1.407585408999978, 0.0 ], [ 103.06819868000008, -1.407564488999981, 0.0 ], [ 103.068128720000061, -1.407644828999935, 0.0 ], [ 103.06803154000005, -1.407756408999944, 0.0 ], [ 103.065904300000057, -1.409443728999975, 0.0 ], [ 103.065214650000087, -1.409360518999961, 0.0 ], [ 103.064702690000047, -1.409298738999951, 0.0 ], [ 103.064613080000072, -1.409385768999925, 0.0 ], [ 103.064170150000052, -1.409329668999931, 0.0 ], [ 103.06389979000005, -1.409482428999979, 0.0 ], [ 103.06237912000006, -1.410341628999959, 0.0 ], [ 103.060253, -1.410677668999938, 0.0 ], [ 103.057958860000042, -1.411238768999965, 0.0 ], [ 103.055232360000048, -1.41226004899994, 0.0 ], [ 103.054209490000062, -1.412643188999937, 0.0 ], [ 103.054153220000046, -1.412739618999979, 0.0 ], [ 103.053257100000053, -1.41427516899995, 0.0 ], [ 103.051913240000033, -1.415737898999964, 0.0 ], [ 103.051967920000038, -1.417258118999939, 0.0 ], [ 103.052358530000049, -1.418440808999947, 0.0 ], [ 103.053452030000074, -1.420225978999952, 0.0 ], [ 103.053424180000036, -1.420253038999931, 0.0 ], [ 103.053280210000082, -1.420392858999946, 0.0 ], [ 103.053537480000045, -1.420413718999953, 0.0 ], [ 103.053674540000088, -1.420608088999927, 0.0 ], [ 103.053687150000087, -1.422579418999931, 0.0 ], [ 103.052175330000068, -1.42635581899998, 0.0 ], [ 103.05139795000008, -1.428297618999977, 0.0 ], [ 103.051578240000083, -1.431553788999963, 0.0 ], [ 103.051303450000034, -1.433237778999967, 0.0 ], [ 103.049399650000055, -1.434649608999962, 0.0 ], [ 103.049060720000057, -1.434900948999939, 0.0 ], [ 103.047533380000061, -1.436033608999935, 0.0 ], [ 103.046545710000032, -1.438747688999968, 0.0 ], [ 103.046515980000038, -1.438829398999928, 0.0 ], [ 103.044862790000082, -1.445682078999937, 0.0 ], [ 103.044320730000038, -1.448554828999931, 0.0 ], [ 103.043543880000072, -1.450786218999951, 0.0 ], [ 103.042452010000034, -1.451682398999935, 0.0 ], [ 103.039192610000043, -1.452131708999957, 0.0 ], [ 103.036506430000088, -1.452186778999931, 0.0 ], [ 103.03583868000004, -1.452016868999976, 0.0 ], [ 103.035675300000037, -1.451975288999961, 0.0 ], [ 103.035261100000071, -1.451869898999973, 0.0 ], [ 103.03171567000004, -1.447737618999952, 0.0 ], [ 103.030978350000055, -1.445461868999928, 0.0 ], [ 103.030910840000047, -1.443803918999947, 0.0 ], [ 103.030641530000082, -1.439095558999952, 0.0 ], [ 103.028304380000066, -1.436880618999965, 0.0 ], [ 103.026792890000081, -1.436501318999944, 0.0 ], [ 103.024273320000077, -1.436350808999975, 0.0 ], [ 103.021214070000042, -1.436314648999939, 0.0 ], [ 103.017431510000051, -1.437076888999968, 0.0 ], [ 103.016532440000049, -1.437440138999932, 0.0 ], [ 103.014612960000079, -1.438215658999979, 0.0 ], [ 103.014179400000046, -1.438390818999949, 0.0 ], [ 103.011824450000063, -1.439342288999967, 0.0 ], [ 103.010933590000036, -1.438721898999972, 0.0 ], [ 103.010506790000079, -1.438009208999972, 0.0 ], [ 103.010492100000079, -1.437984678999953, 0.0 ], [ 103.010468150000065, -1.435444028999939, 0.0 ], [ 103.010202460000073, -1.434814618999951, 0.0 ], [ 103.008206620000067, -1.433808098999975, 0.0 ], [ 103.004087730000037, -1.433204018999959, 0.0 ], [ 103.003904650000038, -1.433170668999935, 0.0 ], [ 103.000047710000047, -1.432467928999927, 0.0 ], [ 102.999971360000075, -1.432454008999969, 0.0 ], [ 102.998393700000065, -1.431645558999946, 0.0 ], [ 102.998375260000046, -1.431636108999953, 0.0 ], [ 103.000142710000034, -1.423263227999939, 0.0 ], [ 103.000152620000051, -1.411713797999937, 0.0 ], [ 103.003647510000064, -1.398517437999942, 0.0 ], [ 103.005910670000048, -1.38779485799995, 0.0 ], [ 103.010022290000052, -1.371917767999946, 0.0 ], [ 103.01512056200005, -1.360936698999978, 0.0 ], [ 103.015238080000074, -1.360683577999964, 0.0 ], [ 103.017940420000059, -1.353900225999951, 0.0 ], [ 103.017962290000071, -1.353845327999977, 0.0 ], [ 103.019992291000051, -1.348749650999935, 0.0 ], [ 103.02028155000005, -1.348023557999966, 0.0 ], [ 103.021166780000044, -1.344051708999928, 0.0 ], [ 103.021168666000051, -1.344043246999945, 0.0 ], [ 103.023680210000066, -1.332774537999967, 0.0 ], [ 103.023687030000076, -1.332743938999954, 0.0 ], [ 103.025305030000084, -1.325484328999949, 0.0 ], [ 103.02600373000007, -1.321750258999941, 0.0 ], [ 103.026428212000042, -1.321779918999937, 0.0 ], [ 103.037860760000058, -1.322835230999942, 0.0 ], [ 103.045134773000086, -1.324866286999963, 0.0 ], [ 103.050850069000035, -1.326661172999934, 0.0 ], [ 103.054605160000051, -1.326212450999947, 0.0 ], [ 103.055345172000045, -1.326232910999977, 0.0 ], [ 103.057029682000064, -1.326264221999963, 0.0 ], [ 103.057799923000061, -1.323743717999946, 0.0 ], [ 103.058022228000084, -1.323079932999974, 0.0 ], [ 103.056931054000074, -1.319489780999959, 0.0 ], [ 103.057576052000059, -1.318913665999958, 0.0 ], [ 103.058239837000087, -1.318356336999955, 0.0 ], [ 103.058945710000046, -1.316803144999938, 0.0 ], [ 103.059391228000038, -1.316072571999939, 0.0 ], [ 103.059409476000042, -1.316063762999931, 0.0 ], [ 103.061566670000047, -1.314971838999952, 0.0 ], [ 103.062652240000034, -1.314426598999944, 0.0 ], [ 103.062740160000033, -1.314572600999952, 0.0 ], [ 103.064086732000078, -1.316808743999957, 0.0 ], [ 103.064621030000069, -1.317696008999974, 0.0 ], [ 103.064649361000079, -1.317796104999957, 0.0 ], [ 103.064569457000061, -1.321085517999961, 0.0 ], [ 103.064560314000062, -1.321461891999945, 0.0 ], [ 103.064606569000034, -1.322974423999938, 0.0 ], [ 103.064608142000054, -1.32302587199996, 0.0 ], [ 103.060230966000063, -1.326137033999942, 0.0 ], [ 103.060230966000063, -1.327132602999939, 0.0 ], [ 103.060230966000063, -1.327140332999932, 0.0 ], [ 103.06171444000006, -1.327497348999941, 0.0 ], [ 103.066704950000087, -1.32788497599995, 0.0 ], [ 103.069397830000071, -1.328094138999973, 0.0 ], [ 103.071085867000079, -1.328225264999958, 0.0 ], [ 103.071271680000052, -1.328239698999937, 0.0 ], [ 103.071834240000044, -1.328283388999978, 0.0 ], [ 103.074092500000063, -1.328458808999926, 0.0 ], [ 103.074375600000053, -1.328480798999976, 0.0 ], [ 103.074389330000088, -1.328481858999965, 0.0 ], [ 103.074197930000082, -1.328788548999967, 0.0 ], [ 103.074191270000085, -1.328799218999961, 0.0 ], [ 103.073814010000035, -1.329403738999929, 0.0 ], [ 103.073824130000048, -1.329404428999965, 0.0 ], [ 103.073145520000082, -1.33049417899997, 0.0 ], [ 103.072608320000086, -1.331356828999958, 0.0 ], [ 103.072420966000038, -1.33165768899994, 0.0 ], [ 103.071792191000043, -1.332193996999933, 0.0 ], [ 103.069223822000083, -1.33678243199995, 0.0 ], [ 103.068513935000055, -1.337915084999963, 0.0 ], [ 103.068387989000087, -1.338116036999963, 0.0 ], [ 103.065761960000032, -1.342305968999938, 0.0 ], [ 103.065436490000081, -1.342966838999928, 0.0 ], [ 103.065218810000033, -1.343408838999949, 0.0 ], [ 103.061548910000056, -1.350860577999924, 0.0 ], [ 103.060353960000043, -1.353286907999973, 0.0 ], [ 103.059976932000041, -1.377399658999934, 0.0 ], [ 103.059907600000088, -1.381833757999971, 0.0 ] ] ] ] } },
{ "type": "Feature", "properties": { "fid": 20451.0, "gid": null, "kdprov": "15", "kdkab": "07", "kdkec": "011", "kddesa": "005", "iddesa": "1507011005", "nmprov": "JAMBI", "nmkab": "TANJUNG JABUNG BARAT", "nmkec": "MERLUNG", "nmdesa": "TANJUNG BENANAK", "luas": null, "sumber": null, "periode": null, "layer": null, "path": null, "idkec": "1507011" }, "geometry": { "type": "MultiPolygon", "coordinates": [ [ [ [ 102.964795540000068, -1.372045637999975, 0.0 ], [ 102.964725500000043, -1.371783497999957, 0.0 ], [ 102.965861690000054, -1.363827077999929, 0.0 ], [ 102.965521310000042, -1.356368237999959, 0.0 ], [ 102.965929730000084, -1.352245897999978, 0.0 ], [ 102.966359040000043, -1.347912707999967, 0.0 ], [ 102.96689155200005, -1.345897708999928, 0.0 ], [ 102.96530761300005, -1.345135847999927, 0.0 ], [ 102.964915946000076, -1.344286318999934, 0.0 ], [ 102.965915523000035, -1.343312117999972, 0.0 ], [ 102.967457425000077, -1.343677701999979, 0.0 ], [ 102.967118118000087, -1.340059910999969, 0.0 ], [ 102.967050952000079, -1.340094002999933, 0.0 ], [ 102.962034795000079, -1.337773403999961, 0.0 ], [ 102.961599082000077, -1.335784452999974, 0.0 ], [ 102.960256525000034, -1.335830351999959, 0.0 ], [ 102.96027373700008, -1.332669025999962, 0.0 ], [ 102.961634763000063, -1.332689827999957, 0.0 ], [ 102.961905802000047, -1.330672091999929, 0.0 ], [ 102.964128175000042, -1.331126003999941, 0.0 ], [ 102.964246676000073, -1.328514815999938, 0.0 ], [ 102.966766886000073, -1.328481629999942, 0.0 ], [ 102.968523006000055, -1.317548181999939, 0.0 ], [ 102.969471375000069, -1.311517242999969, 0.0 ], [ 102.970699240000044, -1.30370888899995, 0.0 ], [ 102.973009840000032, -1.30037356899993, 0.0 ], [ 102.976129317000073, -1.297234541999956, 0.0 ], [ 102.976211019000061, -1.297411563999958, 0.0 ], [ 102.976439762000041, -1.30200277299997, 0.0 ], [ 102.97656216200005, -1.304459514999962, 0.0 ], [ 102.976862224000058, -1.31048218899997, 0.0 ], [ 102.977090291000081, -1.31505980999998, 0.0 ], [ 102.984529962000067, -1.315461954999932, 0.0 ], [ 102.988534572000049, -1.315678419999927, 0.0 ], [ 103.001626496000085, -1.31638609099997, 0.0 ], [ 102.998814670000058, -1.325117108999962, 0.0 ], [ 102.99699226000007, -1.33802174899995, 0.0 ], [ 102.991928840000071, -1.336317718999965, 0.0 ], [ 102.988213664000057, -1.336175159999925, 0.0 ], [ 102.984117640000079, -1.336020098999938, 0.0 ], [ 102.980262270000082, -1.337910098999942, 0.0 ], [ 102.980252777000032, -1.33791475299995, 0.0 ], [ 102.97774897000005, -1.339142170999935, 0.0 ], [ 102.976582460000088, -1.339714018999928, 0.0 ], [ 102.976582214000075, -1.339724873999955, 0.0 ], [ 102.975967250000053, -1.339924537999934, 0.0 ], [ 102.975109473000032, -1.340203036999981, 0.0 ], [ 102.974785550000036, -1.340243526999927, 0.0 ], [ 102.974906776000068, -1.342311937999966, 0.0 ], [ 102.974965821000069, -1.343319402999953, 0.0 ], [ 102.97500315700006, -1.343956443999957, 0.0 ], [ 102.975363276000053, -1.345971578999979, 0.0 ], [ 102.975327865000054, -1.345970885999975, 0.0 ], [ 102.977299386000084, -1.347780192999949, 0.0 ], [ 102.977315145000034, -1.347819672999947, 0.0 ], [ 102.978037700000073, -1.349629807999975, 0.0 ], [ 102.978093502000036, -1.349604696999961, 0.0 ], [ 102.978097501000036, -1.349603411999965, 0.0 ], [ 102.978098094000075, -1.349603220999938, 0.0 ], [ 102.978098296000042, -1.349603155999944, 0.0 ], [ 102.978099107000048, -1.349602895999965, 0.0 ], [ 102.978155285000071, -1.349584837999942, 0.0 ], [ 102.985709834000033, -1.350009978999935, 0.0 ], [ 102.987850430000037, -1.350113307999948, 0.0 ], [ 102.993763600000079, -1.351839267999935, 0.0 ], [ 102.993254775000082, -1.353639422999947, 0.0 ], [ 102.993240160000084, -1.35369112799998, 0.0 ], [ 102.993190550000065, -1.353866657999959, 0.0 ], [ 102.992921440000032, -1.354883817999962, 0.0 ], [ 102.990176390000045, -1.365259267999932, 0.0 ], [ 102.989718953000079, -1.366988233999962, 0.0 ], [ 102.98971307000005, -1.367010467999933, 0.0 ], [ 102.988605050000047, -1.37119834799995, 0.0 ], [ 102.988444890000039, -1.371803687999943, 0.0 ], [ 102.987308248000033, -1.37574288999997, 0.0 ], [ 102.982293130000073, -1.395670887999927, 0.0 ], [ 102.976618210000083, -1.421863888999951, 0.0 ], [ 102.973354440000037, -1.423486718999925, 0.0 ], [ 102.971987600000034, -1.423576418999971, 0.0 ], [ 102.969836480000083, -1.422933868999962, 0.0 ], [ 102.969473410000035, -1.422825418999935, 0.0 ], [ 102.964350180000054, -1.421088888999975, 0.0 ], [ 102.961417550000078, -1.420247758999949, 0.0 ], [ 102.963565260000053, -1.407671907999941, 0.0 ], [ 102.965669790000049, -1.399716367999929, 0.0 ], [ 102.96680334000007, -1.395007877999944, 0.0 ], [ 102.967459870000084, -1.382016777999979, 0.0 ], [ 102.965689803000032, -1.375392379999937, 0.0 ], [ 102.964795540000068, -1.372045637999975, 0.0 ] ] ] ] } },
{ "type": "Feature", "properties": { "fid": 20311.0, "gid": null, "kdprov": "15", "kdkab": "07", "kdkec": "041", "kddesa": "010", "iddesa": "1507041010", "nmprov": "JAMBI", "nmkab": "TANJUNG JABUNG BARAT", "nmkec": "KUALA BETARA", "nmdesa": "SUAK LABU", "luas": null, "sumber": null, "periode": null, "layer": null, "path": null, "idkec": "1507041" }, "geometry": { "type": "MultiPolygon", "coordinates": [ [ [ [ 103.458870110000078, -0.940631738999969, 0.0 ], [ 103.45857766000006, -0.946051524999973, 0.0 ], [ 103.458538240000053, -0.946782068999937, 0.0 ], [ 103.458535410000081, -0.946834398999954, 0.0 ], [ 103.457960488000083, -0.957489101999954, 0.0 ], [ 103.457003700000087, -0.975220728999943, 0.0 ], [ 103.456878410000058, -0.977542708999977, 0.0 ], [ 103.456678440000076, -0.981245568999952, 0.0 ], [ 103.456679699000063, -0.981366836999939, 0.0 ], [ 103.456708020000065, -0.984095162999949, 0.0 ], [ 103.45671913700005, -0.985166109999966, 0.0 ], [ 103.453665, -0.98518166599996, 0.0 ], [ 103.453598333000059, -0.985214998999936, 0.0 ], [ 103.451572043000056, -0.985455711999975, 0.0 ], [ 103.443971508000061, -0.98635861899993, 0.0 ], [ 103.443742890000067, -0.982518718999927, 0.0 ], [ 103.443742894000081, -0.982518680999931, 0.0 ], [ 103.444548370000064, -0.975063138999928, 0.0 ], [ 103.442327130000081, -0.968992788999969, 0.0 ], [ 103.441984410000032, -0.96187858899998, 0.0 ], [ 103.439414850000048, -0.960981938999964, 0.0 ], [ 103.437357600000041, -0.951807328999962, 0.0 ], [ 103.436603440000056, -0.948444058999939, 0.0 ], [ 103.434187440000073, -0.944777348999935, 0.0 ], [ 103.434198576000085, -0.944740373999934, 0.0 ], [ 103.435798600000055, -0.939427758999955, 0.0 ], [ 103.435923750000086, -0.936611958999947, 0.0 ], [ 103.43632858400008, -0.934803702999943, 0.0 ], [ 103.436862350000069, -0.932419548999974, 0.0 ], [ 103.43723779000004, -0.927413678999926, 0.0 ], [ 103.436799780000058, -0.923721858999954, 0.0 ], [ 103.436361760000068, -0.91902885899998, 0.0 ], [ 103.43601915000005, -0.916267498999957, 0.0 ], [ 103.435810950000075, -0.91332290899993, 0.0 ], [ 103.435840690000077, -0.911776258999964, 0.0 ], [ 103.435781210000073, -0.909783458999925, 0.0 ], [ 103.435691980000058, -0.908385528999929, 0.0 ], [ 103.435840690000077, -0.905440948999967, 0.0 ], [ 103.435751460000063, -0.90282353899994, 0.0 ], [ 103.435632490000046, -0.901812268999947, 0.0 ], [ 103.435444960000041, -0.90018073899995, 0.0 ], [ 103.435652770000047, -0.900462268999945, 0.0 ], [ 103.437650530000042, -0.900404478999974, 0.0 ], [ 103.44012328000008, -0.899106798999981, 0.0 ], [ 103.441171570000051, -0.898320298999977, 0.0 ], [ 103.441246393000085, -0.898264161999975, 0.0 ], [ 103.442467210000075, -0.89734821899998, 0.0 ], [ 103.443300050000062, -0.896292828999947, 0.0 ], [ 103.443377680000083, -0.896035238999957, 0.0 ], [ 103.444046090000086, -0.893817148999972, 0.0 ], [ 103.444058980000079, -0.892853578999961, 0.0 ], [ 103.444476866000059, -0.892258010999967, 0.0 ], [ 103.444965723000053, -0.891561296999953, 0.0 ], [ 103.444987410000067, -0.891530388999968, 0.0 ], [ 103.44514821000007, -0.891448578999928, 0.0 ], [ 103.445648377000055, -0.891194092999967, 0.0 ], [ 103.446355810000057, -0.890834148999943, 0.0 ], [ 103.446924270000068, -0.890544918999979, 0.0 ], [ 103.448251870000036, -0.890453278999928, 0.0 ], [ 103.448990593000076, -0.890402284999936, 0.0 ], [ 103.449548270000037, -0.890363788999935, 0.0 ], [ 103.45153251000005, -0.891134998999974, 0.0 ], [ 103.453051540000047, -0.891255548999936, 0.0 ], [ 103.454235810000057, -0.890030208999974, 0.0 ], [ 103.454712330000064, -0.889263458999949, 0.0 ], [ 103.454712350000079, -0.889263408999966, 0.0 ], [ 103.455787990000033, -0.88749017899994, 0.0 ], [ 103.456040830000063, -0.88697093899998, 0.0 ], [ 103.456139200000052, -0.886768908999954, 0.0 ], [ 103.456356408000033, -0.886322846999974, 0.0 ], [ 103.456383087000063, -0.886137083999927, 0.0 ], [ 103.456383091000077, -0.886137056999928, 0.0 ], [ 103.456384580000076, -0.886125448999962, 0.0 ], [ 103.456413490000045, -0.885900128999936, 0.0 ], [ 103.456496240000035, -0.885255238999946, 0.0 ], [ 103.456484352000075, -0.885017152999978, 0.0 ], [ 103.456461476000072, -0.884859878999976, 0.0 ], [ 103.456476834000057, -0.884866582999962, 0.0 ], [ 103.456475070000067, -0.88483126899996, 0.0 ], [ 103.456772050000041, -0.884968918999959, 0.0 ], [ 103.45706935000004, -0.885106718999964, 0.0 ], [ 103.458225209000034, -0.885642473999951, 0.0 ], [ 103.458251892000078, -0.885870703999956, 0.0 ], [ 103.458483126000033, -0.886352993999935, 0.0 ], [ 103.459018269000069, -0.887558715999944, 0.0 ], [ 103.459163616000069, -0.888292059999969, 0.0 ], [ 103.459183436000046, -0.888599271999965, 0.0 ], [ 103.459236290000035, -0.889061740999978, 0.0 ], [ 103.459170223000058, -0.889524209999934, 0.0 ], [ 103.459408064000058, -0.890283979999936, 0.0 ], [ 103.459593052000059, -0.890772875999971, 0.0 ], [ 103.459593052000059, -0.891248558999962, 0.0 ], [ 103.459689261000051, -0.891611529999977, 0.0 ], [ 103.459738399000059, -0.891796914999929, 0.0 ], [ 103.459857320000083, -0.892351877999943, 0.0 ], [ 103.459725186000071, -0.892497224999943, 0.0 ], [ 103.45948734500007, -0.892602931999932, 0.0 ], [ 103.45924950300008, -0.893105041999945, 0.0 ], [ 103.459196650000081, -0.893679823999946, 0.0 ], [ 103.459236290000035, -0.894049799999948, 0.0 ], [ 103.459355210000069, -0.894472628999949, 0.0 ], [ 103.459566625000036, -0.894842603999962, 0.0 ], [ 103.459778039000071, -0.895054017999939, 0.0 ], [ 103.45997624000006, -0.89523900599994, 0.0 ], [ 103.460372642000038, -0.89572129499993, 0.0 ], [ 103.460597270000051, -0.896210190999966, 0.0 ], [ 103.460927605000052, -0.897709911999925, 0.0 ], [ 103.461297580000064, -0.899236059999964, 0.0 ], [ 103.461601489000088, -0.901132182999959, 0.0 ], [ 103.462130025000079, -0.907236773999955, 0.0 ], [ 103.45993382100005, -0.906888169999945, 0.0 ], [ 103.459947190000037, -0.90699307899996, 0.0 ], [ 103.458729210000058, -0.907121608999944, 0.0 ], [ 103.456908470000087, -0.907313748999968, 0.0 ], [ 103.454265088000056, -0.908472253999946, 0.0 ], [ 103.453963890000068, -0.908604258999958, 0.0 ], [ 103.453789340000071, -0.908680758999935, 0.0 ], [ 103.455225920000032, -0.915120698999942, 0.0 ], [ 103.455965732000038, -0.917731419999939, 0.0 ], [ 103.456663080000055, -0.920192288999942, 0.0 ], [ 103.45833624900007, -0.923142649999932, 0.0 ], [ 103.458461, -0.923362628999939, 0.0 ], [ 103.458580740000059, -0.923573768999972, 0.0 ], [ 103.459107460000041, -0.926391258999956, 0.0 ], [ 103.459107920000065, -0.926809833999926, 0.0 ], [ 103.459118060000037, -0.936036498999954, 0.0 ], [ 103.459072939000066, -0.936872717999961, 0.0 ], [ 103.458870110000078, -0.940631738999969, 0.0 ] ] ] ] } },
{ "type": "Feature", "properties": { "fid": 21710.0, "gid": null, "kdprov": "15", "kdkab": "07", "kdkec": "010", "kddesa": "018", "iddesa": "1507010018", "nmprov": "JAMBI", "nmkab": "TANJUNG JABUNG BARAT", "nmkec": "TUNGKAL ULU", "nmdesa": "KUALA DASAL", "luas": null, "sumber": null, "periode": null, "layer": null, "path": null, "idkec": "1507010" }, "geometry": { "type": "MultiPolygon", "coordinates": [ [ [ [ 103.140754710000067, -1.216334778999965, 0.0 ], [ 103.13974791000004, -1.218269608999947, 0.0 ], [ 103.13825864000006, -1.226989198999945, 0.0 ], [ 103.137830870000073, -1.230283358999941, 0.0 ], [ 103.136525250000034, -1.231186798999943, 0.0 ], [ 103.136126190000084, -1.230784588999938, 0.0 ], [ 103.133920670000066, -1.223409388999926, 0.0 ], [ 103.132512920000067, -1.220774278999954, 0.0 ], [ 103.129795930000057, -1.217425298999956, 0.0 ], [ 103.127072300000066, -1.213372938999953, 0.0 ], [ 103.124860630000057, -1.21145023899993, 0.0 ], [ 103.123559500000056, -1.209329598999943, 0.0 ], [ 103.121949230000041, -1.207395358999975, 0.0 ], [ 103.120249450000074, -1.204262438999933, 0.0 ], [ 103.117569210000056, -1.201346058999945, 0.0 ], [ 103.116727020000042, -1.200429658999951, 0.0 ], [ 103.116681610000057, -1.20078131899993, 0.0 ], [ 103.116099130000066, -1.200965138999948, 0.0 ], [ 103.114955810000083, -1.200964348999946, 0.0 ], [ 103.114380440000048, -1.201155338999968, 0.0 ], [ 103.113757450000037, -1.201489848999927, 0.0 ], [ 103.113174970000046, -1.201676058999965, 0.0 ], [ 103.112500010000076, -1.201524868999968, 0.0 ], [ 103.111727710000082, -1.201206128999956, 0.0 ], [ 103.110725670000079, -1.200966928999947, 0.0 ], [ 103.109422340000037, -1.200984928999958, 0.0 ], [ 103.107914480000034, -1.201338418999967, 0.0 ], [ 103.106479770000078, -1.201299328999937, 0.0 ], [ 103.106143510000038, -1.201186648999965, 0.0 ], [ 103.105602950000048, -1.200884818999953, 0.0 ], [ 103.104862740000044, -1.200587638999934, 0.0 ], [ 103.10445511000006, -1.200550268999962, 0.0 ], [ 103.103656470000033, -1.200529378999931, 0.0 ], [ 103.101619176000042, -1.184872414999973, 0.0 ], [ 103.102226924000036, -1.184895377999965, 0.0 ], [ 103.100119512000049, -1.173285775999943, 0.0 ], [ 103.100099810000074, -1.173177238999926, 0.0 ], [ 103.099799610000048, -1.170355918999974, 0.0 ], [ 103.104159855000034, -1.169747340999947, 0.0 ], [ 103.104790668000078, -1.16538279699995, 0.0 ], [ 103.104802547000077, -1.165335280999955, 0.0 ], [ 103.108744840000043, -1.166912197999977, 0.0 ], [ 103.108570092000036, -1.149262634999957, 0.0 ], [ 103.12249928600005, -1.150782929999934, 0.0 ], [ 103.124846151000042, -1.148809429999972, 0.0 ], [ 103.124844004000067, -1.148808761999931, 0.0 ], [ 103.125579042000084, -1.148652370999969, 0.0 ], [ 103.121086835000085, -1.146614239999963, 0.0 ], [ 103.102843480000047, -1.141146988999935, 0.0 ], [ 103.100727659000086, -1.133340693999969, 0.0 ], [ 103.096999060000087, -1.117514298999936, 0.0 ], [ 103.097888540000042, -1.116207778999978, 0.0 ], [ 103.108472856000049, -1.100660431999927, 0.0 ], [ 103.107752151000057, -1.112577278999936, 0.0 ], [ 103.107519639000088, -1.115807973999949, 0.0 ], [ 103.10732383900006, -1.118879581999977, 0.0 ], [ 103.107140277000042, -1.121296484999959, 0.0 ], [ 103.106981190000056, -1.123174937999977, 0.0 ], [ 103.106956715000081, -1.124796403999937, 0.0 ], [ 103.106871052000088, -1.127715042999966, 0.0 ], [ 103.106785390000084, -1.13368081599998, 0.0 ], [ 103.106773153000063, -1.136581098999955, 0.0 ], [ 103.119246205000081, -1.136507673999972, 0.0 ], [ 103.130002341000079, -1.136414697999953, 0.0 ], [ 103.130167580000034, -1.143888978999939, 0.0 ], [ 103.130173410000054, -1.144152518999931, 0.0 ], [ 103.140954229000045, -1.14335979699996, 0.0 ], [ 103.143764320000059, -1.143153168999959, 0.0 ], [ 103.145628455000065, -1.14301609499995, 0.0 ], [ 103.146274240000082, -1.142968608999979, 0.0 ], [ 103.146950285000059, -1.14291889499998, 0.0 ], [ 103.149344960000064, -1.142742798999961, 0.0 ], [ 103.149583150000069, -1.142725278999933, 0.0 ], [ 103.157723847000057, -1.142819608999957, 0.0 ], [ 103.157963770000038, -1.142822388999946, 0.0 ], [ 103.165779010000051, -1.142767188999926, 0.0 ], [ 103.166997264000088, -1.142689464999933, 0.0 ], [ 103.166997264000088, -1.141444659999934, 0.0 ], [ 103.167271140000082, -1.141424518999941, 0.0 ], [ 103.171094010000047, -1.141143378999971, 0.0 ], [ 103.172159810000039, -1.141064988999972, 0.0 ], [ 103.178276350000033, -1.140615148999927, 0.0 ], [ 103.180294520000075, -1.14046671899996, 0.0 ], [ 103.184854470000062, -1.140131328999928, 0.0 ], [ 103.184949789000086, -1.140124317999948, 0.0 ], [ 103.188207198000043, -1.139884736999932, 0.0 ], [ 103.191283860000055, -1.139658448999967, 0.0 ], [ 103.192238900000063, -1.139588208999953, 0.0 ], [ 103.197629930000062, -1.139191628999924, 0.0 ], [ 103.197644610000054, -1.139190548999977, 0.0 ], [ 103.201405160000036, -1.138913978999938, 0.0 ], [ 103.202769130000036, -1.138813658999936, 0.0 ], [ 103.206524650000063, -1.138537388999964, 0.0 ], [ 103.216942310000036, -1.137771018999956, 0.0 ], [ 103.243580050000048, -1.135811418999936, 0.0 ], [ 103.243694030000086, -1.135803028999931, 0.0 ], [ 103.244070690000058, -1.135775318999947, 0.0 ], [ 103.244070690000058, -1.135775638999974, 0.0 ], [ 103.244086370000048, -1.136800438999956, 0.0 ], [ 103.244091260000062, -1.137120428999935, 0.0 ], [ 103.24417421000004, -1.142542668999965, 0.0 ], [ 103.244233720000068, -1.146433328999933, 0.0 ], [ 103.244233767000082, -1.14643640099996, 0.0 ], [ 103.244280950000075, -1.149522408999928, 0.0 ], [ 103.244284370000059, -1.149746558999936, 0.0 ], [ 103.244478550000053, -1.162448258999973, 0.0 ], [ 103.244585260000065, -1.169428908999976, 0.0 ], [ 103.244630020000045, -1.172357088999945, 0.0 ], [ 103.244635681000034, -1.172727442999928, 0.0 ], [ 103.244653460000052, -1.173890648999929, 0.0 ], [ 103.245986640000069, -1.178704188999973, 0.0 ], [ 103.245990008000035, -1.178716349999945, 0.0 ], [ 103.260543910000081, -1.231264508999971, 0.0 ], [ 103.260539720000054, -1.23126364899997, 0.0 ], [ 103.237462160000064, -1.226556788999972, 0.0 ], [ 103.212905530000057, -1.22051584899998, 0.0 ], [ 103.193531110000038, -1.210734698999943, 0.0 ], [ 103.186414065000065, -1.20714166099998, 0.0 ], [ 103.182809680000048, -1.20532198899997, 0.0 ], [ 103.180179290000069, -1.204323458999966, 0.0 ], [ 103.173651770000049, -1.20184570899994, 0.0 ], [ 103.170966760000056, -1.196673628999974, 0.0 ], [ 103.17053068000007, -1.191129828999976, 0.0 ], [ 103.170508900000073, -1.190400908999948, 0.0 ], [ 103.17040508000008, -1.186926068999981, 0.0 ], [ 103.169384580000042, -1.184461078999959, 0.0 ], [ 103.168437060000088, -1.183060808999926, 0.0 ], [ 103.16743874000008, -1.18295005899995, 0.0 ], [ 103.165372730000058, -1.183904268999925, 0.0 ], [ 103.163172380000049, -1.186326428999962, 0.0 ], [ 103.160309670000061, -1.190928008999947, 0.0 ], [ 103.160091290000082, -1.191279035999969, 0.0 ], [ 103.157042630000035, -1.196179498999925, 0.0 ], [ 103.146965350000073, -1.211869878999948, 0.0 ], [ 103.146739780000075, -1.212174458999925, 0.0 ], [ 103.145081020000077, -1.214414198999975, 0.0 ], [ 103.144899765000048, -1.214450857999964, 0.0 ], [ 103.14206297000004, -1.215024598999946, 0.0 ], [ 103.141614330000039, -1.21547389899996, 0.0 ], [ 103.140754710000067, -1.216334778999965, 0.0 ] ] ] ] } },
{ "type": "Feature", "properties": { "fid": 21737.0, "gid": null, "kdprov": "15", "kdkab": "07", "kdkec": "010", "kddesa": "019", "iddesa": "1507010019", "nmprov": "JAMBI", "nmkab": "TANJUNG JABUNG BARAT", "nmkec": "TUNGKAL ULU", "nmdesa": "PEMATANG PAUH", "luas": null, "sumber": null, "periode": null, "layer": null, "path": null, "idkec": "1507010" }, "geometry": { "type": "MultiPolygon", "coordinates": [ [ [ [ 103.100099810000074, -1.173177238999926, 0.0 ], [ 103.100119512000049, -1.173285775999943, 0.0 ], [ 103.10011228500008, -1.17329171199998, 0.0 ], [ 103.100111870000035, -1.173288518999925, 0.0 ], [ 103.100111760000061, -1.173289528999931, 0.0 ], [ 103.098576750000063, -1.173806578999972, 0.0 ], [ 103.09820902000007, -1.173929828999974, 0.0 ], [ 103.093801030000066, -1.174493868999946, 0.0 ], [ 103.088536600000054, -1.17604216899997, 0.0 ], [ 103.083010030000082, -1.176501878999943, 0.0 ], [ 103.079971130000047, -1.176499768999975, 0.0 ], [ 103.079964647000054, -1.17649976499996, 0.0 ], [ 103.079160270000045, -1.182235142999957, 0.0 ], [ 103.078784384000073, -1.18342131199995, 0.0 ], [ 103.075580689000049, -1.183151841999972, 0.0 ], [ 103.071256572000038, -1.181311791999974, 0.0 ], [ 103.071583941000085, -1.17923349299997, 0.0 ], [ 103.072123696000062, -1.175806865999959, 0.0 ], [ 103.070576660000086, -1.175566208999953, 0.0 ], [ 103.070095310000056, -1.175519728999973, 0.0 ], [ 103.068616746000032, -1.175376950999976, 0.0 ], [ 103.068532120000043, -1.175368778999939, 0.0 ], [ 103.063669380000078, -1.17489921899994, 0.0 ], [ 103.059765280000079, -1.174278578999974, 0.0 ], [ 103.059763230000044, -1.17427824899994, 0.0 ], [ 103.059791546000042, -1.174183840999945, 0.0 ], [ 103.059732706000034, -1.17420769499995, 0.0 ], [ 103.059587203000035, -1.153946357999928, 0.0 ], [ 103.063697672000046, -1.15365535199993, 0.0 ], [ 103.063786630000038, -1.153683557999955, 0.0 ], [ 103.069077320000076, -1.152625588999967, 0.0 ], [ 103.069155644000034, -1.152609926999958, 0.0 ], [ 103.069177618000083, -1.152605532999928, 0.0 ], [ 103.074707270000033, -1.151499778999948, 0.0 ], [ 103.080459150000081, -1.150351048999937, 0.0 ], [ 103.081967250000048, -1.150689628999942, 0.0 ], [ 103.082853770000042, -1.150888658999975, 0.0 ], [ 103.08488071000005, -1.151343708999946, 0.0 ], [ 103.085389478000081, -1.151522992999958, 0.0 ], [ 103.085943340000085, -1.15140602799994, 0.0 ], [ 103.085832431000085, -1.15109532699995, 0.0 ], [ 103.086091985000053, -1.15097734699998, 0.0 ], [ 103.08656390200008, -1.150910849999946, 0.0 ], [ 103.087127323000061, -1.150811592999958, 0.0 ], [ 103.088334420000081, -1.149619748999953, 0.0 ], [ 103.088463310000066, -1.149614268999926, 0.0 ], [ 103.104887260000055, -1.148915878999958, 0.0 ], [ 103.104887690000055, -1.148915858999942, 0.0 ], [ 103.104887620000056, -1.148915588999955, 0.0 ], [ 103.104887603000066, -1.148915528999964, 0.0 ], [ 103.104872069000066, -1.14885901599996, 0.0 ], [ 103.104872812000053, -1.148859096999956, 0.0 ], [ 103.108570092000036, -1.149262634999957, 0.0 ], [ 103.108744840000043, -1.166912197999977, 0.0 ], [ 103.104802547000077, -1.165335280999955, 0.0 ], [ 103.104790668000078, -1.16538279699995, 0.0 ], [ 103.104159855000034, -1.169747340999947, 0.0 ], [ 103.099799610000048, -1.170355918999974, 0.0 ], [ 103.100099810000074, -1.173177238999926, 0.0 ] ] ] ] } },
{ "type": "Feature", "properties": { "fid": 21671.0, "gid": null, "kdprov": "15", "kdkab": "07", "kdkec": "010", "kddesa": "016", "iddesa": "1507010016", "nmprov": "JAMBI", "nmkab": "TANJUNG JABUNG BARAT", "nmkec": "TUNGKAL ULU", "nmdesa": "BADANG", "luas": null, "sumber": null, "periode": null, "layer": null, "path": null, "idkec": "1507010" }, "geometry": { "type": "MultiPolygon", "coordinates": [ [ [ [ 103.037044838000043, -1.219972265999957, 0.0 ], [ 103.03704179600004, -1.219629479999981, 0.0 ], [ 103.037035037000066, -1.218021801999953, 0.0 ], [ 103.035354678000033, -1.215920336999943, 0.0 ], [ 103.040723205000063, -1.21173052599994, 0.0 ], [ 103.042454425000074, -1.207299194999962, 0.0 ], [ 103.042129382000041, -1.20732093099997, 0.0 ], [ 103.042491799000061, -1.206023072999926, 0.0 ], [ 103.049208518000057, -1.204386333999935, 0.0 ], [ 103.050136158000043, -1.204882827999938, 0.0 ], [ 103.054661723000038, -1.203387893999945, 0.0 ], [ 103.058967893000045, -1.203565046999927, 0.0 ], [ 103.060633457000051, -1.205007640999952, 0.0 ], [ 103.062693714000034, -1.203357896999933, 0.0 ], [ 103.066100103000053, -1.205908607999959, 0.0 ], [ 103.070143427000062, -1.207925144999933, 0.0 ], [ 103.069558727000071, -1.208798834999925, 0.0 ], [ 103.065930238000078, -1.212545544999955, 0.0 ], [ 103.065551689000074, -1.212913939999964, 0.0 ], [ 103.064551049000045, -1.213890680999953, 0.0 ], [ 103.064050063000082, -1.21443254199994, 0.0 ], [ 103.064036945000055, -1.214419347999979, 0.0 ], [ 103.064036422000072, -1.214423447999934, 0.0 ], [ 103.062545013000033, -1.216133111999966, 0.0 ], [ 103.062196935000088, -1.216383139999948, 0.0 ], [ 103.062102377000087, -1.216416754999955, 0.0 ], [ 103.061457106000034, -1.216914565999957, 0.0 ], [ 103.061232106000034, -1.217076184999939, 0.0 ], [ 103.059962329000086, -1.21798827899994, 0.0 ], [ 103.058652799000072, -1.221662237999965, 0.0 ], [ 103.058070786000087, -1.224681430999965, 0.0 ], [ 103.058093575000044, -1.224749798999937, 0.0 ], [ 103.056891660000076, -1.224971788999937, 0.0 ], [ 103.051874440000063, -1.225897908999968, 0.0 ], [ 103.04968911900005, -1.226669084999969, 0.0 ], [ 103.049592110000049, -1.225698990999945, 0.0 ], [ 103.049620901000083, -1.225480364999953, 0.0 ], [ 103.048674113000061, -1.225372796999977, 0.0 ], [ 103.042559190000077, -1.222876698999926, 0.0 ], [ 103.037044838000043, -1.219972265999957, 0.0 ] ] ] ] } },
{ "type": "Feature", "properties": { "fid": 21423.0, "gid": null, "kdprov": "15", "kdkab": "07", "kdkec": "040", "kddesa": "008", "iddesa": "1507040008", "nmprov": "JAMBI", "nmkab": "TANJUNG JABUNG BARAT", "nmkec": "BETARA", "nmdesa": "MAKMUR JAYA", "luas": null, "sumber": null, "periode": null, "layer": null, "path": null, "idkec": "1507040" }, "geometry": { "type": "MultiPolygon", "coordinates": [ [ [ [ 103.421235850000073, -0.942566768999939, 0.0 ], [ 103.418549376000044, -0.939651896999976, 0.0 ], [ 103.416740670000081, -0.93768941899998, 0.0 ], [ 103.413196022000079, -0.932121586999926, 0.0 ], [ 103.413195750000057, -0.932121158999962, 0.0 ], [ 103.413193058000047, -0.932121604999963, 0.0 ], [ 103.408507220000047, -0.932897668999942, 0.0 ], [ 103.408018780000077, -0.93215239899996, 0.0 ], [ 103.407859934000044, -0.932004699999936, 0.0 ], [ 103.40747022100004, -0.931642332999957, 0.0 ], [ 103.406607210000061, -0.930839878999961, 0.0 ], [ 103.406579010000087, -0.93081873899996, 0.0 ], [ 103.406572440000048, -0.930813808999972, 0.0 ], [ 103.406572330000074, -0.930813908999937, 0.0 ], [ 103.406569280000042, -0.930811438999967, 0.0 ], [ 103.40649465000007, -0.930755508999937, 0.0 ], [ 103.406485380000049, -0.930748558999937, 0.0 ], [ 103.40647811000008, -0.930743108999934, 0.0 ], [ 103.405371780000053, -0.929913918999944, 0.0 ], [ 103.405360580000035, -0.929881438999928, 0.0 ], [ 103.405359540000063, -0.929878428999928, 0.0 ], [ 103.405166610000038, -0.929319278999969, 0.0 ], [ 103.404966800000068, -0.92874016899998, 0.0 ], [ 103.404992840000034, -0.92718403899994, 0.0 ], [ 103.405128019000074, -0.92689181999998, 0.0 ], [ 103.406007590000058, -0.924990428999934, 0.0 ], [ 103.406911860000037, -0.924175738999963, 0.0 ], [ 103.407224500000041, -0.923894068999971, 0.0 ], [ 103.408984110000063, -0.923098918999926, 0.0 ], [ 103.409480680000058, -0.922874528999955, 0.0 ], [ 103.409866080000086, -0.922310778999929, 0.0 ], [ 103.409877357000084, -0.922294282999928, 0.0 ], [ 103.410038630000088, -0.922058378999964, 0.0 ], [ 103.410038640000039, -0.92205834899994, 0.0 ], [ 103.41044504000007, -0.920017658999939, 0.0 ], [ 103.410440403000052, -0.91998394899997, 0.0 ], [ 103.410427060000075, -0.919886948999931, 0.0 ], [ 103.410015560000033, -0.916905038999971, 0.0 ], [ 103.410421490000033, -0.915910298999961, 0.0 ], [ 103.41144507000007, -0.915110978999962, 0.0 ], [ 103.412270333000038, -0.914466540999967, 0.0 ], [ 103.412576500000057, -0.91422745899996, 0.0 ], [ 103.416581660000077, -0.912468918999934, 0.0 ], [ 103.419401400000083, -0.912490515999934, 0.0 ], [ 103.419404430000043, -0.912490538999975, 0.0 ], [ 103.41975541000005, -0.912493228999949, 0.0 ], [ 103.419774610000047, -0.912493368999947, 0.0 ], [ 103.419774640000071, -0.912493368999947, 0.0 ], [ 103.419797460000041, -0.912486958999978, 0.0 ], [ 103.419805970000084, -0.912484568999957, 0.0 ], [ 103.419945150000046, -0.912445488999936, 0.0 ], [ 103.419973550000066, -0.912437508999972, 0.0 ], [ 103.420003570000063, -0.912429078999935, 0.0 ], [ 103.420022810000034, -0.912423678999971, 0.0 ], [ 103.420763560000069, -0.912215668999977, 0.0 ], [ 103.420799650000049, -0.912108978999925, 0.0 ], [ 103.421124220000081, -0.911149448999936, 0.0 ], [ 103.421176200000048, -0.910995778999961, 0.0 ], [ 103.421194980000053, -0.910940258999972, 0.0 ], [ 103.421174080000071, -0.91087829099996, 0.0 ], [ 103.420764690000055, -0.909664468999949, 0.0 ], [ 103.41901708000006, -0.907367828999952, 0.0 ], [ 103.419016940000063, -0.907367638999972, 0.0 ], [ 103.417958032000058, -0.905825292999964, 0.0 ], [ 103.413476802000048, -0.899298187999932, 0.0 ], [ 103.41169612200008, -0.896704550999971, 0.0 ], [ 103.41170162800006, -0.89662808099996, 0.0 ], [ 103.411713345000067, -0.896465347999936, 0.0 ], [ 103.411745309000082, -0.896021400999928, 0.0 ], [ 103.412105099000087, -0.895692896999947, 0.0 ], [ 103.412647140000047, -0.895197988999939, 0.0 ], [ 103.412670806000051, -0.895189768999956, 0.0 ], [ 103.413578379000057, -0.894874505999951, 0.0 ], [ 103.415078164000079, -0.894443195999941, 0.0 ], [ 103.416193339000074, -0.894365669999956, 0.0 ], [ 103.416198060000056, -0.894398168999942, 0.0 ], [ 103.416198340000051, -0.894400068999971, 0.0 ], [ 103.416198810000083, -0.89440008899993, 0.0 ], [ 103.417400219000058, -0.894454733999964, 0.0 ], [ 103.418616360000044, -0.894510048999962, 0.0 ], [ 103.419607180000071, -0.893852738999954, 0.0 ], [ 103.419613186000049, -0.89383823299994, 0.0 ], [ 103.420819540000082, -0.890924828999971, 0.0 ], [ 103.421531620000053, -0.890011838999953, 0.0 ], [ 103.422859430000074, -0.889664688999972, 0.0 ], [ 103.424515880000058, -0.889352918999975, 0.0 ], [ 103.426136696000071, -0.888961292999966, 0.0 ], [ 103.426246680000077, -0.888934718999963, 0.0 ], [ 103.426246680000077, -0.88893485899996, 0.0 ], [ 103.42623268400007, -0.888974597999947, 0.0 ], [ 103.426192900000046, -0.889087558999961, 0.0 ], [ 103.428015340000059, -0.88955005899993, 0.0 ], [ 103.428022450000071, -0.889551858999937, 0.0 ], [ 103.429186860000073, -0.890389838999965, 0.0 ], [ 103.42918689000004, -0.890389858999924, 0.0 ], [ 103.431480070000077, -0.892197468999939, 0.0 ], [ 103.432930540000086, -0.894130078999979, 0.0 ], [ 103.432946060000063, -0.894150768999964, 0.0 ], [ 103.432950290000065, -0.894156398999939, 0.0 ], [ 103.43325806100006, -0.894525646999966, 0.0 ], [ 103.434256370000071, -0.895723368999938, 0.0 ], [ 103.434759530000065, -0.896737438999935, 0.0 ], [ 103.434916530000066, -0.899464848999969, 0.0 ], [ 103.435054640000033, -0.899651968999933, 0.0 ], [ 103.435352740000042, -0.90005580899998, 0.0 ], [ 103.435383711000043, -0.900097765999931, 0.0 ], [ 103.435444960000041, -0.90018073899995, 0.0 ], [ 103.435632490000046, -0.901812268999947, 0.0 ], [ 103.435751460000063, -0.90282353899994, 0.0 ], [ 103.435840690000077, -0.905440948999967, 0.0 ], [ 103.435691980000058, -0.908385528999929, 0.0 ], [ 103.435781210000073, -0.909783458999925, 0.0 ], [ 103.435840690000077, -0.911776258999964, 0.0 ], [ 103.435810950000075, -0.91332290899993, 0.0 ], [ 103.43601915000005, -0.916267498999957, 0.0 ], [ 103.436361760000068, -0.91902885899998, 0.0 ], [ 103.436799780000058, -0.923721858999954, 0.0 ], [ 103.43723779000004, -0.927413678999926, 0.0 ], [ 103.436862350000069, -0.932419548999974, 0.0 ], [ 103.43632858400008, -0.934803702999943, 0.0 ], [ 103.435923750000086, -0.936611958999947, 0.0 ], [ 103.435798600000055, -0.939427758999955, 0.0 ], [ 103.434198576000085, -0.944740373999934, 0.0 ], [ 103.434187440000073, -0.944777348999935, 0.0 ], [ 103.436603440000056, -0.948444058999939, 0.0 ], [ 103.437357600000041, -0.951807328999962, 0.0 ], [ 103.433193220000078, -0.948641498999962, 0.0 ], [ 103.431943318000037, -0.948151560999975, 0.0 ], [ 103.431941680000079, -0.948150918999943, 0.0 ], [ 103.429009690000044, -0.947001628999942, 0.0 ], [ 103.426816742000085, -0.945750584999928, 0.0 ], [ 103.426026496000077, -0.945299760999944, 0.0 ], [ 103.421235850000073, -0.942566768999939, 0.0 ] ] ] ] } },
{ "type": "Feature", "properties": { "fid": 21775.0, "gid": null, "kdprov": "15", "kdkab": "07", "kdkec": "010", "kddesa": "017", "iddesa": "1507010017", "nmprov": "JAMBI", "nmkab": "TANJUNG JABUNG BARAT", "nmkec": "TUNGKAL ULU", "nmdesa": "TANJUNG TAYAS", "luas": null, "sumber": null, "periode": null, "layer": null, "path": null, "idkec": "1507010" }, "geometry": { "type": "MultiPolygon", "coordinates": [ [ [ [ 103.078973530000042, -1.222903188999965, 0.0 ], [ 103.073839100000043, -1.223234418999937, 0.0 ], [ 103.07224726700008, -1.223126488999981, 0.0 ], [ 103.069846230000053, -1.222705198999961, 0.0 ], [ 103.066660670000033, -1.22337276899998, 0.0 ], [ 103.064521310000032, -1.223562598999933, 0.0 ], [ 103.058093575000044, -1.224749798999937, 0.0 ], [ 103.058070786000087, -1.224681430999965, 0.0 ], [ 103.058652799000072, -1.221662237999965, 0.0 ], [ 103.059962329000086, -1.21798827899994, 0.0 ], [ 103.061232106000034, -1.217076184999939, 0.0 ], [ 103.061457106000034, -1.216914565999957, 0.0 ], [ 103.062102377000087, -1.216416754999955, 0.0 ], [ 103.062196935000088, -1.216383139999948, 0.0 ], [ 103.062545013000033, -1.216133111999966, 0.0 ], [ 103.064036422000072, -1.214423447999934, 0.0 ], [ 103.064036945000055, -1.214419347999979, 0.0 ], [ 103.064050063000082, -1.21443254199994, 0.0 ], [ 103.064551049000045, -1.213890680999953, 0.0 ], [ 103.065551689000074, -1.212913939999964, 0.0 ], [ 103.065930238000078, -1.212545544999955, 0.0 ], [ 103.069558727000071, -1.208798834999925, 0.0 ], [ 103.070143427000062, -1.207925144999933, 0.0 ], [ 103.066100103000053, -1.205908607999959, 0.0 ], [ 103.062693714000034, -1.203357896999933, 0.0 ], [ 103.064294906000043, -1.202053657999954, 0.0 ], [ 103.064452780000067, -1.201926288999971, 0.0 ], [ 103.064148850000038, -1.201782148999939, 0.0 ], [ 103.062408750000088, -1.199629568999967, 0.0 ], [ 103.061255514000038, -1.19820294699997, 0.0 ], [ 103.061225840000077, -1.198166238999931, 0.0 ], [ 103.061024030000056, -1.197916588999931, 0.0 ], [ 103.059011490000046, -1.196958438999957, 0.0 ], [ 103.058734, -1.196826575999978, 0.0 ], [ 103.058685880000041, -1.196803708999937, 0.0 ], [ 103.056887290000077, -1.195949008999946, 0.0 ], [ 103.051552430000072, -1.195629328999928, 0.0 ], [ 103.051230540000063, -1.195610038999973, 0.0 ], [ 103.049065690000077, -1.195094078999944, 0.0 ], [ 103.045518334000064, -1.194248564999953, 0.0 ], [ 103.043665660000045, -1.19380697899993, 0.0 ], [ 103.043645750000053, -1.193802233999975, 0.0 ], [ 103.041323006000084, -1.193248614999959, 0.0 ], [ 103.040971995000064, -1.19316495299995, 0.0 ], [ 103.039914110000041, -1.192912808999949, 0.0 ], [ 103.034040970000035, -1.191923238999948, 0.0 ], [ 103.029556300000081, -1.19191761899998, 0.0 ], [ 103.029498930000045, -1.191907968999942, 0.0 ], [ 103.026186130000042, -1.191372758999933, 0.0 ], [ 103.037932780000062, -1.167251958999941, 0.0 ], [ 103.045468, -1.170415558999935, 0.0 ], [ 103.046169220000081, -1.170710498999938, 0.0 ], [ 103.055127900000059, -1.17354139899993, 0.0 ], [ 103.055128360000083, -1.173541548999935, 0.0 ], [ 103.056278370000086, -1.173724288999949, 0.0 ], [ 103.059763230000044, -1.17427824899994, 0.0 ], [ 103.059765280000079, -1.174278578999974, 0.0 ], [ 103.063669380000078, -1.17489921899994, 0.0 ], [ 103.068532120000043, -1.175368778999939, 0.0 ], [ 103.068616746000032, -1.175376950999976, 0.0 ], [ 103.070095310000056, -1.175519728999973, 0.0 ], [ 103.070576660000086, -1.175566208999953, 0.0 ], [ 103.072123696000062, -1.175806865999959, 0.0 ], [ 103.071583941000085, -1.17923349299997, 0.0 ], [ 103.071256572000038, -1.181311791999974, 0.0 ], [ 103.075580689000049, -1.183151841999972, 0.0 ], [ 103.078784384000073, -1.18342131199995, 0.0 ], [ 103.079160270000045, -1.182235142999957, 0.0 ], [ 103.079964647000054, -1.17649976499996, 0.0 ], [ 103.079971130000047, -1.176499768999975, 0.0 ], [ 103.083010030000082, -1.176501878999943, 0.0 ], [ 103.088536600000054, -1.17604216899997, 0.0 ], [ 103.093801030000066, -1.174493868999946, 0.0 ], [ 103.09820902000007, -1.173929828999974, 0.0 ], [ 103.098576750000063, -1.173806578999972, 0.0 ], [ 103.100111760000061, -1.173289528999931, 0.0 ], [ 103.100111870000035, -1.173288518999925, 0.0 ], [ 103.10011228500008, -1.17329171199998, 0.0 ], [ 103.100119512000049, -1.173285775999943, 0.0 ], [ 103.102226924000036, -1.184895377999965, 0.0 ], [ 103.101619176000042, -1.184872414999973, 0.0 ], [ 103.103656470000033, -1.200529378999931, 0.0 ], [ 103.103094200000044, -1.200700048999977, 0.0 ], [ 103.103094170000077, -1.200700058999928, 0.0 ], [ 103.102602080000054, -1.200840858999925, 0.0 ], [ 103.102019480000081, -1.20118735899996, 0.0 ], [ 103.10149492000005, -1.20182935899993, 0.0 ], [ 103.101415227000075, -1.202331197999968, 0.0 ], [ 103.101281575000087, -1.203172817999928, 0.0 ], [ 103.101289841000039, -1.204299245999948, 0.0 ], [ 103.101293230000067, -1.204761148999978, 0.0 ], [ 103.101367490000086, -1.205641618999948, 0.0 ], [ 103.101534840000056, -1.205968308999957, 0.0 ], [ 103.101765200000045, -1.206265128999974, 0.0 ], [ 103.102277220000076, -1.206570528999976, 0.0 ], [ 103.102521996000064, -1.206680404999929, 0.0 ], [ 103.102789, -1.206800258999976, 0.0 ], [ 103.104159940000045, -1.207193288999974, 0.0 ], [ 103.104058520000081, -1.207392218999928, 0.0 ], [ 103.102692063000063, -1.210072613999955, 0.0 ], [ 103.102311637000071, -1.210833464999951, 0.0 ], [ 103.100457740000081, -1.214541259999976, 0.0 ], [ 103.100461660000065, -1.214542291999976, 0.0 ], [ 103.100436795000064, -1.214583150999943, 0.0 ], [ 103.100209079000081, -1.215038581999977, 0.0 ], [ 103.099407362000079, -1.21664201699997, 0.0 ], [ 103.091730339000037, -1.221197612999958, 0.0 ], [ 103.091672362000054, -1.221212643999934, 0.0 ], [ 103.091645270000072, -1.22122952899997, 0.0 ], [ 103.090784804000066, -1.221442751999973, 0.0 ], [ 103.087174744000038, -1.222378692999939, 0.0 ], [ 103.084771611000065, -1.222547927999926, 0.0 ], [ 103.084703630000035, -1.222557128999938, 0.0 ], [ 103.083157050000068, -1.222762648999947, 0.0 ], [ 103.081184979000057, -1.222800507999978, 0.0 ], [ 103.078973530000042, -1.222903188999965, 0.0 ] ] ] ] } },
{ "type": "Feature", "properties": { "fid": 21445.0, "gid": null, "kdprov": "15", "kdkab": "07", "kdkec": "040", "kddesa": "009", "iddesa": "1507040009", "nmprov": "JAMBI", "nmkab": "TANJUNG JABUNG BARAT", "nmkec": "BETARA", "nmdesa": "MEKAR JAYA", "luas": null, "sumber": null, "periode": null, "layer": null, "path": null, "idkec": "1507040" }, "geometry": { "type": "MultiPolygon", "coordinates": [ [ [ [ 103.360949801000061, -0.990338933999965, 0.0 ], [ 103.358871821000037, -0.990607828999941, 0.0 ], [ 103.35808852200006, -0.990842806999979, 0.0 ], [ 103.357968210000081, -0.990878898999938, 0.0 ], [ 103.355305403000045, -0.992072189999931, 0.0 ], [ 103.354411450000043, -0.992472798999927, 0.0 ], [ 103.345492710000087, -0.998951898999962, 0.0 ], [ 103.340031620000047, -1.00189673899996, 0.0 ], [ 103.338652270000068, -1.002640548999977, 0.0 ], [ 103.337808840000037, -1.003095348999977, 0.0 ], [ 103.338411680000036, -0.999960438999949, 0.0 ], [ 103.341817512000034, -0.994581890999939, 0.0 ], [ 103.341503561000081, -0.993777868999928, 0.0 ], [ 103.341203083000039, -0.992814568999961, 0.0 ], [ 103.34120168000004, -0.992810071999941, 0.0 ], [ 103.339217653000048, -0.989444938999952, 0.0 ], [ 103.338750823000055, -0.985048956999947, 0.0 ], [ 103.33898423800008, -0.98345395399997, 0.0 ], [ 103.352542204000088, -0.977648645999977, 0.0 ], [ 103.352717020000057, -0.977372608999929, 0.0 ], [ 103.352851240000064, -0.976865719999978, 0.0 ], [ 103.353272050000044, -0.975276508999968, 0.0 ], [ 103.35443090800004, -0.970900034999943, 0.0 ], [ 103.355252840000048, -0.967795978999959, 0.0 ], [ 103.355606450000039, -0.96646052899996, 0.0 ], [ 103.361470240000074, -0.96411558899996, 0.0 ], [ 103.369524630000058, -0.962746898999967, 0.0 ], [ 103.369619817000057, -0.962748371999965, 0.0 ], [ 103.37528340700004, -0.962836037999978, 0.0 ], [ 103.375623320000045, -0.962841298999933, 0.0 ], [ 103.375632470000085, -0.96284395999993, 0.0 ], [ 103.385869190000051, -0.965820988999951, 0.0 ], [ 103.388713200000041, -0.966818258999979, 0.0 ], [ 103.390289430000053, -0.967089918999932, 0.0 ], [ 103.390195560000052, -0.96774907899993, 0.0 ], [ 103.39041900400008, -0.969037937999929, 0.0 ], [ 103.39042524000007, -0.969073908999974, 0.0 ], [ 103.390571120000061, -0.969915338999954, 0.0 ], [ 103.391363850000062, -0.971717568999964, 0.0 ], [ 103.391675115000055, -0.972425205999969, 0.0 ], [ 103.391829430000087, -0.972776028999931, 0.0 ], [ 103.392829020000079, -0.97434876899996, 0.0 ], [ 103.393065600000057, -0.975073848999955, 0.0 ], [ 103.393840220000072, -0.977447948999952, 0.0 ], [ 103.393767270000069, -0.978199468999946, 0.0 ], [ 103.393722430000082, -0.978653118999944, 0.0 ], [ 103.392920530000083, -0.97890592899995, 0.0 ], [ 103.392862064000042, -0.978924289999952, 0.0 ], [ 103.392507970000054, -0.979035488999955, 0.0 ], [ 103.392505880000044, -0.979036138999959, 0.0 ], [ 103.391577840000082, -0.979085078999958, 0.0 ], [ 103.391130310000051, -0.979108678999978, 0.0 ], [ 103.390932170000042, -0.979119128999969, 0.0 ], [ 103.389935850000086, -0.979726418999974, 0.0 ], [ 103.389335800000083, -0.980496938999977, 0.0 ], [ 103.389095868000084, -0.980805023999949, 0.0 ], [ 103.388393650000069, -0.98170670899998, 0.0 ], [ 103.38819565700004, -0.982126681999944, 0.0 ], [ 103.387313460000087, -0.983997958999964, 0.0 ], [ 103.387262560000067, -0.983987518999925, 0.0 ], [ 103.386721830000056, -0.983876578999968, 0.0 ], [ 103.384449280000069, -0.983410318999972, 0.0 ], [ 103.381572430000062, -0.984449788999939, 0.0 ], [ 103.381061239000076, -0.984941233999962, 0.0 ], [ 103.377448080000079, -0.988414828999964, 0.0 ], [ 103.376838214000088, -0.989001136999946, 0.0 ], [ 103.374664180000082, -0.991207608999957, 0.0 ], [ 103.37390782600005, -0.991801262999957, 0.0 ], [ 103.373621509000088, -0.992025987999966, 0.0 ], [ 103.371828100000073, -0.993433598999957, 0.0 ], [ 103.371804742000052, -0.993374735999964, 0.0 ], [ 103.371271640000032, -0.992031298999962, 0.0 ], [ 103.371078770000054, -0.991470388999971, 0.0 ], [ 103.371000980000076, -0.991036658999974, 0.0 ], [ 103.371012378000046, -0.990492115999928, 0.0 ], [ 103.371020542000053, -0.990102073999935, 0.0 ], [ 103.371059760000037, -0.989330398999925, 0.0 ], [ 103.369774437000046, -0.989197007999962, 0.0 ], [ 103.369732643000077, -0.989202415999955, 0.0 ], [ 103.368051655000045, -0.989419939999948, 0.0 ], [ 103.367566226000065, -0.989482754999926, 0.0 ], [ 103.360949801000061, -0.990338933999965, 0.0 ] ] ] ] } },
{ "type": "Feature", "properties": { "fid": 20300.0, "gid": null, "kdprov": "15", "kdkab": "07", "kdkec": "041", "kddesa": "009", "iddesa": "1507041009", "nmprov": "JAMBI", "nmkab": "TANJUNG JABUNG BARAT", "nmkec": "KUALA BETARA", "nmdesa": "KUALA INDAH", "luas": null, "sumber": null, "periode": null, "layer": null, "path": null, "idkec": "1507041" }, "geometry": { "type": "MultiPolygon", "coordinates": [ [ [ [ 103.461059710000086, -0.871716208999942, 0.0 ], [ 103.460584840000081, -0.871709728999974, 0.0 ], [ 103.460359550000078, -0.871706658999926, 0.0 ], [ 103.460088026000051, -0.871706545999928, 0.0 ], [ 103.459640260000072, -0.871706358999973, 0.0 ], [ 103.458675210000081, -0.871904778999976, 0.0 ], [ 103.457574760000057, -0.872131028999945, 0.0 ], [ 103.457434990000081, -0.872153458999946, 0.0 ], [ 103.456283230000054, -0.872338298999978, 0.0 ], [ 103.455661010000085, -0.872438148999947, 0.0 ], [ 103.454191, -0.873071608999965, 0.0 ], [ 103.453792422000049, -0.871719516999974, 0.0 ], [ 103.453782910000086, -0.871687248999933, 0.0 ], [ 103.453782610000076, -0.871685828999944, 0.0 ], [ 103.453438630000051, -0.869742218999932, 0.0 ], [ 103.45464695000004, -0.865716948999932, 0.0 ], [ 103.454914070000086, -0.861992928999939, 0.0 ], [ 103.455999359000032, -0.859148877999928, 0.0 ], [ 103.456086765000066, -0.858765633999951, 0.0 ], [ 103.456113820000041, -0.857681078999974, 0.0 ], [ 103.456223945000033, -0.857133530999931, 0.0 ], [ 103.456452213000034, -0.857163284999956, 0.0 ], [ 103.462730846000056, -0.857986213999936, 0.0 ], [ 103.464749673000085, -0.858351550999942, 0.0 ], [ 103.465034951000064, -0.858406178999928, 0.0 ], [ 103.465529399000047, -0.858560007999927, 0.0 ], [ 103.464700140000048, -0.860420148999935, 0.0 ], [ 103.465698880000048, -0.861180192999939, 0.0 ], [ 103.466081200000076, -0.861471138999946, 0.0 ], [ 103.466613130000042, -0.861886528999946, 0.0 ], [ 103.466922630000056, -0.86209423899993, 0.0 ], [ 103.469665830000054, -0.862228028999937, 0.0 ], [ 103.469906550000076, -0.861864628999967, 0.0 ], [ 103.471552240000051, -0.859380338999927, 0.0 ], [ 103.471559610000043, -0.859369198999957, 0.0 ], [ 103.47158961000008, -0.859323948999929, 0.0 ], [ 103.471589640000047, -0.85932387899993, 0.0 ], [ 103.471621810000045, -0.859252448999939, 0.0 ], [ 103.471645830000057, -0.859199128999933, 0.0 ], [ 103.471680290000052, -0.859122648999971, 0.0 ], [ 103.471688730000039, -0.859103898999933, 0.0 ], [ 103.471700320000082, -0.859078178999937, 0.0 ], [ 103.471707380000055, -0.859062498999947, 0.0 ], [ 103.471770820000074, -0.858921668999926, 0.0 ], [ 103.472311840000032, -0.857720708999977, 0.0 ], [ 103.47425762000006, -0.858252368999956, 0.0 ], [ 103.475926910000055, -0.859938558999943, 0.0 ], [ 103.474321642000064, -0.862709644999939, 0.0 ], [ 103.472423997000078, -0.865985445999968, 0.0 ], [ 103.472150680000084, -0.866457258999958, 0.0 ], [ 103.471576, -0.868206448999956, 0.0 ], [ 103.471296012000039, -0.868987033999929, 0.0 ], [ 103.472232983000083, -0.877664200999959, 0.0 ], [ 103.471926068000073, -0.883232523999936, 0.0 ], [ 103.47192513300007, -0.883253864999972, 0.0 ], [ 103.471239425000078, -0.882435131999955, 0.0 ], [ 103.469207674000074, -0.880075678999958, 0.0 ], [ 103.46917833100008, -0.879974199999936, 0.0 ], [ 103.469143070000086, -0.879932098999973, 0.0 ], [ 103.468818620000036, -0.878787188999979, 0.0 ], [ 103.468360560000065, -0.87717086899994, 0.0 ], [ 103.468354880000049, -0.877150858999926, 0.0 ], [ 103.467369190000056, -0.875154668999926, 0.0 ], [ 103.467270910000082, -0.874955628999942, 0.0 ], [ 103.466299, -0.873433238999951, 0.0 ], [ 103.466244730000085, -0.873349388999941, 0.0 ], [ 103.464452110000082, -0.871973108999953, 0.0 ], [ 103.462718790000054, -0.871804138999948, 0.0 ], [ 103.462604081000052, -0.871793093999941, 0.0 ], [ 103.461808790000077, -0.87171651899996, 0.0 ], [ 103.461059710000086, -0.871716208999942, 0.0 ] ] ] ] } },
{ "type": "Feature", "properties": { "fid": 21506.0, "gid": null, "kdprov": "15", "kdkab": "07", "kdkec": "040", "kddesa": "007", "iddesa": "1507040007", "nmprov": "JAMBI", "nmkab": "TANJUNG JABUNG BARAT", "nmkec": "BETARA", "nmdesa": "SERDANG JAYA", "luas": null, "sumber": null, "periode": null, "layer": null, "path": null, "idkec": "1507040" }, "geometry": { "type": "MultiPolygon", "coordinates": [ [ [ [ 103.329636450000066, -1.073112178999963, 0.0 ], [ 103.325760010000067, -1.073234818999936, 0.0 ], [ 103.325760600000081, -1.073231098999941, 0.0 ], [ 103.326576500000044, -1.068042498999944, 0.0 ], [ 103.326584050000065, -1.067994498999951, 0.0 ], [ 103.328832870000042, -1.053693648999968, 0.0 ], [ 103.332179360000055, -1.033989608999946, 0.0 ], [ 103.333259850000047, -1.027627668999969, 0.0 ], [ 103.346825370000033, -1.027528418999964, 0.0 ], [ 103.346725750000076, -1.032128818999979, 0.0 ], [ 103.34649139000004, -1.035045608999951, 0.0 ], [ 103.350355420000085, -1.035672098999953, 0.0 ], [ 103.351743350000049, -1.036727778999932, 0.0 ], [ 103.352310050000085, -1.038613318999978, 0.0 ], [ 103.352312962000042, -1.040326856999968, 0.0 ], [ 103.35231637000004, -1.042332478999924, 0.0 ], [ 103.353681910000034, -1.044780318999926, 0.0 ], [ 103.355955880000067, -1.047019288999934, 0.0 ], [ 103.356206558000054, -1.046995391999928, 0.0 ], [ 103.359521670000049, -1.046679358999938, 0.0 ], [ 103.36078622000008, -1.046558798999968, 0.0 ], [ 103.362112110000055, -1.046763978999934, 0.0 ], [ 103.364065040000071, -1.048577128999966, 0.0 ], [ 103.367032320000078, -1.05133202899998, 0.0 ], [ 103.369156620000069, -1.052847388999965, 0.0 ], [ 103.370125040000062, -1.053538218999961, 0.0 ], [ 103.372345400000086, -1.055122108999967, 0.0 ], [ 103.37224020900004, -1.057294824999929, 0.0 ], [ 103.372162410000044, -1.05890175899998, 0.0 ], [ 103.372204130000057, -1.061780538999926, 0.0 ], [ 103.374352200000033, -1.066675768999971, 0.0 ], [ 103.375391510000043, -1.068730978999952, 0.0 ], [ 103.378956630000062, -1.068892388999927, 0.0 ], [ 103.382997740000064, -1.071342908999952, 0.0 ], [ 103.383829710000043, -1.072848418999968, 0.0 ], [ 103.383392560000061, -1.07455140899998, 0.0 ], [ 103.378797770000062, -1.075240328999939, 0.0 ], [ 103.377092830000038, -1.075095838999971, 0.0 ], [ 103.372421780000082, -1.074699948999978, 0.0 ], [ 103.367421850000085, -1.074276198999939, 0.0 ], [ 103.366910620000056, -1.074232868999957, 0.0 ], [ 103.363670630000058, -1.073958278999953, 0.0 ], [ 103.358853930000066, -1.073550048999948, 0.0 ], [ 103.350597230000062, -1.072850278999965, 0.0 ], [ 103.350467805000051, -1.072839305999935, 0.0 ], [ 103.350158914000076, -1.072813117999942, 0.0 ], [ 103.346697690000042, -1.072519668999973, 0.0 ], [ 103.329636450000066, -1.073112178999963, 0.0 ] ] ], [ [ [ 103.380391825000061, -1.028160942999932, 0.0 ], [ 103.378081161000068, -1.027353526999946, 0.0 ], [ 103.376948823000077, -1.026504272999944, 0.0 ], [ 103.371346837000033, -1.02230278299993, 0.0 ], [ 103.370674620000045, -1.020958350999933, 0.0 ], [ 103.369545297000059, -1.01883414699995, 0.0 ], [ 103.367131071000074, -1.015327165999963, 0.0 ], [ 103.368019190000041, -1.014022418999957, 0.0 ], [ 103.36837623100007, -1.012436919999971, 0.0 ], [ 103.368617860000086, -1.01136392899997, 0.0 ], [ 103.368257610000057, -1.009695388999944, 0.0 ], [ 103.366638220000084, -1.008770658999936, 0.0 ], [ 103.365492140000072, -1.008071628999971, 0.0 ], [ 103.364861060000067, -1.00752007899996, 0.0 ], [ 103.366343850000078, -1.005775698999969, 0.0 ], [ 103.366690848000076, -1.005607443999963, 0.0 ], [ 103.366918429000066, -1.005497092999974, 0.0 ], [ 103.368041710000057, -1.004952428999957, 0.0 ], [ 103.370452800000066, -1.005458378999947, 0.0 ], [ 103.37164596000008, -1.005585918999941, 0.0 ], [ 103.371651911000072, -1.005590239999947, 0.0 ], [ 103.37360029000007, -1.007004948999963, 0.0 ], [ 103.37397227200006, -1.007484713999929, 0.0 ], [ 103.37431858900004, -1.007931376999977, 0.0 ], [ 103.374661720000063, -1.011722648999978, 0.0 ], [ 103.374986100000058, -1.01237993899997, 0.0 ], [ 103.375309643000037, -1.012353537999957, 0.0 ], [ 103.375713310000037, -1.012320598999963, 0.0 ], [ 103.378204455000059, -1.010542291999968, 0.0 ], [ 103.378211590000035, -1.010537198999941, 0.0 ], [ 103.379359390000047, -1.009766128999956, 0.0 ], [ 103.38026289000004, -1.008839418999969, 0.0 ], [ 103.380490401000088, -1.008518693999974, 0.0 ], [ 103.381406619000074, -1.007227085999943, 0.0 ], [ 103.382571754000082, -1.008778026999948, 0.0 ], [ 103.382817036000063, -1.009087855999951, 0.0 ], [ 103.383359531000053, -1.009640859999934, 0.0 ], [ 103.386371469000039, -1.012711139999965, 0.0 ], [ 103.38764420800004, -1.013991179999948, 0.0 ], [ 103.388622036000072, -1.01497461699995, 0.0 ], [ 103.391479353000079, -1.018279464999978, 0.0 ], [ 103.39637207700008, -1.022969939999939, 0.0 ], [ 103.398411788000033, -1.02525062999996, 0.0 ], [ 103.400498834000075, -1.027582956999936, 0.0 ], [ 103.402947348000055, -1.030113231999962, 0.0 ], [ 103.405159187000038, -1.032488591999936, 0.0 ], [ 103.408238972000049, -1.034157851999964, 0.0 ], [ 103.40872765000006, -1.035659708999958, 0.0 ], [ 103.395391063000034, -1.028489419999971, 0.0 ], [ 103.394231270000034, -1.027865868999925, 0.0 ], [ 103.388125690000038, -1.025088058999927, 0.0 ], [ 103.388125130000049, -1.025086708999936, 0.0 ], [ 103.387084863000041, -1.02504215099998, 0.0 ], [ 103.387016500000072, -1.025039222999965, 0.0 ], [ 103.386586885000042, -1.019895445999964, 0.0 ], [ 103.384151620000068, -1.019762831999969, 0.0 ], [ 103.382295032000059, -1.020437954999977, 0.0 ], [ 103.381807123000044, -1.020558704999928, 0.0 ], [ 103.379299175000085, -1.021179383999936, 0.0 ], [ 103.380149106000033, -1.025314511999966, 0.0 ], [ 103.380294999000057, -1.027025433999938, 0.0 ], [ 103.380391825000061, -1.028160942999932, 0.0 ] ] ] ] } },
{ "type": "Feature", "properties": { "fid": 21474.0, "gid": null, "kdprov": "15", "kdkab": "07", "kdkec": "040", "kddesa": "001", "iddesa": "1507040001", "nmprov": "JAMBI", "nmkab": "TANJUNG JABUNG BARAT", "nmkec": "BETARA", "nmdesa": "PEMATANG LUMUT", "luas": null, "sumber": null, "periode": null, "layer": null, "path": null, "idkec": "1507040" }, "geometry": { "type": "MultiPolygon", "coordinates": [ [ [ [ 103.395739348000063, -1.110480912999947, 0.0 ], [ 103.396271810000087, -1.110410728999966, 0.0 ], [ 103.396659686000078, -1.10988976799996, 0.0 ], [ 103.397390010000038, -1.108908858999939, 0.0 ], [ 103.397654718000069, -1.108553325999935, 0.0 ], [ 103.398784419000037, -1.107036004999941, 0.0 ], [ 103.39890113000007, -1.106879248999974, 0.0 ], [ 103.398981960000071, -1.106770688999973, 0.0 ], [ 103.399396188000082, -1.105771532999938, 0.0 ], [ 103.399404970000035, -1.105750348999948, 0.0 ], [ 103.399632530000076, -1.105201468999951, 0.0 ], [ 103.399863060000087, -1.104645441999935, 0.0 ], [ 103.399869430000081, -1.104630078999946, 0.0 ], [ 103.39994506000005, -1.104447648999951, 0.0 ], [ 103.400205140000082, -1.103820318999965, 0.0 ], [ 103.400204932000065, -1.103816452999979, 0.0 ], [ 103.400204870000039, -1.103815288999954, 0.0 ], [ 103.400185010000087, -1.103440338999974, 0.0 ], [ 103.400046430000032, -1.10082456899994, 0.0 ], [ 103.399827750000043, -1.100122398999929, 0.0 ], [ 103.399788619000049, -1.099996743999952, 0.0 ], [ 103.398254240000085, -1.095069698999964, 0.0 ], [ 103.397601550000047, -1.094441042999961, 0.0 ], [ 103.395762600000069, -1.092669808999972, 0.0 ], [ 103.394910349000043, -1.089472641999976, 0.0 ], [ 103.394525760000079, -1.088029878999976, 0.0 ], [ 103.394010109000078, -1.087695824999969, 0.0 ], [ 103.391881050000052, -1.086316558999954, 0.0 ], [ 103.38924288000004, -1.079145608999966, 0.0 ], [ 103.385365530000058, -1.07875219899995, 0.0 ], [ 103.383995990000074, -1.077800418999971, 0.0 ], [ 103.38440348000006, -1.074389358999952, 0.0 ], [ 103.384503960000075, -1.074373198999979, 0.0 ], [ 103.392544690000079, -1.073079598999925, 0.0 ], [ 103.399651843000072, -1.070767018999959, 0.0 ], [ 103.407116209000037, -1.068338205999964, 0.0 ], [ 103.410182970000051, -1.067340318999925, 0.0 ], [ 103.426965040000084, -1.061840658999927, 0.0 ], [ 103.430974120000087, -1.058175858999959, 0.0 ], [ 103.433166880000044, -1.056171378999977, 0.0 ], [ 103.433281860000079, -1.056066278999936, 0.0 ], [ 103.437005850000048, -1.055883158999961, 0.0 ], [ 103.437974240000074, -1.055848628999968, 0.0 ], [ 103.440262510000082, -1.055767728999967, 0.0 ], [ 103.454675320000035, -1.055830238999931, 0.0 ], [ 103.483872300000087, -1.056507142999976, 0.0 ], [ 103.48192117800005, -1.060676221999927, 0.0 ], [ 103.478505790000042, -1.067974082999967, 0.0 ], [ 103.476874419000069, -1.071658593999928, 0.0 ], [ 103.47537903500006, -1.075035970999977, 0.0 ], [ 103.475370749000035, -1.07503173899994, 0.0 ], [ 103.475062230000049, -1.075674796999976, 0.0 ], [ 103.472840833000078, -1.080304935999948, 0.0 ], [ 103.47274421700007, -1.08050631499998, 0.0 ], [ 103.471141, -1.083937405999961, 0.0 ], [ 103.470188944000085, -1.085974925999949, 0.0 ], [ 103.469733226000074, -1.086984014999928, 0.0 ], [ 103.469187764000083, -1.08825887699993, 0.0 ], [ 103.46833352200008, -1.090255415999934, 0.0 ], [ 103.467131269000049, -1.092989743999965, 0.0 ], [ 103.466494376000071, -1.094438252999964, 0.0 ], [ 103.46587418200005, -1.095765180999933, 0.0 ], [ 103.465794524000046, -1.09593560999997, 0.0 ], [ 103.46424834000004, -1.09928838999997, 0.0 ], [ 103.464012343000036, -1.099801071999934, 0.0 ], [ 103.463841449000086, -1.100183548999951, 0.0 ], [ 103.463678693000077, -1.100378856999953, 0.0 ], [ 103.463475247000076, -1.100622990999966, 0.0 ], [ 103.463157873000057, -1.10096477899998, 0.0 ], [ 103.462913738000054, -1.101176362999979, 0.0 ], [ 103.462580088000038, -1.101534425999944, 0.0 ], [ 103.462401056000033, -1.101794835999954, 0.0 ], [ 103.462213886000086, -1.102030832999958, 0.0 ], [ 103.462039881000067, -1.102281802999926, 0.0 ], [ 103.461790720000067, -1.10264116899998, 0.0 ], [ 103.46135941600005, -1.103341020999949, 0.0 ], [ 103.461058317000038, -1.103780462999964, 0.0 ], [ 103.460580889000084, -1.104499227999952, 0.0 ], [ 103.460317776000068, -1.104895342999953, 0.0 ], [ 103.460171295000066, -1.105131339999957, 0.0 ], [ 103.459910885000056, -1.105611470999975, 0.0 ], [ 103.459569097000042, -1.106612421999955, 0.0 ], [ 103.459458374000064, -1.106915547999961, 0.0 ], [ 103.459072690000085, -1.107971436999946, 0.0 ], [ 103.458894915000087, -1.108435946999975, 0.0 ], [ 103.45831587400005, -1.109948925999959, 0.0 ], [ 103.45790084500004, -1.111006841999938, 0.0 ], [ 103.457672986000034, -1.11172296899997, 0.0 ], [ 103.456729, -1.114221277999945, 0.0 ], [ 103.456721260000052, -1.114243345999967, 0.0 ], [ 103.456346523000036, -1.115311744999929, 0.0 ], [ 103.45578263200008, -1.116800671999954, 0.0 ], [ 103.455622257000073, -1.117224130999944, 0.0 ], [ 103.455174677000059, -1.118257633999974, 0.0 ], [ 103.454849165000041, -1.119242308999958, 0.0 ], [ 103.454515514000036, -1.120096779999926, 0.0 ], [ 103.45432020700008, -1.120633874999953, 0.0 ], [ 103.454287656000076, -1.120788493999953, 0.0 ], [ 103.454190002000075, -1.121179108999968, 0.0 ], [ 103.454108624000071, -1.121472069999925, 0.0 ], [ 103.453986557000064, -1.121781306999935, 0.0 ], [ 103.453823800000066, -1.122220748999951, 0.0 ], [ 103.453661044000057, -1.122676466999962, 0.0 ], [ 103.453547115000049, -1.122920600999976, 0.0 ], [ 103.453392496000049, -1.123083356999928, 0.0 ], [ 103.453197189000036, -1.123237975999928, 0.0 ], [ 103.452546164000069, -1.123579763999942, 0.0 ], [ 103.451520799000036, -1.124124996999967, 0.0 ], [ 103.450511710000058, -1.124670230999925, 0.0 ], [ 103.449803720000034, -1.125068983999938, 0.0 ], [ 103.447272860000055, -1.126484962999939, 0.0 ], [ 103.446646249000082, -1.126826751999943, 0.0 ], [ 103.446247496000069, -1.12699764599995, 0.0 ], [ 103.445976301000087, -1.127140776999966, 0.0 ], [ 103.445897432000038, -1.127080585999977, 0.0 ], [ 103.445814110000072, -1.12718274599996, 0.0 ], [ 103.445599660000084, -1.127445679999937, 0.0 ], [ 103.445375467000076, -1.127700168999979, 0.0 ], [ 103.445345171000042, -1.127906184999972, 0.0 ], [ 103.445290637000085, -1.128239445999952, 0.0 ], [ 103.445254281000075, -1.128609061999953, 0.0 ], [ 103.445187629000088, -1.129172574999927, 0.0 ], [ 103.445151274000068, -1.129469479999955, 0.0 ], [ 103.44510279900004, -1.129942103999952, 0.0 ], [ 103.445048266000072, -1.130366253999966, 0.0 ], [ 103.444975554000052, -1.13131150199996, 0.0 ], [ 103.433024080000052, -1.128582568999946, 0.0 ], [ 103.412834064000037, -1.123417719999964, 0.0 ], [ 103.400065, -1.115181665999955, 0.0 ], [ 103.398256320000087, -1.115183402999946, 0.0 ], [ 103.396742096000082, -1.115213681999933, 0.0 ], [ 103.396750180000083, -1.115241640999955, 0.0 ], [ 103.393442866000044, -1.115152319999936, 0.0 ], [ 103.387177168000051, -1.113486917999978, 0.0 ], [ 103.386345836000032, -1.113131462999945, 0.0 ], [ 103.393294994000087, -1.110110658999929, 0.0 ], [ 103.394702660000064, -1.110617558999934, 0.0 ], [ 103.395739348000063, -1.110480912999947, 0.0 ] ] ] ] } },
{ "type": "Feature", "properties": { "fid": 20355.0, "gid": null, "kdprov": "15", "kdkab": "07", "kdkec": "041", "kddesa": "007", "iddesa": "1507041007", "nmprov": "JAMBI", "nmkab": "TANJUNG JABUNG BARAT", "nmkec": "KUALA BETARA", "nmdesa": "TANJUNG PASIR", "luas": null, "sumber": null, "periode": null, "layer": null, "path": null, "idkec": "1507041" }, "geometry": { "type": "MultiPolygon", "coordinates": [ [ [ [ 103.489774381000075, -0.982754237999927, 0.0 ], [ 103.488461140000084, -0.982777276999968, 0.0 ], [ 103.487611228000048, -0.982025430999954, 0.0 ], [ 103.483901253000056, -0.978743529999974, 0.0 ], [ 103.484377205000044, -0.974765924999929, 0.0 ], [ 103.484827815000074, -0.971000113999935, 0.0 ], [ 103.484532310000077, -0.968483348999939, 0.0 ], [ 103.486299810000048, -0.948655778999978, 0.0 ], [ 103.486698924000052, -0.941293851999944, 0.0 ], [ 103.486729960000048, -0.940721368999959, 0.0 ], [ 103.487015611000061, -0.935451881999938, 0.0 ], [ 103.487154590000046, -0.932888108999975, 0.0 ], [ 103.48615355000004, -0.926218338999945, 0.0 ], [ 103.486094990000083, -0.926053063999973, 0.0 ], [ 103.483646870000086, -0.919143748999943, 0.0 ], [ 103.480135590000032, -0.913786588999926, 0.0 ], [ 103.478434960000072, -0.91253510699994, 0.0 ], [ 103.477400027000044, -0.911773506999964, 0.0 ], [ 103.477106250000077, -0.91155731899994, 0.0 ], [ 103.474045650000051, -0.909305028999938, 0.0 ], [ 103.474044800000058, -0.909301278999976, 0.0 ], [ 103.472108370000058, -0.904991828999925, 0.0 ], [ 103.471717450000085, -0.902935058999958, 0.0 ], [ 103.471717380000086, -0.90293504899995, 0.0 ], [ 103.47169967800005, -0.902841924999962, 0.0 ], [ 103.471348830000068, -0.900996288999977, 0.0 ], [ 103.471219100000042, -0.900313868999945, 0.0 ], [ 103.471050331000072, -0.899425942999926, 0.0 ], [ 103.470706050000047, -0.897614608999959, 0.0 ], [ 103.470308020000061, -0.889126268999973, 0.0 ], [ 103.471011590000046, -0.887004518999959, 0.0 ], [ 103.472197580000056, -0.887005008999949, 0.0 ], [ 103.472125640000058, -0.887602448999928, 0.0 ], [ 103.472125070000061, -0.889170088999947, 0.0 ], [ 103.472125, -0.889174268999966, 0.0 ], [ 103.472124740000083, -0.889181318999931, 0.0 ], [ 103.472123470000042, -0.889215938999939, 0.0 ], [ 103.472900950000053, -0.889444388999948, 0.0 ], [ 103.473999200000037, -0.88979035899996, 0.0 ], [ 103.476534530000038, -0.887784378999925, 0.0 ], [ 103.47762404000008, -0.886241358999939, 0.0 ], [ 103.47793407000006, -0.885800208999967, 0.0 ], [ 103.47800742000004, -0.885484988999963, 0.0 ], [ 103.47804442000006, -0.885325958999942, 0.0 ], [ 103.478124150000042, -0.884983318999957, 0.0 ], [ 103.47934943000007, -0.885924208999938, 0.0 ], [ 103.481505940000034, -0.887580188999948, 0.0 ], [ 103.483431740000071, -0.892888478999964, 0.0 ], [ 103.482886870000073, -0.895052478999958, 0.0 ], [ 103.480347370000061, -0.89734601899994, 0.0 ], [ 103.479698620000079, -0.900161838999963, 0.0 ], [ 103.48384438000005, -0.903543010999954, 0.0 ], [ 103.487311730000044, -0.906370888999959, 0.0 ], [ 103.492103225000051, -0.913013874999933, 0.0 ], [ 103.496767086000034, -0.919479906999925, 0.0 ], [ 103.497319160000075, -0.920245308999938, 0.0 ], [ 103.500187710000034, -0.924905688999957, 0.0 ], [ 103.502334137000048, -0.928392880999979, 0.0 ], [ 103.506957679000038, -0.935904515999937, 0.0 ], [ 103.507191990000081, -0.936285188999932, 0.0 ], [ 103.507196700000065, -0.93628992899994, 0.0 ], [ 103.508153909000043, -0.937254637999956, 0.0 ], [ 103.509497970000041, -0.938609228999951, 0.0 ], [ 103.513349920000053, -0.961022208999964, 0.0 ], [ 103.513714593000088, -0.963144104999969, 0.0 ], [ 103.514533330000063, -0.967908008999927, 0.0 ], [ 103.514111506000063, -0.96818017399994, 0.0 ], [ 103.509965034000061, -0.970855511999957, 0.0 ], [ 103.513763330000074, -0.976289928999961, 0.0 ], [ 103.514002377000054, -0.97724988899995, 0.0 ], [ 103.505556195000054, -0.980629281999938, 0.0 ], [ 103.501845067000033, -0.982449998999925, 0.0 ], [ 103.498653513000079, -0.982541185999935, 0.0 ], [ 103.493459478000034, -0.982689586999925, 0.0 ], [ 103.492655070000069, -0.982703698999956, 0.0 ], [ 103.489774381000075, -0.982754237999927, 0.0 ] ] ] ] } },
{ "type": "Feature", "properties": { "fid": 20292.0, "gid": null, "kdprov": "15", "kdkab": "07", "kdkec": "041", "kddesa": "008", "iddesa": "1507041008", "nmprov": "JAMBI", "nmkab": "TANJUNG JABUNG BARAT", "nmkec": "KUALA BETARA", "nmdesa": "DATARAN PINANG", "luas": null, "sumber": null, "periode": null, "layer": null, "path": null, "idkec": "1507041" }, "geometry": { "type": "MultiPolygon", "coordinates": [ [ [ [ 103.514002377000054, -0.97724988899995, 0.0 ], [ 103.513763330000074, -0.976289928999961, 0.0 ], [ 103.509965034000061, -0.970855511999957, 0.0 ], [ 103.514111506000063, -0.96818017399994, 0.0 ], [ 103.514533330000063, -0.967908008999927, 0.0 ], [ 103.513714593000088, -0.963144104999969, 0.0 ], [ 103.513349920000053, -0.961022208999964, 0.0 ], [ 103.509497970000041, -0.938609228999951, 0.0 ], [ 103.508153909000043, -0.937254637999956, 0.0 ], [ 103.507196700000065, -0.93628992899994, 0.0 ], [ 103.507191990000081, -0.936285188999932, 0.0 ], [ 103.506957679000038, -0.935904515999937, 0.0 ], [ 103.502334137000048, -0.928392880999979, 0.0 ], [ 103.500187710000034, -0.924905688999957, 0.0 ], [ 103.497319160000075, -0.920245308999938, 0.0 ], [ 103.496767086000034, -0.919479906999925, 0.0 ], [ 103.492103225000051, -0.913013874999933, 0.0 ], [ 103.487311730000044, -0.906370888999959, 0.0 ], [ 103.48384438000005, -0.903543010999954, 0.0 ], [ 103.479698620000079, -0.900161838999963, 0.0 ], [ 103.480347370000061, -0.89734601899994, 0.0 ], [ 103.482886870000073, -0.895052478999958, 0.0 ], [ 103.492836770000054, -0.904536768999947, 0.0 ], [ 103.502262680000058, -0.915405668999938, 0.0 ], [ 103.502444526000033, -0.915568161999943, 0.0 ], [ 103.507650900000044, -0.920220428999926, 0.0 ], [ 103.50765320000005, -0.92022247899996, 0.0 ], [ 103.514832227000056, -0.930571506999968, 0.0 ], [ 103.516397230000052, -0.932827558999975, 0.0 ], [ 103.518024568000044, -0.93322703399997, 0.0 ], [ 103.517740630000048, -0.93357778099994, 0.0 ], [ 103.515406798000072, -0.93586993699995, 0.0 ], [ 103.515607697000064, -0.936439628999949, 0.0 ], [ 103.518324088000043, -0.944142536999948, 0.0 ], [ 103.519724409000048, -0.946413591999942, 0.0 ], [ 103.520636793000051, -0.94789330499998, 0.0 ], [ 103.521949862000042, -0.952524534999952, 0.0 ], [ 103.529975716000081, -0.957965791999925, 0.0 ], [ 103.531785296000066, -0.959192625999947, 0.0 ], [ 103.53866176400004, -0.962818399999946, 0.0 ], [ 103.544412992000048, -0.964902178999978, 0.0 ], [ 103.548461780000082, -0.965002561999938, 0.0 ], [ 103.548392910000075, -0.965146067999967, 0.0 ], [ 103.548294709000061, -0.965262118999931, 0.0 ], [ 103.548100849000036, -0.965407537999965, 0.0 ], [ 103.54765479100007, -0.965345489999947, 0.0 ], [ 103.546851329000049, -0.965222148999942, 0.0 ], [ 103.546341351000081, -0.965149226999927, 0.0 ], [ 103.545183020000081, -0.965123020999954, 0.0 ], [ 103.544339111000056, -0.965341627999976, 0.0 ], [ 103.543811560000051, -0.965578810999943, 0.0 ], [ 103.54361878900005, -0.965654167999958, 0.0 ], [ 103.543349543000033, -0.965925899999945, 0.0 ], [ 103.543225981000035, -0.96618568599996, 0.0 ], [ 103.543287929000087, -0.966458367999962, 0.0 ], [ 103.54351855200008, -0.966768539999975, 0.0 ], [ 103.543801950000045, -0.966946586999939, 0.0 ], [ 103.54406166800004, -0.967176159999951, 0.0 ], [ 103.544298142000059, -0.967394918999958, 0.0 ], [ 103.544419450000078, -0.96755019099993, 0.0 ], [ 103.544606129000044, -0.967720708999934, 0.0 ], [ 103.544879372000082, -0.967846300999952, 0.0 ], [ 103.545078308000086, -0.968037997999943, 0.0 ], [ 103.545258490000037, -0.968253649999951, 0.0 ], [ 103.545317508000039, -0.968485008999949, 0.0 ], [ 103.545418828000038, -0.968750186999955, 0.0 ], [ 103.545456561000037, -0.96898757799994, 0.0 ], [ 103.545365933000085, -0.969109540999966, 0.0 ], [ 103.545248599000047, -0.969210746999977, 0.0 ], [ 103.544784482000068, -0.969418079999969, 0.0 ], [ 103.54432950100005, -0.969703537999976, 0.0 ], [ 103.543881611000074, -0.969825018999927, 0.0 ], [ 103.543569160000061, -0.969945787999961, 0.0 ], [ 103.543299308000087, -0.970158160999972, 0.0 ], [ 103.543113418000075, -0.97033698599995, 0.0 ], [ 103.542884688000072, -0.970570517999931, 0.0 ], [ 103.542643382000051, -0.970794186999967, 0.0 ], [ 103.542464130000042, -0.971082015999968, 0.0 ], [ 103.542306260000032, -0.971330148999925, 0.0 ], [ 103.542268468000088, -0.971636805999935, 0.0 ], [ 103.542277932000047, -0.971871847999978, 0.0 ], [ 103.542362045000061, -0.97229056599997, 0.0 ], [ 103.54236540900007, -0.972307310999952, 0.0 ], [ 103.54248369000004, -0.97266596999998, 0.0 ], [ 103.542598629000054, -0.97298527099997, 0.0 ], [ 103.542737620000082, -0.973332638999977, 0.0 ], [ 103.542850600000065, -0.973588499999948, 0.0 ], [ 103.542891873000087, -0.973890028999961, 0.0 ], [ 103.542967031000046, -0.974135439999941, 0.0 ], [ 103.543064079000033, -0.97434071999993, 0.0 ], [ 103.543231189000039, -0.974444310999957, 0.0 ], [ 103.543295692000072, -0.974484300999961, 0.0 ], [ 103.543332329000066, -0.974521188999972, 0.0 ], [ 103.543863773000055, -0.974533828999938, 0.0 ], [ 103.544162620000066, -0.974542398999972, 0.0 ], [ 103.544330800000068, -0.974549828999955, 0.0 ], [ 103.544966020000061, -0.974577908999947, 0.0 ], [ 103.546112260000086, -0.974630849999926, 0.0 ], [ 103.546193580000079, -0.974634608999963, 0.0 ], [ 103.546977490000074, -0.975076009999952, 0.0 ], [ 103.547149679000086, -0.975157068999977, 0.0 ], [ 103.547253310000087, -0.975231318999931, 0.0 ], [ 103.548090280000054, -0.975702598999931, 0.0 ], [ 103.548601689000066, -0.975973738999926, 0.0 ], [ 103.548937950000038, -0.976236437999944, 0.0 ], [ 103.549266941000042, -0.976516680999964, 0.0 ], [ 103.549360681000053, -0.976698087999978, 0.0 ], [ 103.549463499000069, -0.976897056999974, 0.0 ], [ 103.549487529000032, -0.977138058999969, 0.0 ], [ 103.549501603000067, -0.977279257999953, 0.0 ], [ 103.549343321000038, -0.977559268999926, 0.0 ], [ 103.549302630000057, -0.977617859999953, 0.0 ], [ 103.549251791000074, -0.977691059999927, 0.0 ], [ 103.549166138000032, -0.977814390999924, 0.0 ], [ 103.549020950000056, -0.978013400999941, 0.0 ], [ 103.548809250000033, -0.97823146099995, 0.0 ], [ 103.547883711000054, -0.978991557999962, 0.0 ], [ 103.547430431000066, -0.979140850999954, 0.0 ], [ 103.547376794000058, -0.979158518999952, 0.0 ], [ 103.54663615000004, -0.979060548999939, 0.0 ], [ 103.546528830000057, -0.979049698999972, 0.0 ], [ 103.545829588000061, -0.978979008999943, 0.0 ], [ 103.545633730000077, -0.978959208999925, 0.0 ], [ 103.544634280000082, -0.979078888999936, 0.0 ], [ 103.544511060000048, -0.979093638999927, 0.0 ], [ 103.541895, -0.979406908999977, 0.0 ], [ 103.54144313200004, -0.979401517999975, 0.0 ], [ 103.540851419000035, -0.97947397799993, 0.0 ], [ 103.540070820000039, -0.979330507999975, 0.0 ], [ 103.539663891000032, -0.979695918999937, 0.0 ], [ 103.539568372000076, -0.980115269999942, 0.0 ], [ 103.539493210000046, -0.980386366999937, 0.0 ], [ 103.539439290000075, -0.980692179999949, 0.0 ], [ 103.539414170000043, -0.980951797999978, 0.0 ], [ 103.539334699000051, -0.981108978999941, 0.0 ], [ 103.539360692000059, -0.981416778999971, 0.0 ], [ 103.539305278000086, -0.981670178999934, 0.0 ], [ 103.539233711000065, -0.981792490999965, 0.0 ], [ 103.53921050200006, -0.981827400999975, 0.0 ], [ 103.539147210000067, -0.98192260899998, 0.0 ], [ 103.538810838000074, -0.982054128999948, 0.0 ], [ 103.538120238000033, -0.982434849999947, 0.0 ], [ 103.537058961000071, -0.982927680999978, 0.0 ], [ 103.536418021000088, -0.983261598999945, 0.0 ], [ 103.535646768000049, -0.983711117999974, 0.0 ], [ 103.535214020000069, -0.983939068999973, 0.0 ], [ 103.534866942000065, -0.984286788999952, 0.0 ], [ 103.534750380000048, -0.984501577999936, 0.0 ], [ 103.534812641000087, -0.984773117999964, 0.0 ], [ 103.53483218000008, -0.98479741899996, 0.0 ], [ 103.535175678000087, -0.98522468699997, 0.0 ], [ 103.535315561000061, -0.985438577999957, 0.0 ], [ 103.535411932000045, -0.985585930999946, 0.0 ], [ 103.53579730000007, -0.985938619999956, 0.0 ], [ 103.535797324000043, -0.98593864399993, 0.0 ], [ 103.53584789100006, -0.985984922999933, 0.0 ], [ 103.536349295000036, -0.986472450999941, 0.0 ], [ 103.536388320000071, -0.986552098999937, 0.0 ], [ 103.536666429000036, -0.987119727999925, 0.0 ], [ 103.536882452000043, -0.987602616999936, 0.0 ], [ 103.536912873000063, -0.988103906999925, 0.0 ], [ 103.536698428000079, -0.988820527999962, 0.0 ], [ 103.536482463000084, -0.989252267999973, 0.0 ], [ 103.536252751000063, -0.989768326999979, 0.0 ], [ 103.53611204200007, -0.990208070999927, 0.0 ], [ 103.53590642100005, -0.991422128999943, 0.0 ], [ 103.524482010000042, -0.990704588999961, 0.0 ], [ 103.511995490000061, -0.989919198999928, 0.0 ], [ 103.510953140000083, -0.989830518999952, 0.0 ], [ 103.508592880000037, -0.989705158999925, 0.0 ], [ 103.50100744000008, -0.989228068999978, 0.0 ], [ 103.493318500000044, -0.986128178999934, 0.0 ], [ 103.493314840000039, -0.986126698999954, 0.0 ], [ 103.489774381000075, -0.982754237999927, 0.0 ], [ 103.492655070000069, -0.982703698999956, 0.0 ], [ 103.493459478000034, -0.982689586999925, 0.0 ], [ 103.498653513000079, -0.982541185999935, 0.0 ], [ 103.501845067000033, -0.982449998999925, 0.0 ], [ 103.505556195000054, -0.980629281999938, 0.0 ], [ 103.514002377000054, -0.97724988899995, 0.0 ] ] ] ] } },
{ "type": "Feature", "properties": { "fid": 20349.0, "gid": null, "kdprov": "15", "kdkab": "07", "kdkec": "041", "kddesa": "005", "iddesa": "1507041005", "nmprov": "JAMBI", "nmkab": "TANJUNG JABUNG BARAT", "nmkec": "KUALA BETARA", "nmdesa": "SUNGAI GEBAR BARAT", "luas": null, "sumber": null, "periode": null, "layer": null, "path": null, "idkec": "1507041" }, "geometry": { "type": "MultiPolygon", "coordinates": [ [ [ [ 103.468557020000048, -0.969848198999955, 0.0 ], [ 103.467977049000069, -0.974932126999931, 0.0 ], [ 103.467973810000046, -0.974960518999978, 0.0 ], [ 103.462395670000035, -0.975031078999962, 0.0 ], [ 103.46247591000008, -0.977639038999939, 0.0 ], [ 103.456878410000058, -0.977542708999977, 0.0 ], [ 103.457003700000087, -0.975220728999943, 0.0 ], [ 103.457960488000083, -0.957489101999954, 0.0 ], [ 103.458535410000081, -0.946834398999954, 0.0 ], [ 103.458538240000053, -0.946782068999937, 0.0 ], [ 103.45857766000006, -0.946051524999973, 0.0 ], [ 103.458870110000078, -0.940631738999969, 0.0 ], [ 103.459072939000066, -0.936872717999961, 0.0 ], [ 103.459118060000037, -0.936036498999954, 0.0 ], [ 103.459107920000065, -0.926809833999926, 0.0 ], [ 103.459107460000041, -0.926391258999956, 0.0 ], [ 103.458580740000059, -0.923573768999972, 0.0 ], [ 103.458461, -0.923362628999939, 0.0 ], [ 103.45833624900007, -0.923142649999932, 0.0 ], [ 103.456663080000055, -0.920192288999942, 0.0 ], [ 103.455965732000038, -0.917731419999939, 0.0 ], [ 103.455225920000032, -0.915120698999942, 0.0 ], [ 103.453789340000071, -0.908680758999935, 0.0 ], [ 103.453963890000068, -0.908604258999958, 0.0 ], [ 103.454265088000056, -0.908472253999946, 0.0 ], [ 103.456908470000087, -0.907313748999968, 0.0 ], [ 103.458729210000058, -0.907121608999944, 0.0 ], [ 103.459947190000037, -0.90699307899996, 0.0 ], [ 103.45993382100005, -0.906888169999945, 0.0 ], [ 103.462130025000079, -0.907236773999955, 0.0 ], [ 103.461601489000088, -0.901132182999959, 0.0 ], [ 103.461297580000064, -0.899236059999964, 0.0 ], [ 103.460927605000052, -0.897709911999925, 0.0 ], [ 103.460597270000051, -0.896210190999966, 0.0 ], [ 103.460372642000038, -0.89572129499993, 0.0 ], [ 103.45997624000006, -0.89523900599994, 0.0 ], [ 103.459778039000071, -0.895054017999939, 0.0 ], [ 103.459566625000036, -0.894842603999962, 0.0 ], [ 103.459355210000069, -0.894472628999949, 0.0 ], [ 103.459236290000035, -0.894049799999948, 0.0 ], [ 103.459196650000081, -0.893679823999946, 0.0 ], [ 103.45924950300008, -0.893105041999945, 0.0 ], [ 103.45948734500007, -0.892602931999932, 0.0 ], [ 103.459725186000071, -0.892497224999943, 0.0 ], [ 103.459857320000083, -0.892351877999943, 0.0 ], [ 103.459738399000059, -0.891796914999929, 0.0 ], [ 103.459689261000051, -0.891611529999977, 0.0 ], [ 103.459593052000059, -0.891248558999962, 0.0 ], [ 103.459593052000059, -0.890772875999971, 0.0 ], [ 103.459408064000058, -0.890283979999936, 0.0 ], [ 103.459170223000058, -0.889524209999934, 0.0 ], [ 103.459236290000035, -0.889061740999978, 0.0 ], [ 103.459183436000046, -0.888599271999965, 0.0 ], [ 103.459163616000069, -0.888292059999969, 0.0 ], [ 103.459018269000069, -0.887558715999944, 0.0 ], [ 103.458483126000033, -0.886352993999935, 0.0 ], [ 103.458251892000078, -0.885870703999956, 0.0 ], [ 103.458225209000034, -0.885642473999951, 0.0 ], [ 103.458996050000053, -0.885999768999966, 0.0 ], [ 103.460339050000073, -0.885880098999962, 0.0 ], [ 103.460405470000069, -0.885880128999929, 0.0 ], [ 103.460406800000044, -0.885885338999969, 0.0 ], [ 103.460431740000047, -0.885871838999947, 0.0 ], [ 103.460436808000054, -0.885871386999952, 0.0 ], [ 103.461447250000049, -0.885781358999964, 0.0 ], [ 103.461453110000036, -0.885782098999925, 0.0 ], [ 103.461457620000033, -0.885780438999973, 0.0 ], [ 103.463693410000076, -0.88558121899996, 0.0 ], [ 103.463755670000069, -0.88557567099997, 0.0 ], [ 103.463776946000053, -0.885695819999967, 0.0 ], [ 103.464240273000087, -0.888312255999949, 0.0 ], [ 103.46559884800007, -0.88812205499994, 0.0 ], [ 103.46822891000005, -0.899868518999938, 0.0 ], [ 103.468484080000053, -0.901008168999965, 0.0 ], [ 103.468919576000076, -0.90295320499996, 0.0 ], [ 103.471698340000046, -0.915363858999967, 0.0 ], [ 103.471791858000074, -0.918232769999975, 0.0 ], [ 103.471879862000037, -0.920932514999947, 0.0 ], [ 103.471899483000072, -0.921534428999962, 0.0 ], [ 103.471904110000082, -0.921676378999962, 0.0 ], [ 103.471903040000086, -0.921686368999929, 0.0 ], [ 103.468923507000056, -0.949537431999943, 0.0 ], [ 103.468660379000085, -0.951997009999957, 0.0 ], [ 103.468321440000068, -0.955165228999931, 0.0 ], [ 103.468557020000048, -0.969848198999955, 0.0 ] ] ] ] } },
{ "type": "Feature", "properties": { "fid": 21312.0, "gid": null, "kdprov": "15", "kdkab": "07", "kdkec": "030", "kddesa": "010", "iddesa": "1507030010", "nmprov": "JAMBI", "nmkab": "TANJUNG JABUNG BARAT", "nmkec": "TUNGKAL ILIR", "nmdesa": "TUNGKAL II", "luas": null, "sumber": null, "periode": null, "layer": null, "path": null, "idkec": "1507030" }, "geometry": { "type": "MultiPolygon", "coordinates": [ [ [ [ 103.471359576000054, -0.82996636799993, 0.0 ], [ 103.471318350000047, -0.829875408999953, 0.0 ], [ 103.471255539000083, -0.829753165999932, 0.0 ], [ 103.470642110000085, -0.828559308999957, 0.0 ], [ 103.470599227000037, -0.828475853999976, 0.0 ], [ 103.470558040000071, -0.828395698999941, 0.0 ], [ 103.470380790000036, -0.828137278999975, 0.0 ], [ 103.470037280000042, -0.827605938999966, 0.0 ], [ 103.469782760000044, -0.827265378999925, 0.0 ], [ 103.46974218400004, -0.827077442999951, 0.0 ], [ 103.470303004000073, -0.826894501999959, 0.0 ], [ 103.470184701000051, -0.826451707999979, 0.0 ], [ 103.469797157000073, -0.826563355999951, 0.0 ], [ 103.469024532000049, -0.825458500999957, 0.0 ], [ 103.468731475000084, -0.825536649999947, 0.0 ], [ 103.468548050000038, -0.825150018999977, 0.0 ], [ 103.468498670000088, -0.825038458999927, 0.0 ], [ 103.468286250000062, -0.824664838999979, 0.0 ], [ 103.468093840000051, -0.82431534899996, 0.0 ], [ 103.467681470000059, -0.823803688999931, 0.0 ], [ 103.467292650000047, -0.822707578999939, 0.0 ], [ 103.467117070000086, -0.822016848999965, 0.0 ], [ 103.467051342000047, -0.821946026999967, 0.0 ], [ 103.466856986000039, -0.821859833999952, 0.0 ], [ 103.466973498000073, -0.821273215999952, 0.0 ], [ 103.466537079000034, -0.821231803999979, 0.0 ], [ 103.466505224000059, -0.820817683999962, 0.0 ], [ 103.466632645000061, -0.820811312999979, 0.0 ], [ 103.466597604000071, -0.820492758999933, 0.0 ], [ 103.466844731000037, -0.820470791999981, 0.0 ], [ 103.46683, -0.820356698999944, 0.0 ], [ 103.466740953000055, -0.820206059999975, 0.0 ], [ 103.466715022000074, -0.819997394999973, 0.0 ], [ 103.466758963000075, -0.819882471999961, 0.0 ], [ 103.466747780000048, -0.819778668999959, 0.0 ], [ 103.466681722000033, -0.819599804999939, 0.0 ], [ 103.46655547000006, -0.81925795899997, 0.0 ], [ 103.466472120000049, -0.818884368999932, 0.0 ], [ 103.466334860000075, -0.818759218999958, 0.0 ], [ 103.46632616900007, -0.818716528999971, 0.0 ], [ 103.465624904000038, -0.818789220999975, 0.0 ], [ 103.465634107000085, -0.818786949999947, 0.0 ], [ 103.465595310000083, -0.818630798999948, 0.0 ], [ 103.465528332000076, -0.818389387999957, 0.0 ], [ 103.466189693000047, -0.818186254999944, 0.0 ], [ 103.466170900000066, -0.818125478999946, 0.0 ], [ 103.466148547000046, -0.818057010999951, 0.0 ], [ 103.466074380000066, -0.817829838999955, 0.0 ], [ 103.466255, -0.817782118999958, 0.0 ], [ 103.466325780000034, -0.817754228999945, 0.0 ], [ 103.466370230000052, -0.817736718999925, 0.0 ], [ 103.466158170000085, -0.817255858999943, 0.0 ], [ 103.466094030000079, -0.816844578999962, 0.0 ], [ 103.466077300000052, -0.816776218999962, 0.0 ], [ 103.466022943000041, -0.816786883999953, 0.0 ], [ 103.465969470000061, -0.816797374999965, 0.0 ], [ 103.465683355000067, -0.815607735999947, 0.0 ], [ 103.465096870000082, -0.815691949999973, 0.0 ], [ 103.465069700000072, -0.815542848999939, 0.0 ], [ 103.465067160000046, -0.815528908999966, 0.0 ], [ 103.46497056000004, -0.814898708999976, 0.0 ], [ 103.464884220000044, -0.814567918999956, 0.0 ], [ 103.464908440000045, -0.814543558999958, 0.0 ], [ 103.464899570000057, -0.814507778999939, 0.0 ], [ 103.46483937000005, -0.814265008999939, 0.0 ], [ 103.464811030000078, -0.814122138999949, 0.0 ], [ 103.464736480000056, -0.813746346999949, 0.0 ], [ 103.464700790000052, -0.813566438999942, 0.0 ], [ 103.464625660000081, -0.813219138999955, 0.0 ], [ 103.464357220000068, -0.811978298999975, 0.0 ], [ 103.464207950000059, -0.811157298999944, 0.0 ], [ 103.463984350000032, -0.81056775899998, 0.0 ], [ 103.463693880000051, -0.809869318999972, 0.0 ], [ 103.46320103000005, -0.808977698999968, 0.0 ], [ 103.462755730000083, -0.808172118999948, 0.0 ], [ 103.462884320000057, -0.808117718999938, 0.0 ], [ 103.462945310000066, -0.808091908999927, 0.0 ], [ 103.463024180000048, -0.808058538999944, 0.0 ], [ 103.463554640000041, -0.807834088999925, 0.0 ], [ 103.463622300000054, -0.807805452999958, 0.0 ], [ 103.46362576000007, -0.807803988999979, 0.0 ], [ 103.464379700000052, -0.807484988999931, 0.0 ], [ 103.465686250000033, -0.811386728999935, 0.0 ], [ 103.466434760000084, -0.812162318999924, 0.0 ], [ 103.466678050000041, -0.812718878999931, 0.0 ], [ 103.466759639000088, -0.81312233999995, 0.0 ], [ 103.466813250000087, -0.813387448999947, 0.0 ], [ 103.46721960800005, -0.814716445999977, 0.0 ], [ 103.467232570000078, -0.814758838999978, 0.0 ], [ 103.467315130000088, -0.814947308999933, 0.0 ], [ 103.467403510000054, -0.815149038999948, 0.0 ], [ 103.467534980000039, -0.815315078999959, 0.0 ], [ 103.467731430000072, -0.815450668999972, 0.0 ], [ 103.467732290000072, -0.815453838999929, 0.0 ], [ 103.46784585000006, -0.815448658999969, 0.0 ], [ 103.468067050000059, -0.815485858999978, 0.0 ], [ 103.468150009000055, -0.815513715999941, 0.0 ], [ 103.468801410000083, -0.815732448999938, 0.0 ], [ 103.469360590000065, -0.81587567899993, 0.0 ], [ 103.469608450000067, -0.81594446899993, 0.0 ], [ 103.470063400000072, -0.816108718999942, 0.0 ], [ 103.470400390000066, -0.816095168999937, 0.0 ], [ 103.470953533000056, -0.815942691999965, 0.0 ], [ 103.470975310000085, -0.815936688999955, 0.0 ], [ 103.471116890000076, -0.815897658999972, 0.0 ], [ 103.471134710000058, -0.815891378999936, 0.0 ], [ 103.471843480000075, -0.815736748999939, 0.0 ], [ 103.471845470000062, -0.815736658999924, 0.0 ], [ 103.472108480000088, -0.815678938999952, 0.0 ], [ 103.472773360000076, -0.815275738999958, 0.0 ], [ 103.473137095000084, -0.815995549999968, 0.0 ], [ 103.473281898000039, -0.81628210699995, 0.0 ], [ 103.473329470000067, -0.816376248999973, 0.0 ], [ 103.473749068000075, -0.817188294999937, 0.0 ], [ 103.473841773000061, -0.81736770599997, 0.0 ], [ 103.473912250000069, -0.817504098999962, 0.0 ], [ 103.474483809000048, -0.818444486999965, 0.0 ], [ 103.474915059000068, -0.819143337999947, 0.0 ], [ 103.475233454000033, -0.819509873999948, 0.0 ], [ 103.47592398200004, -0.819068388999938, 0.0 ], [ 103.476382447000049, -0.818677844999968, 0.0 ], [ 103.476829592000058, -0.818338240999935, 0.0 ], [ 103.477064045000077, -0.817979626999943, 0.0 ], [ 103.476616903000036, -0.817386304999957, 0.0 ], [ 103.476060707000045, -0.816648274999977, 0.0 ], [ 103.476216190000059, -0.816586338999969, 0.0 ], [ 103.47567200900005, -0.815601167999944, 0.0 ], [ 103.475526521000063, -0.815337778999947, 0.0 ], [ 103.475230450000083, -0.814801778999936, 0.0 ], [ 103.475999640000055, -0.814330568999935, 0.0 ], [ 103.475714565000033, -0.813781588999973, 0.0 ], [ 103.475550810000072, -0.813466238999979, 0.0 ], [ 103.475625680000064, -0.81341944899998, 0.0 ], [ 103.475710554000045, -0.813383404999968, 0.0 ], [ 103.476121490000082, -0.813208888999952, 0.0 ], [ 103.476301069000044, -0.813118765999945, 0.0 ], [ 103.476973390000069, -0.812781358999928, 0.0 ], [ 103.477421620000086, -0.812596868999947, 0.0 ], [ 103.477812090000043, -0.812396538999963, 0.0 ], [ 103.478278590000059, -0.812147748999962, 0.0 ], [ 103.478708044000086, -0.811880871999961, 0.0 ], [ 103.479332790000058, -0.812845601999925, 0.0 ], [ 103.483361548000062, -0.818073874999925, 0.0 ], [ 103.484637990000067, -0.819730361999973, 0.0 ], [ 103.487287310000056, -0.821918468999968, 0.0 ], [ 103.488838050000084, -0.823574148999967, 0.0 ], [ 103.489572430000067, -0.823955158999979, 0.0 ], [ 103.493348390000051, -0.825914218999969, 0.0 ], [ 103.497037750000061, -0.828044488999979, 0.0 ], [ 103.497675260000051, -0.828416614999981, 0.0 ], [ 103.499139020000086, -0.829271038999934, 0.0 ], [ 103.505306103000066, -0.835167531999957, 0.0 ], [ 103.505986410000048, -0.835817988999963, 0.0 ], [ 103.510422350000056, -0.840079848999949, 0.0 ], [ 103.511723972000084, -0.84350354399993, 0.0 ], [ 103.514739676000033, -0.847267142999954, 0.0 ], [ 103.517562375000068, -0.850065715999961, 0.0 ], [ 103.520373610000036, -0.853778738999949, 0.0 ], [ 103.520846640000059, -0.854665058999956, 0.0 ], [ 103.521004760000039, -0.858520898999927, 0.0 ], [ 103.521010950000061, -0.858761078999976, 0.0 ], [ 103.519437500000038, -0.860818278999943, 0.0 ], [ 103.519429120000041, -0.860774308999964, 0.0 ], [ 103.51942, -0.860726448999969, 0.0 ], [ 103.519326670000055, -0.860235978999924, 0.0 ], [ 103.519185310000069, -0.859493018999956, 0.0 ], [ 103.518889190000039, -0.858271568999953, 0.0 ], [ 103.518594550000046, -0.857629878999944, 0.0 ], [ 103.518586610000057, -0.857612588999928, 0.0 ], [ 103.518549150000069, -0.857530918999942, 0.0 ], [ 103.518538030000059, -0.857506688999933, 0.0 ], [ 103.518148910000036, -0.856658318999962, 0.0 ], [ 103.518082310000068, -0.856513118999942, 0.0 ], [ 103.518066140000087, -0.856477868999946, 0.0 ], [ 103.518060430000048, -0.856466678999936, 0.0 ], [ 103.518054070000062, -0.856452808999961, 0.0 ], [ 103.518038230000059, -0.856421778999959, 0.0 ], [ 103.517569110000068, -0.855502698999942, 0.0 ], [ 103.516060140000036, -0.853140868999958, 0.0 ], [ 103.51473929000008, -0.852380408999977, 0.0 ], [ 103.512991150000062, -0.852480288999971, 0.0 ], [ 103.512851900000044, -0.852488238999968, 0.0 ], [ 103.512828590000083, -0.852518048999968, 0.0 ], [ 103.512793460000069, -0.85256297899997, 0.0 ], [ 103.510764560000041, -0.855157368999926, 0.0 ], [ 103.510284, -0.855771878999974, 0.0 ], [ 103.510281520000035, -0.855775048999931, 0.0 ], [ 103.509317010000075, -0.857007218999968, 0.0 ], [ 103.509316950000084, -0.857007298999974, 0.0 ], [ 103.508315230000051, -0.85826697899995, 0.0 ], [ 103.506223600000055, -0.858783238999933, 0.0 ], [ 103.50512585000007, -0.859054198999956, 0.0 ], [ 103.502872080000088, -0.85961083899997, 0.0 ], [ 103.502870870000038, -0.859612248999952, 0.0 ], [ 103.502869230000044, -0.859612568999978, 0.0 ], [ 103.502848240000048, -0.859616628999959, 0.0 ], [ 103.502846340000076, -0.859618888999933, 0.0 ], [ 103.501937660000067, -0.860701228999972, 0.0 ], [ 103.501934860000063, -0.860704558999942, 0.0 ], [ 103.50190622000008, -0.860737148999931, 0.0 ], [ 103.50107593000007, -0.860139668999977, 0.0 ], [ 103.501074250000045, -0.860138448999976, 0.0 ], [ 103.501067890000058, -0.860133878999932, 0.0 ], [ 103.500969920000045, -0.860057868999945, 0.0 ], [ 103.500919330000045, -0.860018618999959, 0.0 ], [ 103.499348080000061, -0.858799568999927, 0.0 ], [ 103.499062, -0.858577608999951, 0.0 ], [ 103.499017220000042, -0.85854287899997, 0.0 ], [ 103.498930850000079, -0.858475858999952, 0.0 ], [ 103.498769260000074, -0.858350488999974, 0.0 ], [ 103.495793300000059, -0.85622983899998, 0.0 ], [ 103.495519390000084, -0.85603464899998, 0.0 ], [ 103.494851270000083, -0.855636878999974, 0.0 ], [ 103.494824950000066, -0.855621208999935, 0.0 ], [ 103.494824950000066, -0.855621098999961, 0.0 ], [ 103.494717200000082, -0.855557058999977, 0.0 ], [ 103.494547370000078, -0.855455948999975, 0.0 ], [ 103.493194180000046, -0.854650318999973, 0.0 ], [ 103.492215250000072, -0.854135048999979, 0.0 ], [ 103.49221515000005, -0.85413516899996, 0.0 ], [ 103.492074270000046, -0.85406084899995, 0.0 ], [ 103.491978150000079, -0.854010258999949, 0.0 ], [ 103.491969310000059, -0.854005598999947, 0.0 ], [ 103.491423800000064, -0.853718478999951, 0.0 ], [ 103.490239980000069, -0.852606618999971, 0.0 ], [ 103.490123090000054, -0.852496838999969, 0.0 ], [ 103.490114750000032, -0.852489008999953, 0.0 ], [ 103.486276854000039, -0.849377748999927, 0.0 ], [ 103.485581490000072, -0.848814038999933, 0.0 ], [ 103.485581400000058, -0.848813948999975, 0.0 ], [ 103.485581370000034, -0.848813918999952, 0.0 ], [ 103.484472290000042, -0.847665578999965, 0.0 ], [ 103.482325110000033, -0.845442390999949, 0.0 ], [ 103.481419380000034, -0.844504598999947, 0.0 ], [ 103.479795100000047, -0.844373158999929, 0.0 ], [ 103.478528040000072, -0.844270608999977, 0.0 ], [ 103.478528, -0.844270628999936, 0.0 ], [ 103.477558511000041, -0.842410697999981, 0.0 ], [ 103.476667440000085, -0.840701208999974, 0.0 ], [ 103.476258485000074, -0.839916645999949, 0.0 ], [ 103.475620400000082, -0.838692508999941, 0.0 ], [ 103.474249460000067, -0.836062410999943, 0.0 ], [ 103.473276920000046, -0.834196628999962, 0.0 ], [ 103.472191750000036, -0.831802448999952, 0.0 ], [ 103.472189755000045, -0.831798047999939, 0.0 ], [ 103.472036265000042, -0.83145538399998, 0.0 ], [ 103.472034484000062, -0.831455460999962, 0.0 ], [ 103.47195915900005, -0.831289265999942, 0.0 ], [ 103.471494280000059, -0.830263568999953, 0.0 ], [ 103.471419772000047, -0.830099179999934, 0.0 ], [ 103.471359576000054, -0.82996636799993, 0.0 ] ] ] ] } },
{ "type": "Feature", "properties": { "fid": 21289.0, "gid": null, "kdprov": "15", "kdkab": "07", "kdkec": "030", "kddesa": "011", "iddesa": "1507030011", "nmprov": "JAMBI", "nmkab": "TANJUNG JABUNG BARAT", "nmkec": "TUNGKAL ILIR", "nmdesa": "TUNGKAL I", "luas": null, "sumber": null, "periode": null, "layer": null, "path": null, "idkec": "1507030" }, "geometry": { "type": "MultiPolygon", "coordinates": [ [ [ [ 103.533566320000034, -0.86758969899995, 0.0 ], [ 103.53275423000008, -0.867455158999974, 0.0 ], [ 103.532753710000065, -0.867455208999957, 0.0 ], [ 103.532538750000072, -0.867474358999971, 0.0 ], [ 103.532431750000057, -0.867483888999971, 0.0 ], [ 103.528457510000067, -0.867837928999961, 0.0 ], [ 103.525221420000037, -0.868370438999932, 0.0 ], [ 103.521306150000044, -0.869472308999946, 0.0 ], [ 103.52117663000007, -0.869508758999928, 0.0 ], [ 103.519502919000047, -0.868957509999973, 0.0 ], [ 103.518719480000073, -0.868699478999929, 0.0 ], [ 103.518719400000066, -0.86869945899997, 0.0 ], [ 103.518718320000062, -0.868699098999969, 0.0 ], [ 103.518718230000047, -0.868698908999932, 0.0 ], [ 103.518699610000056, -0.868659028999957, 0.0 ], [ 103.517955150000034, -0.867064828999958, 0.0 ], [ 103.518100680000032, -0.866451588999951, 0.0 ], [ 103.519405230000075, -0.860954278999941, 0.0 ], [ 103.519437500000038, -0.860818278999943, 0.0 ], [ 103.521010950000061, -0.858761078999976, 0.0 ], [ 103.521004760000039, -0.858520898999927, 0.0 ], [ 103.520846640000059, -0.854665058999956, 0.0 ], [ 103.520373610000036, -0.853778738999949, 0.0 ], [ 103.517562375000068, -0.850065715999961, 0.0 ], [ 103.514739676000033, -0.847267142999954, 0.0 ], [ 103.511723972000084, -0.84350354399993, 0.0 ], [ 103.510422350000056, -0.840079848999949, 0.0 ], [ 103.505986410000048, -0.835817988999963, 0.0 ], [ 103.505306103000066, -0.835167531999957, 0.0 ], [ 103.499139020000086, -0.829271038999934, 0.0 ], [ 103.497675260000051, -0.828416614999981, 0.0 ], [ 103.497037750000061, -0.828044488999979, 0.0 ], [ 103.493348390000051, -0.825914218999969, 0.0 ], [ 103.489572430000067, -0.823955158999979, 0.0 ], [ 103.488838050000084, -0.823574148999967, 0.0 ], [ 103.487287310000056, -0.821918468999968, 0.0 ], [ 103.484637990000067, -0.819730361999973, 0.0 ], [ 103.483361548000062, -0.818073874999925, 0.0 ], [ 103.479332790000058, -0.812845601999925, 0.0 ], [ 103.478708044000086, -0.811880871999961, 0.0 ], [ 103.478278590000059, -0.812147748999962, 0.0 ], [ 103.477812090000043, -0.812396538999963, 0.0 ], [ 103.477421620000086, -0.812596868999947, 0.0 ], [ 103.476973390000069, -0.812781358999928, 0.0 ], [ 103.476962740000033, -0.81278158899994, 0.0 ], [ 103.476952120000078, -0.812781838999967, 0.0 ], [ 103.476916330000051, -0.81276848899995, 0.0 ], [ 103.475912820000076, -0.812393918999931, 0.0 ], [ 103.475574320000078, -0.812470728999926, 0.0 ], [ 103.474904600000059, -0.812622688999966, 0.0 ], [ 103.474833960000069, -0.812589188999937, 0.0 ], [ 103.474398128000075, -0.812369624999974, 0.0 ], [ 103.474327390000042, -0.812333988999967, 0.0 ], [ 103.474192420000065, -0.811984218999953, 0.0 ], [ 103.474175150000065, -0.811792268999966, 0.0 ], [ 103.474198080000065, -0.811402418999933, 0.0 ], [ 103.474239760000046, -0.811109508999948, 0.0 ], [ 103.474333100000081, -0.810453578999955, 0.0 ], [ 103.474326030000043, -0.810443348999968, 0.0 ], [ 103.474268070000051, -0.810359398999935, 0.0 ], [ 103.474010700000065, -0.809835378999935, 0.0 ], [ 103.473817980000035, -0.809442978999925, 0.0 ], [ 103.473816420000048, -0.809439798999961, 0.0 ], [ 103.472419070000058, -0.807245638999973, 0.0 ], [ 103.471013440000036, -0.804660008999974, 0.0 ], [ 103.471842850000087, -0.804280658999971, 0.0 ], [ 103.471842890000062, -0.804280748999929, 0.0 ], [ 103.471882658000084, -0.804262564999931, 0.0 ], [ 103.472847200000047, -0.803821528999947, 0.0 ], [ 103.47287483000008, -0.803808888999924, 0.0 ], [ 103.472875110000075, -0.803808758999935, 0.0 ], [ 103.472875340000087, -0.803808648999961, 0.0 ], [ 103.47529922700005, -0.802675238999939, 0.0 ], [ 103.480269800000087, -0.800350998999932, 0.0 ], [ 103.480438290000052, -0.800272208999957, 0.0 ], [ 103.480451627000036, -0.800265971999977, 0.0 ], [ 103.484242272000074, -0.798493448999977, 0.0 ], [ 103.486784274000058, -0.797304797999971, 0.0 ], [ 103.488367190000076, -0.79656461899998, 0.0 ], [ 103.500353300000086, -0.798341608999976, 0.0 ], [ 103.505006780000087, -0.798886448999951, 0.0 ], [ 103.510440636000055, -0.799522655999965, 0.0 ], [ 103.509989344000076, -0.800873440999965, 0.0 ], [ 103.512281022000082, -0.800419161999969, 0.0 ], [ 103.512969101000067, -0.800702487999956, 0.0 ], [ 103.516733297000087, -0.801188190999937, 0.0 ], [ 103.524342640000043, -0.802847674999953, 0.0 ], [ 103.524585492000085, -0.803292902999942, 0.0 ], [ 103.526649728000052, -0.803090526999938, 0.0 ], [ 103.531830557000035, -0.804911911999966, 0.0 ], [ 103.535878080000032, -0.805721416999972, 0.0 ], [ 103.536161407000066, -0.806692821999945, 0.0 ], [ 103.537658990000068, -0.806733296999937, 0.0 ], [ 103.539318475000073, -0.807583276999935, 0.0 ], [ 103.540856533000067, -0.807421375999979, 0.0 ], [ 103.541908889000069, -0.807907078999961, 0.0 ], [ 103.544580254000039, -0.808838008999942, 0.0 ], [ 103.546077838000087, -0.809080860999927, 0.0 ], [ 103.546199263000062, -0.809890364999944, 0.0 ], [ 103.546644491000052, -0.810537968999938, 0.0 ], [ 103.547373045000086, -0.810173691999978, 0.0 ], [ 103.54846587600008, -0.811468898999976, 0.0 ], [ 103.548668252000084, -0.813168858999973, 0.0 ], [ 103.549882509000042, -0.815314045999969, 0.0 ], [ 103.549720608000086, -0.818268736999926, 0.0 ], [ 103.549194430000057, -0.819240142999945, 0.0 ], [ 103.549700371000085, -0.82045439999996, 0.0 ], [ 103.551056291000066, -0.820778200999939, 0.0 ], [ 103.549902747000033, -0.821000814999934, 0.0 ], [ 103.548749203000057, -0.820515111999953, 0.0 ], [ 103.549012292000043, -0.821142477999956, 0.0 ], [ 103.550127890000056, -0.821654395999929, 0.0 ], [ 103.549786160000053, -0.821852018999948, 0.0 ], [ 103.550339849000068, -0.821725693999952, 0.0 ], [ 103.551015815000085, -0.822194833999959, 0.0 ], [ 103.550914627000054, -0.822943625999926, 0.0 ], [ 103.550611063000076, -0.823206714999969, 0.0 ], [ 103.550226549000058, -0.823793605999924, 0.0 ], [ 103.550428925000062, -0.824319783999954, 0.0 ], [ 103.552776488000063, -0.826242356999956, 0.0 ], [ 103.555285952000077, -0.830977958999938, 0.0 ], [ 103.556783535000079, -0.835389758999952, 0.0 ], [ 103.558078743000067, -0.83911347999998, 0.0 ], [ 103.558382307000045, -0.841471161999948, 0.0 ], [ 103.558169812000074, -0.842574111999966, 0.0 ], [ 103.558503733000066, -0.844021100999953, 0.0 ], [ 103.55744125800004, -0.846783534999929, 0.0 ], [ 103.557208525000078, -0.849363830999948, 0.0 ], [ 103.556429377000086, -0.851094146999969, 0.0 ], [ 103.556692466000072, -0.851822700999946, 0.0 ], [ 103.556540684000083, -0.852318522999951, 0.0 ], [ 103.555953793000072, -0.852379235999933, 0.0 ], [ 103.555427615000042, -0.85272327499996, 0.0 ], [ 103.554962150000051, -0.852763749999951, 0.0 ], [ 103.554628230000048, -0.852611967999962, 0.0 ], [ 103.55451699300005, -0.854861817999961, 0.0 ], [ 103.553723222000087, -0.854984439999953, 0.0 ], [ 103.552760840000076, -0.855107532999966, 0.0 ], [ 103.551837067000065, -0.855437450999943, 0.0 ], [ 103.54984789000008, -0.856225798999958, 0.0 ], [ 103.549846960000082, -0.856226068999945, 0.0 ], [ 103.549844740000083, -0.856224938999958, 0.0 ], [ 103.549828120000086, -0.856229768999924, 0.0 ], [ 103.549705, -0.856265578999967, 0.0 ], [ 103.549245933000066, -0.856399065999938, 0.0 ], [ 103.549172670000075, -0.856420368999977, 0.0 ], [ 103.54904281000006, -0.856458128999975, 0.0 ], [ 103.548757200000068, -0.856541178999976, 0.0 ], [ 103.548738580000077, -0.856546588999947, 0.0 ], [ 103.548296600000072, -0.856675118999931, 0.0 ], [ 103.548228330000086, -0.856694968999932, 0.0 ], [ 103.54822732000008, -0.856696208999949, 0.0 ], [ 103.548226020000072, -0.856696588999966, 0.0 ], [ 103.546793820000062, -0.858454078999955, 0.0 ], [ 103.546736710000062, -0.858524158999955, 0.0 ], [ 103.546666910000056, -0.858609758999933, 0.0 ], [ 103.546653240000069, -0.858626528999935, 0.0 ], [ 103.546442264000063, -0.858885249999958, 0.0 ], [ 103.545835720000071, -0.859629058999928, 0.0 ], [ 103.545399285000087, -0.860235546999945, 0.0 ], [ 103.545251180000037, -0.860441358999935, 0.0 ], [ 103.545249460000036, -0.860443748999955, 0.0 ], [ 103.545164730000067, -0.860561508999979, 0.0 ], [ 103.545100900000079, -0.86065009899994, 0.0 ], [ 103.543449670000086, -0.862942048999969, 0.0 ], [ 103.542621190000034, -0.863824388999944, 0.0 ], [ 103.542428280000081, -0.864029848999962, 0.0 ], [ 103.542353090000063, -0.864109848999931, 0.0 ], [ 103.542255400000045, -0.864213778999954, 0.0 ], [ 103.540574789000061, -0.866001840999957, 0.0 ], [ 103.540201460000048, -0.86639903899993, 0.0 ], [ 103.538639750000073, -0.867263708999928, 0.0 ], [ 103.538561530000038, -0.867307018999952, 0.0 ], [ 103.538288690000059, -0.86745807899996, 0.0 ], [ 103.538141470000085, -0.867491288999929, 0.0 ], [ 103.535952590000079, -0.867985028999954, 0.0 ], [ 103.535929190000047, -0.867981148999945, 0.0 ], [ 103.533566320000034, -0.86758969899995, 0.0 ] ] ] ] } },
{ "type": "Feature", "properties": { "fid": 20335.0, "gid": null, "kdprov": "15", "kdkab": "07", "kdkec": "041", "kddesa": "006", "iddesa": "1507041006", "nmprov": "JAMBI", "nmkab": "TANJUNG JABUNG BARAT", "nmkec": "KUALA BETARA", "nmdesa": "SUNGAI DUNGUN", "luas": null, "sumber": null, "periode": null, "layer": null, "path": null, "idkec": "1507041" }, "geometry": { "type": "MultiPolygon", "coordinates": [ [ [ [ 103.531785296000066, -0.959192625999947, 0.0 ], [ 103.529975716000081, -0.957965791999925, 0.0 ], [ 103.521949862000042, -0.952524534999952, 0.0 ], [ 103.520636793000051, -0.94789330499998, 0.0 ], [ 103.519724409000048, -0.946413591999942, 0.0 ], [ 103.518324088000043, -0.944142536999948, 0.0 ], [ 103.515607697000064, -0.936439628999949, 0.0 ], [ 103.515406798000072, -0.93586993699995, 0.0 ], [ 103.517740630000048, -0.93357778099994, 0.0 ], [ 103.518024568000044, -0.93322703399997, 0.0 ], [ 103.521387010000069, -0.93405243899997, 0.0 ], [ 103.525346, -0.934726348999959, 0.0 ], [ 103.525677187000042, -0.934012757999938, 0.0 ], [ 103.525786040000071, -0.933778218999976, 0.0 ], [ 103.526234790000046, -0.932811318999939, 0.0 ], [ 103.526503266000077, -0.932232841999962, 0.0 ], [ 103.526562159000036, -0.932105947999958, 0.0 ], [ 103.526729714000055, -0.93174492199995, 0.0 ], [ 103.528905304000034, -0.927057242999979, 0.0 ], [ 103.529759200000058, -0.925217378999946, 0.0 ], [ 103.527389520000042, -0.917514528999959, 0.0 ], [ 103.527357690000088, -0.917411078999976, 0.0 ], [ 103.52728585300008, -0.917177575999972, 0.0 ], [ 103.52702234700007, -0.916321057999937, 0.0 ], [ 103.524712260000058, -0.908812178999938, 0.0 ], [ 103.524504750000062, -0.908137688999943, 0.0 ], [ 103.526734769000086, -0.906269706999979, 0.0 ], [ 103.526916913000036, -0.906117133999942, 0.0 ], [ 103.528233295000064, -0.905014462999929, 0.0 ], [ 103.531609960000083, -0.902185988999975, 0.0 ], [ 103.532311150000055, -0.901598638999928, 0.0 ], [ 103.535041190000072, -0.904337958999974, 0.0 ], [ 103.542662097000061, -0.909647830999972, 0.0 ], [ 103.55270266000008, -0.91664359899994, 0.0 ], [ 103.553882900000076, -0.917314898999962, 0.0 ], [ 103.560899989000063, -0.921306098999935, 0.0 ], [ 103.560954931000083, -0.921623426999929, 0.0 ], [ 103.56121395100007, -0.92259323899998, 0.0 ], [ 103.561594770000056, -0.923503650999976, 0.0 ], [ 103.562002003000032, -0.924308467999936, 0.0 ], [ 103.562454201000037, -0.925207428999954, 0.0 ], [ 103.56279291900006, -0.925858117999951, 0.0 ], [ 103.563054871000077, -0.925948236999943, 0.0 ], [ 103.563059319000047, -0.925949766999963, 0.0 ], [ 103.563559609000038, -0.925795706999963, 0.0 ], [ 103.564103331000069, -0.925368677999927, 0.0 ], [ 103.564591118000067, -0.925115280999933, 0.0 ], [ 103.565345111000056, -0.92484167899994, 0.0 ], [ 103.565800501000069, -0.924843009999961, 0.0 ], [ 103.566188800000077, -0.924853897999981, 0.0 ], [ 103.566487670000072, -0.925088328999948, 0.0 ], [ 103.566854599000067, -0.925388667999925, 0.0 ], [ 103.566873380000061, -0.925404038999943, 0.0 ], [ 103.567109379000044, -0.925771857999962, 0.0 ], [ 103.567394730000046, -0.926276716999951, 0.0 ], [ 103.567546360000051, -0.926858329999959, 0.0 ], [ 103.567711451000037, -0.927318020999962, 0.0 ], [ 103.567727950000062, -0.927728437999974, 0.0 ], [ 103.567708380000056, -0.927978569999937, 0.0 ], [ 103.567312920000063, -0.928630976999955, 0.0 ], [ 103.566881078000051, -0.929094566999936, 0.0 ], [ 103.566439367000044, -0.92936065899994, 0.0 ], [ 103.566297014000043, -0.929446414999973, 0.0 ], [ 103.566283229000078, -0.929454717999931, 0.0 ], [ 103.56568528300005, -0.929609289999973, 0.0 ], [ 103.565389358000061, -0.929685785999936, 0.0 ], [ 103.56535368200008, -0.929695007999953, 0.0 ], [ 103.564637136000044, -0.929710323999927, 0.0 ], [ 103.564343889000043, -0.929716590999931, 0.0 ], [ 103.563629241000058, -0.929732298999966, 0.0 ], [ 103.562914810000052, -0.929744337999978, 0.0 ], [ 103.562888346000079, -0.929744785999958, 0.0 ], [ 103.56257443800007, -0.929750075999948, 0.0 ], [ 103.562330753000083, -0.92946184699997, 0.0 ], [ 103.562043470000049, -0.929061578999949, 0.0 ], [ 103.561622368000087, -0.928422117999958, 0.0 ], [ 103.561056660000077, -0.927984598999956, 0.0 ], [ 103.560506281000073, -0.927645756999937, 0.0 ], [ 103.560036708000041, -0.927499249999926, 0.0 ], [ 103.559467049000034, -0.927535397999975, 0.0 ], [ 103.55916516800005, -0.927657667999938, 0.0 ], [ 103.558907310000052, -0.927864559999932, 0.0 ], [ 103.558691992000035, -0.928277586999968, 0.0 ], [ 103.55865859000005, -0.928554410999936, 0.0 ], [ 103.558643558000085, -0.928917937999927, 0.0 ], [ 103.558724590000054, -0.929408250999927, 0.0 ], [ 103.558802730000082, -0.92962827599996, 0.0 ], [ 103.558958009000037, -0.92994848799998, 0.0 ], [ 103.559066621000056, -0.930239716999949, 0.0 ], [ 103.559303331000081, -0.930661159999943, 0.0 ], [ 103.559461130000045, -0.930930136999962, 0.0 ], [ 103.559553109000035, -0.931086920999974, 0.0 ], [ 103.559589602000074, -0.931202928999937, 0.0 ], [ 103.559671391000052, -0.931462917999966, 0.0 ], [ 103.559852792000072, -0.93187546799993, 0.0 ], [ 103.560067902000071, -0.932452619999935, 0.0 ], [ 103.560394879000057, -0.93327779699996, 0.0 ], [ 103.56041723900006, -0.933836780999968, 0.0 ], [ 103.560328720000086, -0.934402577999947, 0.0 ], [ 103.560308500000076, -0.935102808999943, 0.0 ], [ 103.559928611000032, -0.935944476999964, 0.0 ], [ 103.559630821000042, -0.936604779999925, 0.0 ], [ 103.559579822000046, -0.937415717999954, 0.0 ], [ 103.559577038000043, -0.938004637999938, 0.0 ], [ 103.559586410000065, -0.938515207999956, 0.0 ], [ 103.559833020000042, -0.93897594699996, 0.0 ], [ 103.560210860000041, -0.939261939999938, 0.0 ], [ 103.560272660000066, -0.939260828999977, 0.0 ], [ 103.560534260000054, -0.939256120999971, 0.0 ], [ 103.561141882000072, -0.938955686999975, 0.0 ], [ 103.561742051000067, -0.938572918999967, 0.0 ], [ 103.562445870000033, -0.938419946999943, 0.0 ], [ 103.562963822000086, -0.938409476999936, 0.0 ], [ 103.563339407000058, -0.938397981999969, 0.0 ], [ 103.563470603000042, -0.938393966999968, 0.0 ], [ 103.56380607300008, -0.938504776999935, 0.0 ], [ 103.564187462000064, -0.938721198999929, 0.0 ], [ 103.564595352000083, -0.938971826999932, 0.0 ], [ 103.564929500000062, -0.93917713899998, 0.0 ], [ 103.565576810000039, -0.939621798999951, 0.0 ], [ 103.566028880000033, -0.940657158999954, 0.0 ], [ 103.565987370000073, -0.941568098999937, 0.0 ], [ 103.565780658000051, -0.941795805999959, 0.0 ], [ 103.565123140000082, -0.942520098999978, 0.0 ], [ 103.564712181000061, -0.942743440999948, 0.0 ], [ 103.564588620000052, -0.942773228999954, 0.0 ], [ 103.564094600000033, -0.94289232899996, 0.0 ], [ 103.562901750000037, -0.942726208999943, 0.0 ], [ 103.561009960000035, -0.941648848999932, 0.0 ], [ 103.559845891000066, -0.94124882899996, 0.0 ], [ 103.559687213000075, -0.941227675999926, 0.0 ], [ 103.55951831200008, -0.941205156999956, 0.0 ], [ 103.558371330000057, -0.941228420999948, 0.0 ], [ 103.55790403900005, -0.941268957999966, 0.0 ], [ 103.557809441000074, -0.941318448999937, 0.0 ], [ 103.557806120000066, -0.941320185999928, 0.0 ], [ 103.557373709000046, -0.941546420999941, 0.0 ], [ 103.556923341000072, -0.941802476999953, 0.0 ], [ 103.556668028000047, -0.942125868999938, 0.0 ], [ 103.55668920800008, -0.942675917999964, 0.0 ], [ 103.556908239000052, -0.943049008999935, 0.0 ], [ 103.557222339000077, -0.943399349999936, 0.0 ], [ 103.557522438000035, -0.943773877999945, 0.0 ], [ 103.557607313000062, -0.944030978999933, 0.0 ], [ 103.557711113000039, -0.944272427999977, 0.0 ], [ 103.55772776200007, -0.944596249999961, 0.0 ], [ 103.557745872000055, -0.944961949999936, 0.0 ], [ 103.557679250000035, -0.945434526999975, 0.0 ], [ 103.557678530000032, -0.945963669999969, 0.0 ], [ 103.557563369000036, -0.946229466999966, 0.0 ], [ 103.557410162000053, -0.946376799999939, 0.0 ], [ 103.557099213000072, -0.946570607999945, 0.0 ], [ 103.556786392000049, -0.946660047999956, 0.0 ], [ 103.556141531000037, -0.946637966999958, 0.0 ], [ 103.555602448000059, -0.946456556999976, 0.0 ], [ 103.555189198000051, -0.946387780999942, 0.0 ], [ 103.555091668000046, -0.946402772999932, 0.0 ], [ 103.554873069000053, -0.94643637799993, 0.0 ], [ 103.55463867800006, -0.946523329999934, 0.0 ], [ 103.554308251000066, -0.946655487999976, 0.0 ], [ 103.553978881000035, -0.94679657699993, 0.0 ], [ 103.553744412000071, -0.946954889999972, 0.0 ], [ 103.553611810000064, -0.947052478999979, 0.0 ], [ 103.553468741000074, -0.947157768999944, 0.0 ], [ 103.55325090000008, -0.947494916999972, 0.0 ], [ 103.553083208000032, -0.947832180999967, 0.0 ], [ 103.553036635000069, -0.948053214999959, 0.0 ], [ 103.55300731300008, -0.948192380999956, 0.0 ], [ 103.55301581100008, -0.948454849999962, 0.0 ], [ 103.553142172000037, -0.948690908999936, 0.0 ], [ 103.55322054700008, -0.94876444099998, 0.0 ], [ 103.553353151000067, -0.948888846999978, 0.0 ], [ 103.55348974900005, -0.948965227999963, 0.0 ], [ 103.553578071000061, -0.949046028999931, 0.0 ], [ 103.55377866200007, -0.949165050999966, 0.0 ], [ 103.553818670000055, -0.94917695099997, 0.0 ], [ 103.554115550000063, -0.949265260999937, 0.0 ], [ 103.554458898000064, -0.949341367999978, 0.0 ], [ 103.554747681000038, -0.949452470999972, 0.0 ], [ 103.554906369000037, -0.949554447999958, 0.0 ], [ 103.554910470000038, -0.94955854899996, 0.0 ], [ 103.555093402000068, -0.949741427999925, 0.0 ], [ 103.55532054300005, -0.950073466999925, 0.0 ], [ 103.555639258000042, -0.95061936999997, 0.0 ], [ 103.55576902200005, -0.950918539999975, 0.0 ], [ 103.555925601000069, -0.951326716999972, 0.0 ], [ 103.556114999000044, -0.951718366999955, 0.0 ], [ 103.55619008900004, -0.952071496999963, 0.0 ], [ 103.556244530000072, -0.952384346999963, 0.0 ], [ 103.55621448900007, -0.952692839999941, 0.0 ], [ 103.556107100000077, -0.952953627999932, 0.0 ], [ 103.555934042000047, -0.953212067999971, 0.0 ], [ 103.555773152000086, -0.953503136999927, 0.0 ], [ 103.555582809000043, -0.95375404899994, 0.0 ], [ 103.555433731000051, -0.953947688999961, 0.0 ], [ 103.555270771000039, -0.954125369999929, 0.0 ], [ 103.555077309000069, -0.954143430999977, 0.0 ], [ 103.554888090000077, -0.954164426999967, 0.0 ], [ 103.554586288000053, -0.954015110999933, 0.0 ], [ 103.554333460000066, -0.953960156999926, 0.0 ], [ 103.554099351000048, -0.953852908999977, 0.0 ], [ 103.553850780000062, -0.953736828999979, 0.0 ], [ 103.55357956000006, -0.953569129999948, 0.0 ], [ 103.553201431000048, -0.953439586999934, 0.0 ], [ 103.553050978000044, -0.953375580999932, 0.0 ], [ 103.552880793000043, -0.953313818999959, 0.0 ], [ 103.55263128100006, -0.95322534099995, 0.0 ], [ 103.552183631000048, -0.953077280999935, 0.0 ], [ 103.551939752000067, -0.95309260099998, 0.0 ], [ 103.551627350000047, -0.953155315999936, 0.0 ], [ 103.551143539000066, -0.953216116999954, 0.0 ], [ 103.550915170000053, -0.953358839999964, 0.0 ], [ 103.550666669000066, -0.953533200999971, 0.0 ], [ 103.55052825100006, -0.95377334799997, 0.0 ], [ 103.550526550000086, -0.95377629799998, 0.0 ], [ 103.550413289000062, -0.954032796999968, 0.0 ], [ 103.550356321000038, -0.954430918999947, 0.0 ], [ 103.550348160000055, -0.954487967999967, 0.0 ], [ 103.550239409000085, -0.954785839999943, 0.0 ], [ 103.550238618000037, -0.955090299999938, 0.0 ], [ 103.550300410000034, -0.95538795899995, 0.0 ], [ 103.550367551000079, -0.955693227999973, 0.0 ], [ 103.550448891000087, -0.955888007999931, 0.0 ], [ 103.550543772000083, -0.956117807999931, 0.0 ], [ 103.550697682000077, -0.956357158999936, 0.0 ], [ 103.550836119000053, -0.956602760999942, 0.0 ], [ 103.550870420000081, -0.95663081899994, 0.0 ], [ 103.551275378000071, -0.956962037999972, 0.0 ], [ 103.551330700000051, -0.957016388999932, 0.0 ], [ 103.551683610000055, -0.957286168999929, 0.0 ], [ 103.551988129000051, -0.957514248999928, 0.0 ], [ 103.552393211000037, -0.957786799999951, 0.0 ], [ 103.553016078000041, -0.957973237999965, 0.0 ], [ 103.553319201000079, -0.958064570999966, 0.0 ], [ 103.553722050000033, -0.95794886799996, 0.0 ], [ 103.55403053200007, -0.957609767999941, 0.0 ], [ 103.554346942000052, -0.957287248999933, 0.0 ], [ 103.554938500000048, -0.956780359999925, 0.0 ], [ 103.555556209000088, -0.956410050999978, 0.0 ], [ 103.556041681000067, -0.95622624799995, 0.0 ], [ 103.556568632000051, -0.956168308999963, 0.0 ], [ 103.557027261000087, -0.95621893799995, 0.0 ], [ 103.557329849000041, -0.956304020999937, 0.0 ], [ 103.557645841000067, -0.956439587999967, 0.0 ], [ 103.557925729000033, -0.956566837999958, 0.0 ], [ 103.557986489000086, -0.956625729999928, 0.0 ], [ 103.558165400000064, -0.956799147999959, 0.0 ], [ 103.558354508000036, -0.957072770999957, 0.0 ], [ 103.558373648000043, -0.957367958999953, 0.0 ], [ 103.558310128000073, -0.957604770999978, 0.0 ], [ 103.558117718000062, -0.957805190999977, 0.0 ], [ 103.557870200000082, -0.957985306999944, 0.0 ], [ 103.557532188000039, -0.958196787999952, 0.0 ], [ 103.557173040000066, -0.958426910999947, 0.0 ], [ 103.556871438000087, -0.95863511899995, 0.0 ], [ 103.556698399000084, -0.958826128999931, 0.0 ], [ 103.556562722000081, -0.959263740999972, 0.0 ], [ 103.556401379000079, -0.959704477999935, 0.0 ], [ 103.556237272000033, -0.960242239999957, 0.0 ], [ 103.556094363000057, -0.960704116999977, 0.0 ], [ 103.55588754300004, -0.961173866999957, 0.0 ], [ 103.555807820000041, -0.961390688999927, 0.0 ], [ 103.555774739000071, -0.961798577999957, 0.0 ], [ 103.555649710000068, -0.962011927999924, 0.0 ], [ 103.555481550000081, -0.962265997999964, 0.0 ], [ 103.55522244000008, -0.962661828999956, 0.0 ], [ 103.555092891000072, -0.962922955999943, 0.0 ], [ 103.554736489000049, -0.963344658999972, 0.0 ], [ 103.554392822000068, -0.96361806799996, 0.0 ], [ 103.554107250000072, -0.963790677999953, 0.0 ], [ 103.553843689000075, -0.963975786999924, 0.0 ], [ 103.553410620000079, -0.964008858999932, 0.0 ], [ 103.552953781000042, -0.963955498999951, 0.0 ], [ 103.552480173000049, -0.963937668999961, 0.0 ], [ 103.551977080000086, -0.963844107999932, 0.0 ], [ 103.551616470000056, -0.963709507999965, 0.0 ], [ 103.551525199000082, -0.963675438999928, 0.0 ], [ 103.551163512000073, -0.963385617999961, 0.0 ], [ 103.551057420000063, -0.962918638999952, 0.0 ], [ 103.551010741000084, -0.96259103999995, 0.0 ], [ 103.550923941000065, -0.96213967999995, 0.0 ], [ 103.550785961000088, -0.961550906999946, 0.0 ], [ 103.550732692000054, -0.961178357999927, 0.0 ], [ 103.550567821000072, -0.960783608999975, 0.0 ], [ 103.550438622000058, -0.960526596999955, 0.0 ], [ 103.550233650000052, -0.96028089999993, 0.0 ], [ 103.54999330000004, -0.960062868999955, 0.0 ], [ 103.54972562100005, -0.959895560999939, 0.0 ], [ 103.549636940000084, -0.95984743899993, 0.0 ], [ 103.549516189000087, -0.959781909999947, 0.0 ], [ 103.549435062000043, -0.95973788699996, 0.0 ], [ 103.549008662000062, -0.959637359999931, 0.0 ], [ 103.548535461000085, -0.959741126999972, 0.0 ], [ 103.548055692000048, -0.959967988999949, 0.0 ], [ 103.547675969000068, -0.960309180999957, 0.0 ], [ 103.54763623000008, -0.960540286999958, 0.0 ], [ 103.547626948000072, -0.960594259999937, 0.0 ], [ 103.54780173100005, -0.960984476999954, 0.0 ], [ 103.548113499000067, -0.961402016999955, 0.0 ], [ 103.548358543000063, -0.961777610999945, 0.0 ], [ 103.548631268000065, -0.962339038999971, 0.0 ], [ 103.548822409000081, -0.962778016999948, 0.0 ], [ 103.548888659000056, -0.963166378999972, 0.0 ], [ 103.548824169000056, -0.963474977999965, 0.0 ], [ 103.548751285000037, -0.963759195999955, 0.0 ], [ 103.548739356000056, -0.963805706999949, 0.0 ], [ 103.548630221000053, -0.964249802999973, 0.0 ], [ 103.548512360000075, -0.964897164999968, 0.0 ], [ 103.548461780000082, -0.965002561999938, 0.0 ], [ 103.544412992000048, -0.964902178999978, 0.0 ], [ 103.53866176400004, -0.962818399999946, 0.0 ], [ 103.531785296000066, -0.959192625999947, 0.0 ] ] ] ] } },
{ "type": "Feature", "properties": { "fid": 20281.0, "gid": null, "kdprov": "15", "kdkab": "07", "kdkec": "041", "kddesa": "003", "iddesa": "1507041003", "nmprov": "JAMBI", "nmkab": "TANJUNG JABUNG BARAT", "nmkec": "KUALA BETARA", "nmdesa": "BETARA KIRI", "luas": null, "sumber": null, "periode": null, "layer": null, "path": null, "idkec": "1507041" }, "geometry": { "type": "MultiPolygon", "coordinates": [ [ [ [ 103.481505940000034, -0.887580188999948, 0.0 ], [ 103.47934943000007, -0.885924208999938, 0.0 ], [ 103.478124150000042, -0.884983318999957, 0.0 ], [ 103.478148910000073, -0.88487693899998, 0.0 ], [ 103.478777810000054, -0.882174198999962, 0.0 ], [ 103.479837420000081, -0.880309368999974, 0.0 ], [ 103.479864901000042, -0.880266442999925, 0.0 ], [ 103.47992639000006, -0.880170398999951, 0.0 ], [ 103.479956040000047, -0.880124088999935, 0.0 ], [ 103.480149790000041, -0.879821468999978, 0.0 ], [ 103.480343470000037, -0.879643428999941, 0.0 ], [ 103.480567868000037, -0.879437154999948, 0.0 ], [ 103.480827340000076, -0.879198638999981, 0.0 ], [ 103.482071110000049, -0.878206298999942, 0.0 ], [ 103.482701596000084, -0.877952731999926, 0.0 ], [ 103.482964050000078, -0.877847178999957, 0.0 ], [ 103.483361330000037, -0.877687398999967, 0.0 ], [ 103.486692706000042, -0.876470160999929, 0.0 ], [ 103.48716249000006, -0.87629850899998, 0.0 ], [ 103.487305110000079, -0.876298558999963, 0.0 ], [ 103.488388445000055, -0.876299006999943, 0.0 ], [ 103.488416890000053, -0.87629901899993, 0.0 ], [ 103.490024620000042, -0.876299668999934, 0.0 ], [ 103.490953540000078, -0.876665998999954, 0.0 ], [ 103.490953750000074, -0.876666078999961, 0.0 ], [ 103.490954240000065, -0.876666278999949, 0.0 ], [ 103.490961500000083, -0.876669148999952, 0.0 ], [ 103.492290774000082, -0.877193357999943, 0.0 ], [ 103.493003087000034, -0.877474262999954, 0.0 ], [ 103.493148680000047, -0.877531678999958, 0.0 ], [ 103.493315550000034, -0.877597488999925, 0.0 ], [ 103.495097570000041, -0.876977358999966, 0.0 ], [ 103.49560955000004, -0.876339808999944, 0.0 ], [ 103.495645980000063, -0.876294438999935, 0.0 ], [ 103.496206260000065, -0.875596748999953, 0.0 ], [ 103.496479270000066, -0.875256758999967, 0.0 ], [ 103.498366830000066, -0.872214578999944, 0.0 ], [ 103.498692030000086, -0.872437708999939, 0.0 ], [ 103.501921850000087, -0.87465371899998, 0.0 ], [ 103.504104250000069, -0.875691778999965, 0.0 ], [ 103.506440680000082, -0.876803098999972, 0.0 ], [ 103.512334170000088, -0.881707828999936, 0.0 ], [ 103.512844900000061, -0.888161188999959, 0.0 ], [ 103.512844960000052, -0.888161998999976, 0.0 ], [ 103.513638420000063, -0.890064898999924, 0.0 ], [ 103.514514550000058, -0.892166088999943, 0.0 ], [ 103.518052710000063, -0.897159318999968, 0.0 ], [ 103.523486450000064, -0.904827678999936, 0.0 ], [ 103.524504750000062, -0.908137688999943, 0.0 ], [ 103.524712260000058, -0.908812178999938, 0.0 ], [ 103.52702234700007, -0.916321057999937, 0.0 ], [ 103.52728585300008, -0.917177575999972, 0.0 ], [ 103.527357690000088, -0.917411078999976, 0.0 ], [ 103.527389520000042, -0.917514528999959, 0.0 ], [ 103.529759200000058, -0.925217378999946, 0.0 ], [ 103.528905304000034, -0.927057242999979, 0.0 ], [ 103.526729714000055, -0.93174492199995, 0.0 ], [ 103.526562159000036, -0.932105947999958, 0.0 ], [ 103.526503266000077, -0.932232841999962, 0.0 ], [ 103.526234790000046, -0.932811318999939, 0.0 ], [ 103.525786040000071, -0.933778218999976, 0.0 ], [ 103.525677187000042, -0.934012757999938, 0.0 ], [ 103.525346, -0.934726348999959, 0.0 ], [ 103.521387010000069, -0.93405243899997, 0.0 ], [ 103.518024568000044, -0.93322703399997, 0.0 ], [ 103.516397230000052, -0.932827558999975, 0.0 ], [ 103.514832227000056, -0.930571506999968, 0.0 ], [ 103.50765320000005, -0.92022247899996, 0.0 ], [ 103.507650900000044, -0.920220428999926, 0.0 ], [ 103.502444526000033, -0.915568161999943, 0.0 ], [ 103.502262680000058, -0.915405668999938, 0.0 ], [ 103.492836770000054, -0.904536768999947, 0.0 ], [ 103.482886870000073, -0.895052478999958, 0.0 ], [ 103.483431740000071, -0.892888478999964, 0.0 ], [ 103.481505940000034, -0.887580188999948, 0.0 ] ] ] ] } },
{ "type": "Feature", "properties": { "fid": 20457.0, "gid": null, "kdprov": "15", "kdkab": "07", "kdkec": "011", "kddesa": "020", "iddesa": "1507011020", "nmprov": "JAMBI", "nmkab": "TANJUNG JABUNG BARAT", "nmkec": "MERLUNG", "nmdesa": "TANJUNG MAKMUR", "luas": null, "sumber": null, "periode": null, "layer": null, "path": null, "idkec": "1507011" }, "geometry": { "type": "MultiPolygon", "coordinates": [ [ [ [ 102.987850430000037, -1.350113307999948, 0.0 ], [ 102.985709834000033, -1.350009978999935, 0.0 ], [ 102.978155285000071, -1.349584837999942, 0.0 ], [ 102.978099107000048, -1.349602895999965, 0.0 ], [ 102.978098296000042, -1.349603155999944, 0.0 ], [ 102.978098094000075, -1.349603220999938, 0.0 ], [ 102.978097501000036, -1.349603411999965, 0.0 ], [ 102.978093502000036, -1.349604696999961, 0.0 ], [ 102.978037700000073, -1.349629807999975, 0.0 ], [ 102.977315145000034, -1.347819672999947, 0.0 ], [ 102.977299386000084, -1.347780192999949, 0.0 ], [ 102.975327865000054, -1.345970885999975, 0.0 ], [ 102.975363276000053, -1.345971578999979, 0.0 ], [ 102.97500315700006, -1.343956443999957, 0.0 ], [ 102.974965821000069, -1.343319402999953, 0.0 ], [ 102.974906776000068, -1.342311937999966, 0.0 ], [ 102.974785550000036, -1.340243526999927, 0.0 ], [ 102.975109473000032, -1.340203036999981, 0.0 ], [ 102.975967250000053, -1.339924537999934, 0.0 ], [ 102.976582214000075, -1.339724873999955, 0.0 ], [ 102.976582460000088, -1.339714018999928, 0.0 ], [ 102.97774897000005, -1.339142170999935, 0.0 ], [ 102.980252777000032, -1.33791475299995, 0.0 ], [ 102.980262270000082, -1.337910098999942, 0.0 ], [ 102.984117640000079, -1.336020098999938, 0.0 ], [ 102.988213664000057, -1.336175159999925, 0.0 ], [ 102.991928840000071, -1.336317718999965, 0.0 ], [ 102.99699226000007, -1.33802174899995, 0.0 ], [ 102.996912330000043, -1.338587798999924, 0.0 ], [ 102.996316340000078, -1.34280790899993, 0.0 ], [ 102.995656995000047, -1.345140630999936, 0.0 ], [ 102.995653720000064, -1.345152217999953, 0.0 ], [ 102.994983728000079, -1.347522581999954, 0.0 ], [ 102.993763600000079, -1.351839267999935, 0.0 ], [ 102.987850430000037, -1.350113307999948, 0.0 ] ] ] ] } },
{ "type": "Feature", "properties": { "fid": 20283.0, "gid": null, "kdprov": "15", "kdkab": "07", "kdkec": "041", "kddesa": "004", "iddesa": "1507041004", "nmprov": "JAMBI", "nmkab": "TANJUNG JABUNG BARAT", "nmkec": "KUALA BETARA", "nmdesa": "BETARA KANAN", "luas": null, "sumber": null, "periode": null, "layer": null, "path": null, "idkec": "1507041" }, "geometry": { "type": "MultiPolygon", "coordinates": [ [ [ [ 103.480149790000041, -0.879821468999978, 0.0 ], [ 103.479956040000047, -0.880124088999935, 0.0 ], [ 103.47992639000006, -0.880170398999951, 0.0 ], [ 103.479864901000042, -0.880266442999925, 0.0 ], [ 103.479837420000081, -0.880309368999974, 0.0 ], [ 103.478777810000054, -0.882174198999962, 0.0 ], [ 103.478148910000073, -0.88487693899998, 0.0 ], [ 103.478124150000042, -0.884983318999957, 0.0 ], [ 103.47804442000006, -0.885325958999942, 0.0 ], [ 103.47800742000004, -0.885484988999963, 0.0 ], [ 103.47793407000006, -0.885800208999967, 0.0 ], [ 103.47762404000008, -0.886241358999939, 0.0 ], [ 103.476534530000038, -0.887784378999925, 0.0 ], [ 103.473999200000037, -0.88979035899996, 0.0 ], [ 103.472900950000053, -0.889444388999948, 0.0 ], [ 103.472123470000042, -0.889215938999939, 0.0 ], [ 103.472124740000083, -0.889181318999931, 0.0 ], [ 103.472125, -0.889174268999966, 0.0 ], [ 103.472125070000061, -0.889170088999947, 0.0 ], [ 103.472125640000058, -0.887602448999928, 0.0 ], [ 103.472197580000056, -0.887005008999949, 0.0 ], [ 103.472276210000075, -0.886352088999956, 0.0 ], [ 103.472381850000033, -0.88524917899997, 0.0 ], [ 103.472186296000075, -0.883900220999976, 0.0 ], [ 103.472127650000061, -0.883495668999956, 0.0 ], [ 103.47192513300007, -0.883253864999972, 0.0 ], [ 103.471926068000073, -0.883232523999936, 0.0 ], [ 103.472232983000083, -0.877664200999959, 0.0 ], [ 103.471296012000039, -0.868987033999929, 0.0 ], [ 103.471576, -0.868206448999956, 0.0 ], [ 103.472150680000084, -0.866457258999958, 0.0 ], [ 103.472423997000078, -0.865985445999968, 0.0 ], [ 103.474321642000064, -0.862709644999939, 0.0 ], [ 103.475926910000055, -0.859938558999943, 0.0 ], [ 103.47425762000006, -0.858252368999956, 0.0 ], [ 103.472311840000032, -0.857720708999977, 0.0 ], [ 103.472364900000059, -0.85760291899993, 0.0 ], [ 103.472364870000035, -0.857602908999979, 0.0 ], [ 103.472393010000076, -0.857540438999933, 0.0 ], [ 103.472743697000055, -0.856030248999957, 0.0 ], [ 103.472953050000058, -0.855128698999977, 0.0 ], [ 103.473914066000077, -0.851041176999956, 0.0 ], [ 103.473918290000086, -0.851023208999948, 0.0 ], [ 103.474014900000043, -0.850555748999966, 0.0 ], [ 103.473908270000038, -0.848554785999966, 0.0 ], [ 103.473785340000063, -0.846247938999966, 0.0 ], [ 103.474113825000074, -0.846110987999964, 0.0 ], [ 103.474088441000049, -0.845751272999962, 0.0 ], [ 103.477374600000076, -0.844751518999942, 0.0 ], [ 103.478528, -0.844270628999936, 0.0 ], [ 103.478528040000072, -0.844270608999977, 0.0 ], [ 103.479795100000047, -0.844373158999929, 0.0 ], [ 103.481419380000034, -0.844504598999947, 0.0 ], [ 103.482325110000033, -0.845442390999949, 0.0 ], [ 103.484472290000042, -0.847665578999965, 0.0 ], [ 103.485581370000034, -0.848813918999952, 0.0 ], [ 103.485581400000058, -0.848813948999975, 0.0 ], [ 103.485581490000072, -0.848814038999933, 0.0 ], [ 103.486276854000039, -0.849377748999927, 0.0 ], [ 103.490114750000032, -0.852489008999953, 0.0 ], [ 103.490123090000054, -0.852496838999969, 0.0 ], [ 103.490239980000069, -0.852606618999971, 0.0 ], [ 103.491423800000064, -0.853718478999951, 0.0 ], [ 103.491969310000059, -0.854005598999947, 0.0 ], [ 103.491978150000079, -0.854010258999949, 0.0 ], [ 103.492074270000046, -0.85406084899995, 0.0 ], [ 103.49221515000005, -0.85413516899996, 0.0 ], [ 103.492215250000072, -0.854135048999979, 0.0 ], [ 103.493194180000046, -0.854650318999973, 0.0 ], [ 103.494547370000078, -0.855455948999975, 0.0 ], [ 103.494717200000082, -0.855557058999977, 0.0 ], [ 103.494824950000066, -0.855621098999961, 0.0 ], [ 103.494824950000066, -0.855621208999935, 0.0 ], [ 103.494851270000083, -0.855636878999974, 0.0 ], [ 103.495519390000084, -0.85603464899998, 0.0 ], [ 103.495793300000059, -0.85622983899998, 0.0 ], [ 103.498769260000074, -0.858350488999974, 0.0 ], [ 103.498930850000079, -0.858475858999952, 0.0 ], [ 103.499017220000042, -0.85854287899997, 0.0 ], [ 103.499062, -0.858577608999951, 0.0 ], [ 103.499348080000061, -0.858799568999927, 0.0 ], [ 103.500919330000045, -0.860018618999959, 0.0 ], [ 103.500969920000045, -0.860057868999945, 0.0 ], [ 103.501067890000058, -0.860133878999932, 0.0 ], [ 103.501074250000045, -0.860138448999976, 0.0 ], [ 103.50107593000007, -0.860139668999977, 0.0 ], [ 103.50190622000008, -0.860737148999931, 0.0 ], [ 103.501625500000046, -0.861073038999962, 0.0 ], [ 103.501850710000042, -0.863100508999935, 0.0 ], [ 103.501868460000082, -0.863406348999945, 0.0 ], [ 103.502021253000066, -0.864779972999941, 0.0 ], [ 103.502216550000071, -0.866535708999947, 0.0 ], [ 103.50222339000004, -0.866597198999955, 0.0 ], [ 103.500523810000061, -0.869066308999948, 0.0 ], [ 103.50023645300007, -0.869485729999951, 0.0 ], [ 103.498915675000035, -0.871413508999979, 0.0 ], [ 103.498888050000062, -0.871453828999961, 0.0 ], [ 103.498366830000066, -0.872214578999944, 0.0 ], [ 103.496479270000066, -0.875256758999967, 0.0 ], [ 103.496206260000065, -0.875596748999953, 0.0 ], [ 103.495645980000063, -0.876294438999935, 0.0 ], [ 103.49560955000004, -0.876339808999944, 0.0 ], [ 103.495097570000041, -0.876977358999966, 0.0 ], [ 103.493315550000034, -0.877597488999925, 0.0 ], [ 103.493148680000047, -0.877531678999958, 0.0 ], [ 103.493003087000034, -0.877474262999954, 0.0 ], [ 103.492290774000082, -0.877193357999943, 0.0 ], [ 103.490961500000083, -0.876669148999952, 0.0 ], [ 103.490954240000065, -0.876666278999949, 0.0 ], [ 103.490953750000074, -0.876666078999961, 0.0 ], [ 103.490953540000078, -0.876665998999954, 0.0 ], [ 103.490024620000042, -0.876299668999934, 0.0 ], [ 103.488416890000053, -0.87629901899993, 0.0 ], [ 103.488388445000055, -0.876299006999943, 0.0 ], [ 103.487305110000079, -0.876298558999963, 0.0 ], [ 103.48716249000006, -0.87629850899998, 0.0 ], [ 103.486692706000042, -0.876470160999929, 0.0 ], [ 103.483361330000037, -0.877687398999967, 0.0 ], [ 103.482964050000078, -0.877847178999957, 0.0 ], [ 103.482701596000084, -0.877952731999926, 0.0 ], [ 103.482071110000049, -0.878206298999942, 0.0 ], [ 103.480827340000076, -0.879198638999981, 0.0 ], [ 103.480567868000037, -0.879437154999948, 0.0 ], [ 103.480343470000037, -0.879643428999941, 0.0 ], [ 103.480149790000041, -0.879821468999978, 0.0 ] ] ] ] } },
{ "type": "Feature", "properties": { "fid": 20339.0, "gid": null, "kdprov": "15", "kdkab": "07", "kdkec": "041", "kddesa": "001", "iddesa": "1507041001", "nmprov": "JAMBI", "nmkab": "TANJUNG JABUNG BARAT", "nmkec": "KUALA BETARA", "nmdesa": "SUNGAI GEBAR", "luas": null, "sumber": null, "periode": null, "layer": null, "path": null, "idkec": "1507041" }, "geometry": { "type": "MultiPolygon", "coordinates": [ [ [ [ 103.488461140000084, -0.982777276999968, 0.0 ], [ 103.489774381000075, -0.982754237999927, 0.0 ], [ 103.493314840000039, -0.986126698999954, 0.0 ], [ 103.493318500000044, -0.986128178999934, 0.0 ], [ 103.50100744000008, -0.989228068999978, 0.0 ], [ 103.508592880000037, -0.989705158999925, 0.0 ], [ 103.510953140000083, -0.989830518999952, 0.0 ], [ 103.511995490000061, -0.989919198999928, 0.0 ], [ 103.524482010000042, -0.990704588999961, 0.0 ], [ 103.53590642100005, -0.991422128999943, 0.0 ], [ 103.535904420000065, -0.991433948999941, 0.0 ], [ 103.535889979000046, -0.99150999799997, 0.0 ], [ 103.53573410000007, -0.992330756999934, 0.0 ], [ 103.535632381000084, -0.992972807999934, 0.0 ], [ 103.535419661000049, -0.99320893099997, 0.0 ], [ 103.534893482000086, -0.993265870999949, 0.0 ], [ 103.534410612000045, -0.99306785999994, 0.0 ], [ 103.533459730000061, -0.992599169999949, 0.0 ], [ 103.533406510000077, -0.992587610999976, 0.0 ], [ 103.532818692000035, -0.992459949999954, 0.0 ], [ 103.532176573000072, -0.992513480999946, 0.0 ], [ 103.531312960000037, -0.992599308999957, 0.0 ], [ 103.53104606100004, -0.99272138699996, 0.0 ], [ 103.53079762200008, -0.993056617999969, 0.0 ], [ 103.530677763000085, -0.993480898999962, 0.0 ], [ 103.530610600000045, -0.99403777699996, 0.0 ], [ 103.530414319000045, -0.994939116999944, 0.0 ], [ 103.530219512000087, -0.995459790999973, 0.0 ], [ 103.529999832000044, -0.995929778999937, 0.0 ], [ 103.529631541000072, -0.996225927999944, 0.0 ], [ 103.529370122000046, -0.996388916999933, 0.0 ], [ 103.528900328000077, -0.996474299999932, 0.0 ], [ 103.528322889000037, -0.996377596999935, 0.0 ], [ 103.527285221000056, -0.996388756999977, 0.0 ], [ 103.526493382000069, -0.996408839999958, 0.0 ], [ 103.52616387900008, -0.996358249999957, 0.0 ], [ 103.525833318000082, -0.996352395999963, 0.0 ], [ 103.525499202000049, -0.996764336999945, 0.0 ], [ 103.525482499000077, -0.997024069999952, 0.0 ], [ 103.525616072000048, -0.997529950999933, 0.0 ], [ 103.525870650000059, -0.997968986999979, 0.0 ], [ 103.52607198000004, -0.998364219999928, 0.0 ], [ 103.526257772000065, -0.998925748999966, 0.0 ], [ 103.526278668000032, -0.999310928999932, 0.0 ], [ 103.526412771000082, -0.999680268999953, 0.0 ], [ 103.526804771000059, -0.999961777999943, 0.0 ], [ 103.527613192000047, -1.000542327999938, 0.0 ], [ 103.527748804000055, -1.000840141999959, 0.0 ], [ 103.528023274000077, -1.001442908999934, 0.0 ], [ 103.528167178000047, -1.001758935999931, 0.0 ], [ 103.527888043000075, -1.002048790999936, 0.0 ], [ 103.527746616000059, -1.00219564799994, 0.0 ], [ 103.527604300000064, -1.00234342899995, 0.0 ], [ 103.522400846000039, -1.003867660999958, 0.0 ], [ 103.520366524000053, -1.004463567999949, 0.0 ], [ 103.512451880000071, -1.006781978999925, 0.0 ], [ 103.512216489000082, -1.00684784699996, 0.0 ], [ 103.512214231000087, -1.006848477999938, 0.0 ], [ 103.510689056000047, -1.007275249999964, 0.0 ], [ 103.508785259000035, -1.007807967999952, 0.0 ], [ 103.508768479000082, -1.007812661999935, 0.0 ], [ 103.506343710000067, -1.008491158999959, 0.0 ], [ 103.503178783000067, -1.015253843999972, 0.0 ], [ 103.495826700000066, -1.015100738999934, 0.0 ], [ 103.492658430000063, -1.012370568999927, 0.0 ], [ 103.456879640000068, -0.981539138999949, 0.0 ], [ 103.456679699000063, -0.981366836999939, 0.0 ], [ 103.456678440000076, -0.981245568999952, 0.0 ], [ 103.456878410000058, -0.977542708999977, 0.0 ], [ 103.46247591000008, -0.977639038999939, 0.0 ], [ 103.462395670000035, -0.975031078999962, 0.0 ], [ 103.467973810000046, -0.974960518999978, 0.0 ], [ 103.467977049000069, -0.974932126999931, 0.0 ], [ 103.468557020000048, -0.969848198999955, 0.0 ], [ 103.468321440000068, -0.955165228999931, 0.0 ], [ 103.468660379000085, -0.951997009999957, 0.0 ], [ 103.468923507000056, -0.949537431999943, 0.0 ], [ 103.471903040000086, -0.921686368999929, 0.0 ], [ 103.471904110000082, -0.921676378999962, 0.0 ], [ 103.471899483000072, -0.921534428999962, 0.0 ], [ 103.471879862000037, -0.920932514999947, 0.0 ], [ 103.471791858000074, -0.918232769999975, 0.0 ], [ 103.471698340000046, -0.915363858999967, 0.0 ], [ 103.468919576000076, -0.90295320499996, 0.0 ], [ 103.468484080000053, -0.901008168999965, 0.0 ], [ 103.46822891000005, -0.899868518999938, 0.0 ], [ 103.46559884800007, -0.88812205499994, 0.0 ], [ 103.464240273000087, -0.888312255999949, 0.0 ], [ 103.463776946000053, -0.885695819999967, 0.0 ], [ 103.463755670000069, -0.88557567099997, 0.0 ], [ 103.463693410000076, -0.88558121899996, 0.0 ], [ 103.461457620000033, -0.885780438999973, 0.0 ], [ 103.461453110000036, -0.885782098999925, 0.0 ], [ 103.461447250000049, -0.885781358999964, 0.0 ], [ 103.460436808000054, -0.885871386999952, 0.0 ], [ 103.460431740000047, -0.885871838999947, 0.0 ], [ 103.460406800000044, -0.885885338999969, 0.0 ], [ 103.460405470000069, -0.885880128999929, 0.0 ], [ 103.460339050000073, -0.885880098999962, 0.0 ], [ 103.458996050000053, -0.885999768999966, 0.0 ], [ 103.458225209000034, -0.885642473999951, 0.0 ], [ 103.45706935000004, -0.885106718999964, 0.0 ], [ 103.456772050000041, -0.884968918999959, 0.0 ], [ 103.456475070000067, -0.88483126899996, 0.0 ], [ 103.456408660000079, -0.883501138999975, 0.0 ], [ 103.456408100000033, -0.883489818999976, 0.0 ], [ 103.456402550000064, -0.88337742899995, 0.0 ], [ 103.456399860000033, -0.883322958999941, 0.0 ], [ 103.456396870000049, -0.883262348999949, 0.0 ], [ 103.456396730000051, -0.883262098999978, 0.0 ], [ 103.456396630000086, -0.883260118999942, 0.0 ], [ 103.456390420000048, -0.883248898999966, 0.0 ], [ 103.455760450000071, -0.882111168999927, 0.0 ], [ 103.455678990000081, -0.881964058999927, 0.0 ], [ 103.455023650000044, -0.880780508999976, 0.0 ], [ 103.453700180000055, -0.879694868999934, 0.0 ], [ 103.453636800000083, -0.879642868999952, 0.0 ], [ 103.453378910000083, -0.879431328999942, 0.0 ], [ 103.453335250000066, -0.879395518999956, 0.0 ], [ 103.45333351000005, -0.879394718999947, 0.0 ], [ 103.453331320000075, -0.879392928999948, 0.0 ], [ 103.453316920000077, -0.879386358999966, 0.0 ], [ 103.452726260000077, -0.879116818999933, 0.0 ], [ 103.452726270000085, -0.879116918999955, 0.0 ], [ 103.452643150000085, -0.879078898999978, 0.0 ], [ 103.452631180000083, -0.879073438999967, 0.0 ], [ 103.451463150000052, -0.878540428999941, 0.0 ], [ 103.451307670000062, -0.878227068999934, 0.0 ], [ 103.451182330000051, -0.877974478999931, 0.0 ], [ 103.451123920000043, -0.87785718899994, 0.0 ], [ 103.450969560000033, -0.87754721899995, 0.0 ], [ 103.450977049000073, -0.877431032999937, 0.0 ], [ 103.45103116000007, -0.876591558999962, 0.0 ], [ 103.451074830000039, -0.875914118999958, 0.0 ], [ 103.452098740000054, -0.874566148999975, 0.0 ], [ 103.45408524000004, -0.873117178999962, 0.0 ], [ 103.454086380000035, -0.873116688999971, 0.0 ], [ 103.45408658000008, -0.873116598999957, 0.0 ], [ 103.454191, -0.873071608999965, 0.0 ], [ 103.455661010000085, -0.872438148999947, 0.0 ], [ 103.456283230000054, -0.872338298999978, 0.0 ], [ 103.457434990000081, -0.872153458999946, 0.0 ], [ 103.457574760000057, -0.872131028999945, 0.0 ], [ 103.458675210000081, -0.871904778999976, 0.0 ], [ 103.459640260000072, -0.871706358999973, 0.0 ], [ 103.460088026000051, -0.871706545999928, 0.0 ], [ 103.460359550000078, -0.871706658999926, 0.0 ], [ 103.460584840000081, -0.871709728999974, 0.0 ], [ 103.461059710000086, -0.871716208999942, 0.0 ], [ 103.461808790000077, -0.87171651899996, 0.0 ], [ 103.462604081000052, -0.871793093999941, 0.0 ], [ 103.462718790000054, -0.871804138999948, 0.0 ], [ 103.464452110000082, -0.871973108999953, 0.0 ], [ 103.466244730000085, -0.873349388999941, 0.0 ], [ 103.466299, -0.873433238999951, 0.0 ], [ 103.467270910000082, -0.874955628999942, 0.0 ], [ 103.467369190000056, -0.875154668999926, 0.0 ], [ 103.468354880000049, -0.877150858999926, 0.0 ], [ 103.468360560000065, -0.87717086899994, 0.0 ], [ 103.468818620000036, -0.878787188999979, 0.0 ], [ 103.469143070000086, -0.879932098999973, 0.0 ], [ 103.46917833100008, -0.879974199999936, 0.0 ], [ 103.469207674000074, -0.880075678999958, 0.0 ], [ 103.471239425000078, -0.882435131999955, 0.0 ], [ 103.47192513300007, -0.883253864999972, 0.0 ], [ 103.472127650000061, -0.883495668999956, 0.0 ], [ 103.472186296000075, -0.883900220999976, 0.0 ], [ 103.472381850000033, -0.88524917899997, 0.0 ], [ 103.472276210000075, -0.886352088999956, 0.0 ], [ 103.472197580000056, -0.887005008999949, 0.0 ], [ 103.471011590000046, -0.887004518999959, 0.0 ], [ 103.470308020000061, -0.889126268999973, 0.0 ], [ 103.470706050000047, -0.897614608999959, 0.0 ], [ 103.471050331000072, -0.899425942999926, 0.0 ], [ 103.471219100000042, -0.900313868999945, 0.0 ], [ 103.471348830000068, -0.900996288999977, 0.0 ], [ 103.47169967800005, -0.902841924999962, 0.0 ], [ 103.471717380000086, -0.90293504899995, 0.0 ], [ 103.471717450000085, -0.902935058999958, 0.0 ], [ 103.472108370000058, -0.904991828999925, 0.0 ], [ 103.474044800000058, -0.909301278999976, 0.0 ], [ 103.474045650000051, -0.909305028999938, 0.0 ], [ 103.477106250000077, -0.91155731899994, 0.0 ], [ 103.477400027000044, -0.911773506999964, 0.0 ], [ 103.478434960000072, -0.91253510699994, 0.0 ], [ 103.480135590000032, -0.913786588999926, 0.0 ], [ 103.483646870000086, -0.919143748999943, 0.0 ], [ 103.486094990000083, -0.926053063999973, 0.0 ], [ 103.48615355000004, -0.926218338999945, 0.0 ], [ 103.487154590000046, -0.932888108999975, 0.0 ], [ 103.487015611000061, -0.935451881999938, 0.0 ], [ 103.486729960000048, -0.940721368999959, 0.0 ], [ 103.486698924000052, -0.941293851999944, 0.0 ], [ 103.486299810000048, -0.948655778999978, 0.0 ], [ 103.484532310000077, -0.968483348999939, 0.0 ], [ 103.484827815000074, -0.971000113999935, 0.0 ], [ 103.484377205000044, -0.974765924999929, 0.0 ], [ 103.483901253000056, -0.978743529999974, 0.0 ], [ 103.487611228000048, -0.982025430999954, 0.0 ], [ 103.488461140000084, -0.982777276999968, 0.0 ] ] ] ] } },
{ "type": "Feature", "properties": { "fid": 20397.0, "gid": null, "kdprov": "15", "kdkab": "07", "kdkec": "011", "kddesa": "021", "iddesa": "1507011021", "nmprov": "JAMBI", "nmkab": "TANJUNG JABUNG BARAT", "nmkec": "MERLUNG", "nmdesa": "MERLUNG", "luas": null, "sumber": null, "periode": null, "layer": null, "path": null, "idkec": "1507011" }, "geometry": { "type": "MultiPolygon", "coordinates": [ [ [ [ 102.977090291000081, -1.31505980999998, 0.0 ], [ 102.976862224000058, -1.31048218899997, 0.0 ], [ 102.97656216200005, -1.304459514999962, 0.0 ], [ 102.976439762000041, -1.30200277299997, 0.0 ], [ 102.976211019000061, -1.297411563999958, 0.0 ], [ 102.976129317000073, -1.297234541999956, 0.0 ], [ 102.976428120000037, -1.296933868999929, 0.0 ], [ 102.976969490000045, -1.292067918999976, 0.0 ], [ 102.977424930000041, -1.287974218999977, 0.0 ], [ 102.977431110000055, -1.287918648999948, 0.0 ], [ 102.977440740000077, -1.28783212899998, 0.0 ], [ 102.978044211000054, -1.287367461999963, 0.0 ], [ 102.978081930000087, -1.28733841899998, 0.0 ], [ 102.979344750000052, -1.28636604899998, 0.0 ], [ 102.979344560000072, -1.286367528999961, 0.0 ], [ 102.979344730000037, -1.286367548999976, 0.0 ], [ 102.97941177000007, -1.286372748999952, 0.0 ], [ 102.979450600000064, -1.28637576899996, 0.0 ], [ 102.986372080000081, -1.286913518999938, 0.0 ], [ 102.989184221000073, -1.287133446999974, 0.0 ], [ 103.010282572000051, -1.288783477999971, 0.0 ], [ 103.010510190000048, -1.288801278999927, 0.0 ], [ 103.010690055000055, -1.288870089999932, 0.0 ], [ 103.026962840000067, -1.29509558899997, 0.0 ], [ 103.026962960000048, -1.295095268999944, 0.0 ], [ 103.026974510000059, -1.294744198999979, 0.0 ], [ 103.026224040000045, -1.279420198999958, 0.0 ], [ 103.02622966000007, -1.272057138999969, 0.0 ], [ 103.026230780000049, -1.270586888999958, 0.0 ], [ 103.026399611000045, -1.267459532999965, 0.0 ], [ 103.026400583000054, -1.267441530999974, 0.0 ], [ 103.026403215000073, -1.267392771999937, 0.0 ], [ 103.026207620000037, -1.267362998999943, 0.0 ], [ 103.026161257000069, -1.267344129999969, 0.0 ], [ 103.025794169000051, -1.267194733999929, 0.0 ], [ 103.025962221000043, -1.264546228999961, 0.0 ], [ 103.025985572000081, -1.264178221999941, 0.0 ], [ 103.026473982000084, -1.26122556699994, 0.0 ], [ 103.026490877000072, -1.261123428999952, 0.0 ], [ 103.026923471000032, -1.261141453999926, 0.0 ], [ 103.026943158000051, -1.261142273999951, 0.0 ], [ 103.028584420000072, -1.261617938999962, 0.0 ], [ 103.029408760000081, -1.262876138999957, 0.0 ], [ 103.030055720000064, -1.263625248999972, 0.0 ], [ 103.030617550000045, -1.263999798999976, 0.0 ], [ 103.031059490000075, -1.263931058999958, 0.0 ], [ 103.031576210000082, -1.26484727899998, 0.0 ], [ 103.032382990000087, -1.264883538999925, 0.0 ], [ 103.032771180000054, -1.264379648999977, 0.0 ], [ 103.034838860000036, -1.265298618999964, 0.0 ], [ 103.03512224800005, -1.264751156999978, 0.0 ], [ 103.035134060000075, -1.26472833899993, 0.0 ], [ 103.034593068000049, -1.26416476199995, 0.0 ], [ 103.033330550000073, -1.262849538999944, 0.0 ], [ 103.032597630000055, -1.26208601899998, 0.0 ], [ 103.033861080000065, -1.260216898999943, 0.0 ], [ 103.035508810000067, -1.260147578999977, 0.0 ], [ 103.04038107000008, -1.261033388999977, 0.0 ], [ 103.041537220000066, -1.262022238999975, 0.0 ], [ 103.04206355000008, -1.261387518999925, 0.0 ], [ 103.041890590000037, -1.260362778999934, 0.0 ], [ 103.041763100000082, -1.259607428999971, 0.0 ], [ 103.042031390000034, -1.257506168999953, 0.0 ], [ 103.043890070000032, -1.256625448999955, 0.0 ], [ 103.045467200000076, -1.257226488999947, 0.0 ], [ 103.046296750000067, -1.256926608999947, 0.0 ], [ 103.046310948000041, -1.256921476999935, 0.0 ], [ 103.046689661000073, -1.256786348999981, 0.0 ], [ 103.047274057000038, -1.257142067999951, 0.0 ], [ 103.047303850000048, -1.257159938999962, 0.0 ], [ 103.047635460000038, -1.257398638999973, 0.0 ], [ 103.047856939000042, -1.25762006399998, 0.0 ], [ 103.047967080000035, -1.257730178999964, 0.0 ], [ 103.047974731000068, -1.257760778999966, 0.0 ], [ 103.048858240000072, -1.258535658999961, 0.0 ], [ 103.048697926000045, -1.258770846999937, 0.0 ], [ 103.048629098000049, -1.258936404999929, 0.0 ], [ 103.048213032000035, -1.259193023999956, 0.0 ], [ 103.048061825000048, -1.259278795999933, 0.0 ], [ 103.04785019500008, -1.259637210999927, 0.0 ], [ 103.047839585000077, -1.259641926999961, 0.0 ], [ 103.047855796000078, -1.259654895999972, 0.0 ], [ 103.04794333600006, -1.259732119999967, 0.0 ], [ 103.048432620000085, -1.260796753999955, 0.0 ], [ 103.048189452000088, -1.261029605999965, 0.0 ], [ 103.048169409000081, -1.261057311999934, 0.0 ], [ 103.04803329300006, -1.261293777999924, 0.0 ], [ 103.04803329300006, -1.261577053999929, 0.0 ], [ 103.047998987000085, -1.261706653999966, 0.0 ], [ 103.048027550000086, -1.261716777999936, 0.0 ], [ 103.048062003000041, -1.261904352999977, 0.0 ], [ 103.04810715900004, -1.261949508999976, 0.0 ], [ 103.048165361000088, -1.262007710999967, 0.0 ], [ 103.048187466000059, -1.262840336999943, 0.0 ], [ 103.048188329000084, -1.262872852999976, 0.0 ], [ 103.048032539000076, -1.263001034999945, 0.0 ], [ 103.047539258000086, -1.263406897999971, 0.0 ], [ 103.046978662000072, -1.263868148999961, 0.0 ], [ 103.046960717000047, -1.26386845299993, 0.0 ], [ 103.046986562000086, -1.264331737999953, 0.0 ], [ 103.047046856000065, -1.264323698999931, 0.0 ], [ 103.047302801000058, -1.264699616999962, 0.0 ], [ 103.047304315000076, -1.264701840999976, 0.0 ], [ 103.047481317000063, -1.265289167999924, 0.0 ], [ 103.047569818000056, -1.265884539999945, 0.0 ], [ 103.047124083000085, -1.266796905999968, 0.0 ], [ 103.047113049000075, -1.266895212999941, 0.0 ], [ 103.047133533000078, -1.267053962999967, 0.0 ], [ 103.047203180000054, -1.268214778999948, 0.0 ], [ 103.047213058000068, -1.26824587599998, 0.0 ], [ 103.047373150000055, -1.268749878999927, 0.0 ], [ 103.047894189000033, -1.270390187999965, 0.0 ], [ 103.048687800000039, -1.272888598999941, 0.0 ], [ 103.048734755000055, -1.272940367999979, 0.0 ], [ 103.048690410000063, -1.273054925999929, 0.0 ], [ 103.046051269000088, -1.274207226999977, 0.0 ], [ 103.046515906000081, -1.274783376999949, 0.0 ], [ 103.046961959000043, -1.275563968999961, 0.0 ], [ 103.047408011000073, -1.275861336999981, 0.0 ], [ 103.049994470000058, -1.274329229999978, 0.0 ], [ 103.051083831000085, -1.275530273999948, 0.0 ], [ 103.052295998000034, -1.274932060999959, 0.0 ], [ 103.052890734000073, -1.275749823999945, 0.0 ], [ 103.052922099000057, -1.275788529999943, 0.0 ], [ 103.053764253000054, -1.276827782999931, 0.0 ], [ 103.054358989000036, -1.277589787999943, 0.0 ], [ 103.05484221200004, -1.278240280999967, 0.0 ], [ 103.055102409000085, -1.279058042999964, 0.0 ], [ 103.057182795000074, -1.278671141999951, 0.0 ], [ 103.058150432000048, -1.27849118499995, 0.0 ], [ 103.063428714000054, -1.279197433999968, 0.0 ], [ 103.062685294000062, -1.279978025999981, 0.0 ], [ 103.062202071000058, -1.280628517999958, 0.0 ], [ 103.061848947000044, -1.281279010999924, 0.0 ], [ 103.06164450600005, -1.282245456999931, 0.0 ], [ 103.061607335000076, -1.282784436999975, 0.0 ], [ 103.062071973000059, -1.283416343999932, 0.0 ], [ 103.062685294000062, -1.283806638999977, 0.0 ], [ 103.062815393000051, -1.284308447999933, 0.0 ], [ 103.062703880000072, -1.284810255999957, 0.0 ], [ 103.062889735000056, -1.285107623999977, 0.0 ], [ 103.063521642000069, -1.285312064999971, 0.0 ], [ 103.063614569000038, -1.285367820999966, 0.0 ], [ 103.063986280000051, -1.285804580999979, 0.0 ], [ 103.063781839000058, -1.286882539999965, 0.0 ], [ 103.063707497000053, -1.287718887999972, 0.0 ], [ 103.063707497000053, -1.28827645299998, 0.0 ], [ 103.063707497000053, -1.288722504999953, 0.0 ], [ 103.063819010000088, -1.289112799999941, 0.0 ], [ 103.063651741000058, -1.28970753699997, 0.0 ], [ 103.063540227000033, -1.290023489999953, 0.0 ], [ 103.063930523000067, -1.290748324999925, 0.0 ], [ 103.064488088000076, -1.291343060999964, 0.0 ], [ 103.067740551000043, -1.294251691999932, 0.0 ], [ 103.07004515400007, -1.297188201999973, 0.0 ], [ 103.071680678000064, -1.300366322999935, 0.0 ], [ 103.073725083000056, -1.304194935999931, 0.0 ], [ 103.074012215000039, -1.306377134999934, 0.0 ], [ 103.062862539000037, -1.30462152299998, 0.0 ], [ 103.062784524000051, -1.304609238999944, 0.0 ], [ 103.063186406000057, -1.301178173999972, 0.0 ], [ 103.054610865000086, -1.300196795999966, 0.0 ], [ 103.054454996000061, -1.300178957999947, 0.0 ], [ 103.05359044000005, -1.30008001899995, 0.0 ], [ 103.050371950000056, -1.299711668999976, 0.0 ], [ 103.047811135000075, -1.299417363999964, 0.0 ], [ 103.039304818000062, -1.298439765999944, 0.0 ], [ 103.028171396000062, -1.311898835999955, 0.0 ], [ 103.026352596000038, -1.312056015999929, 0.0 ], [ 103.026354286000071, -1.312009048999926, 0.0 ], [ 103.025851537000051, -1.31209931799998, 0.0 ], [ 103.001895582000088, -1.316400635999969, 0.0 ], [ 103.001626496000085, -1.31638609099997, 0.0 ], [ 102.988534572000049, -1.315678419999927, 0.0 ], [ 102.984529962000067, -1.315461954999932, 0.0 ], [ 102.977090291000081, -1.31505980999998, 0.0 ] ] ] ] } },
{ "type": "Feature", "properties": { "fid": 20319.0, "gid": null, "kdprov": "15", "kdkab": "07", "kdkec": "041", "kddesa": "002", "iddesa": "1507041002", "nmprov": "JAMBI", "nmkab": "TANJUNG JABUNG BARAT", "nmkec": "KUALA BETARA", "nmdesa": "SUNGAI DUALAP", "luas": null, "sumber": null, "periode": null, "layer": null, "path": null, "idkec": "1507041" }, "geometry": { "type": "MultiPolygon", "coordinates": [ [ [ [ 103.562287151000078, -0.91115586799998, 0.0 ], [ 103.562793163000038, -0.91135800099994, 0.0 ], [ 103.563721420000036, -0.911323017999962, 0.0 ], [ 103.564717962000088, -0.911473160999947, 0.0 ], [ 103.565428011000051, -0.911879008999961, 0.0 ], [ 103.565780090000032, -0.912150058999941, 0.0 ], [ 103.566034810000076, -0.91228252999997, 0.0 ], [ 103.566187350000064, -0.91236185899993, 0.0 ], [ 103.566295540000056, -0.912418118999938, 0.0 ], [ 103.566533810000067, -0.912542028999951, 0.0 ], [ 103.566632620000064, -0.912681397999961, 0.0 ], [ 103.566980649000072, -0.91317227899998, 0.0 ], [ 103.566944470000067, -0.913653088999979, 0.0 ], [ 103.566478389000054, -0.914436637999927, 0.0 ], [ 103.565894192000087, -0.914956877999941, 0.0 ], [ 103.565787670000077, -0.915200418999973, 0.0 ], [ 103.565365781000082, -0.915501995999932, 0.0 ], [ 103.565100491000067, -0.915685607999933, 0.0 ], [ 103.564565082000058, -0.915889930999924, 0.0 ], [ 103.564392483000063, -0.915957111999944, 0.0 ], [ 103.564300877000051, -0.915992769999946, 0.0 ], [ 103.564298122000082, -0.915993840999931, 0.0 ], [ 103.564297639000074, -0.915994028999933, 0.0 ], [ 103.563803439000083, -0.915895165999927, 0.0 ], [ 103.563447841000084, -0.915711906999945, 0.0 ], [ 103.562980851000077, -0.915439119999974, 0.0 ], [ 103.562386459000038, -0.915261468999972, 0.0 ], [ 103.561845911000034, -0.915145327999937, 0.0 ], [ 103.561280880000083, -0.915127716999962, 0.0 ], [ 103.560709601000042, -0.915133279999964, 0.0 ], [ 103.56034720100007, -0.915395796999974, 0.0 ], [ 103.560086659000035, -0.915736418999927, 0.0 ], [ 103.56003336200007, -0.916253939999933, 0.0 ], [ 103.560087483000075, -0.91677885799993, 0.0 ], [ 103.560412700000086, -0.917487566999966, 0.0 ], [ 103.560590929000057, -0.918253867999965, 0.0 ], [ 103.560648892000074, -0.919123077999927, 0.0 ], [ 103.560707100000059, -0.919862239999929, 0.0 ], [ 103.560812288000079, -0.920799576999968, 0.0 ], [ 103.560899989000063, -0.921306098999935, 0.0 ], [ 103.553882900000076, -0.917314898999962, 0.0 ], [ 103.55270266000008, -0.91664359899994, 0.0 ], [ 103.542662097000061, -0.909647830999972, 0.0 ], [ 103.535041190000072, -0.904337958999974, 0.0 ], [ 103.532311150000055, -0.901598638999928, 0.0 ], [ 103.531609960000083, -0.902185988999975, 0.0 ], [ 103.528233295000064, -0.905014462999929, 0.0 ], [ 103.526916913000036, -0.906117133999942, 0.0 ], [ 103.526734769000086, -0.906269706999979, 0.0 ], [ 103.524504750000062, -0.908137688999943, 0.0 ], [ 103.523486450000064, -0.904827678999936, 0.0 ], [ 103.518052710000063, -0.897159318999968, 0.0 ], [ 103.514514550000058, -0.892166088999943, 0.0 ], [ 103.513638420000063, -0.890064898999924, 0.0 ], [ 103.512844960000052, -0.888161998999976, 0.0 ], [ 103.512844900000061, -0.888161188999959, 0.0 ], [ 103.512334170000088, -0.881707828999936, 0.0 ], [ 103.506440680000082, -0.876803098999972, 0.0 ], [ 103.504104250000069, -0.875691778999965, 0.0 ], [ 103.501921850000087, -0.87465371899998, 0.0 ], [ 103.498692030000086, -0.872437708999939, 0.0 ], [ 103.498366830000066, -0.872214578999944, 0.0 ], [ 103.498888050000062, -0.871453828999961, 0.0 ], [ 103.498915675000035, -0.871413508999979, 0.0 ], [ 103.50023645300007, -0.869485729999951, 0.0 ], [ 103.500523810000061, -0.869066308999948, 0.0 ], [ 103.50222339000004, -0.866597198999955, 0.0 ], [ 103.502216550000071, -0.866535708999947, 0.0 ], [ 103.502021253000066, -0.864779972999941, 0.0 ], [ 103.501868460000082, -0.863406348999945, 0.0 ], [ 103.501850710000042, -0.863100508999935, 0.0 ], [ 103.501625500000046, -0.861073038999962, 0.0 ], [ 103.50190622000008, -0.860737148999931, 0.0 ], [ 103.501934860000063, -0.860704558999942, 0.0 ], [ 103.501937660000067, -0.860701228999972, 0.0 ], [ 103.502846340000076, -0.859618888999933, 0.0 ], [ 103.502848240000048, -0.859616628999959, 0.0 ], [ 103.502869230000044, -0.859612568999978, 0.0 ], [ 103.502870870000038, -0.859612248999952, 0.0 ], [ 103.502872080000088, -0.85961083899997, 0.0 ], [ 103.50512585000007, -0.859054198999956, 0.0 ], [ 103.506223600000055, -0.858783238999933, 0.0 ], [ 103.508315230000051, -0.85826697899995, 0.0 ], [ 103.509316950000084, -0.857007298999974, 0.0 ], [ 103.509317010000075, -0.857007218999968, 0.0 ], [ 103.510281520000035, -0.855775048999931, 0.0 ], [ 103.510284, -0.855771878999974, 0.0 ], [ 103.510764560000041, -0.855157368999926, 0.0 ], [ 103.512793460000069, -0.85256297899997, 0.0 ], [ 103.512828590000083, -0.852518048999968, 0.0 ], [ 103.512851900000044, -0.852488238999968, 0.0 ], [ 103.512991150000062, -0.852480288999971, 0.0 ], [ 103.51473929000008, -0.852380408999977, 0.0 ], [ 103.516060140000036, -0.853140868999958, 0.0 ], [ 103.517569110000068, -0.855502698999942, 0.0 ], [ 103.518038230000059, -0.856421778999959, 0.0 ], [ 103.518054070000062, -0.856452808999961, 0.0 ], [ 103.518060430000048, -0.856466678999936, 0.0 ], [ 103.518066140000087, -0.856477868999946, 0.0 ], [ 103.518082310000068, -0.856513118999942, 0.0 ], [ 103.518148910000036, -0.856658318999962, 0.0 ], [ 103.518538030000059, -0.857506688999933, 0.0 ], [ 103.518549150000069, -0.857530918999942, 0.0 ], [ 103.518586610000057, -0.857612588999928, 0.0 ], [ 103.518594550000046, -0.857629878999944, 0.0 ], [ 103.518889190000039, -0.858271568999953, 0.0 ], [ 103.519185310000069, -0.859493018999956, 0.0 ], [ 103.519326670000055, -0.860235978999924, 0.0 ], [ 103.51942, -0.860726448999969, 0.0 ], [ 103.519429120000041, -0.860774308999964, 0.0 ], [ 103.519437500000038, -0.860818278999943, 0.0 ], [ 103.519405230000075, -0.860954278999941, 0.0 ], [ 103.518100680000032, -0.866451588999951, 0.0 ], [ 103.517955150000034, -0.867064828999958, 0.0 ], [ 103.518699610000056, -0.868659028999957, 0.0 ], [ 103.518718230000047, -0.868698908999932, 0.0 ], [ 103.518718320000062, -0.868699098999969, 0.0 ], [ 103.518719400000066, -0.86869945899997, 0.0 ], [ 103.518719480000073, -0.868699478999929, 0.0 ], [ 103.519502919000047, -0.868957509999973, 0.0 ], [ 103.52117663000007, -0.869508758999928, 0.0 ], [ 103.521306150000044, -0.869472308999946, 0.0 ], [ 103.525221420000037, -0.868370438999932, 0.0 ], [ 103.528457510000067, -0.867837928999961, 0.0 ], [ 103.532431750000057, -0.867483888999971, 0.0 ], [ 103.532538750000072, -0.867474358999971, 0.0 ], [ 103.532753710000065, -0.867455208999957, 0.0 ], [ 103.53275423000008, -0.867455158999974, 0.0 ], [ 103.533566320000034, -0.86758969899995, 0.0 ], [ 103.535929190000047, -0.867981148999945, 0.0 ], [ 103.535952590000079, -0.867985028999954, 0.0 ], [ 103.538141470000085, -0.867491288999929, 0.0 ], [ 103.538288690000059, -0.86745807899996, 0.0 ], [ 103.538561530000038, -0.867307018999952, 0.0 ], [ 103.538639750000073, -0.867263708999928, 0.0 ], [ 103.540201460000048, -0.86639903899993, 0.0 ], [ 103.540574789000061, -0.866001840999957, 0.0 ], [ 103.542255400000045, -0.864213778999954, 0.0 ], [ 103.542353090000063, -0.864109848999931, 0.0 ], [ 103.542428280000081, -0.864029848999962, 0.0 ], [ 103.542621190000034, -0.863824388999944, 0.0 ], [ 103.543449670000086, -0.862942048999969, 0.0 ], [ 103.545100900000079, -0.86065009899994, 0.0 ], [ 103.545164730000067, -0.860561508999979, 0.0 ], [ 103.545249460000036, -0.860443748999955, 0.0 ], [ 103.545251180000037, -0.860441358999935, 0.0 ], [ 103.545399285000087, -0.860235546999945, 0.0 ], [ 103.545835720000071, -0.859629058999928, 0.0 ], [ 103.546442264000063, -0.858885249999958, 0.0 ], [ 103.546653240000069, -0.858626528999935, 0.0 ], [ 103.546666910000056, -0.858609758999933, 0.0 ], [ 103.546736710000062, -0.858524158999955, 0.0 ], [ 103.546793820000062, -0.858454078999955, 0.0 ], [ 103.548226020000072, -0.856696588999966, 0.0 ], [ 103.54822732000008, -0.856696208999949, 0.0 ], [ 103.548228330000086, -0.856694968999932, 0.0 ], [ 103.548296600000072, -0.856675118999931, 0.0 ], [ 103.548738580000077, -0.856546588999947, 0.0 ], [ 103.548757200000068, -0.856541178999976, 0.0 ], [ 103.54904281000006, -0.856458128999975, 0.0 ], [ 103.549172670000075, -0.856420368999977, 0.0 ], [ 103.549245933000066, -0.856399065999938, 0.0 ], [ 103.549705, -0.856265578999967, 0.0 ], [ 103.549828120000086, -0.856229768999924, 0.0 ], [ 103.549844740000083, -0.856224938999958, 0.0 ], [ 103.549846960000082, -0.856226068999945, 0.0 ], [ 103.54984789000008, -0.856225798999958, 0.0 ], [ 103.551837067000065, -0.855437450999943, 0.0 ], [ 103.552760840000076, -0.855107532999966, 0.0 ], [ 103.553723222000087, -0.854984439999953, 0.0 ], [ 103.554546776000052, -0.854879102999973, 0.0 ], [ 103.554401612000049, -0.857891259999974, 0.0 ], [ 103.554677667000078, -0.858278050999957, 0.0 ], [ 103.555288017000066, -0.858363829999973, 0.0 ], [ 103.555617936000033, -0.858594772999936, 0.0 ], [ 103.556143583000051, -0.858752347999939, 0.0 ], [ 103.556696770000087, -0.859112745999937, 0.0 ], [ 103.556828737000046, -0.859205122999924, 0.0 ], [ 103.557082775000083, -0.859406372999956, 0.0 ], [ 103.557663432000084, -0.859498749999943, 0.0 ], [ 103.558131916000036, -0.859907849999956, 0.0 ], [ 103.558422245000088, -0.859907849999956, 0.0 ], [ 103.558653188000051, -0.860231169999963, 0.0 ], [ 103.558983107000074, -0.860270759999935, 0.0 ], [ 103.559313025000051, -0.86040272799994, 0.0 ], [ 103.559642944000075, -0.860653465999974, 0.0 ], [ 103.560052043000042, -0.860811826999964, 0.0 ], [ 103.560513929000081, -0.860930597999925, 0.0 ], [ 103.561015406000081, -0.861088958999972, 0.0 ], [ 103.562084342000048, -0.861722401999941, 0.0 ], [ 103.562493441000072, -0.861656418999928, 0.0 ], [ 103.56277057300008, -0.862171091999926, 0.0 ], [ 103.563219263000065, -0.861999533999949, 0.0 ], [ 103.563364427000067, -0.862091910999936, 0.0 ], [ 103.563483198000085, -0.86339838899994, 0.0 ], [ 103.563819715000079, -0.863503962999971, 0.0 ], [ 103.564505946000054, -0.863207036999938, 0.0 ], [ 103.564849061000075, -0.863253224999937, 0.0 ], [ 103.565331818000061, -0.863612049999972, 0.0 ], [ 103.565512198000079, -0.863632631999963, 0.0 ], [ 103.565770610000072, -0.863133667999932, 0.0 ], [ 103.565912475000061, -0.863146864999976, 0.0 ], [ 103.565912475000061, -0.864440145999936, 0.0 ], [ 103.566054340000051, -0.864403854999978, 0.0 ], [ 103.566054340000051, -0.864261989999932, 0.0 ], [ 103.566192906000083, -0.863905677999981, 0.0 ], [ 103.566321574000085, -0.86398485899997, 0.0 ], [ 103.566354566000086, -0.86413332199993, 0.0 ], [ 103.566308378000087, -0.864370863999966, 0.0 ], [ 103.566404054000088, -0.864595207999969, 0.0 ], [ 103.56675269200008, -0.864912715999935, 0.0 ], [ 103.567109004000088, -0.865295421999974, 0.0 ], [ 103.567557694000072, -0.86550656999998, 0.0 ], [ 103.567874415000063, -0.866021242999977, 0.0 ], [ 103.568159222000077, -0.866347076999944, 0.0 ], [ 103.568373669000039, -0.867518287999928, 0.0 ], [ 103.568508935000068, -0.867600767999932, 0.0 ], [ 103.56896974600005, -0.867433294999955, 0.0 ], [ 103.569478896000078, -0.866459248999945, 0.0 ], [ 103.569663651000042, -0.866508736999947, 0.0 ], [ 103.569699942000057, -0.866650601999936, 0.0 ], [ 103.569653753000068, -0.866858449999938, 0.0 ], [ 103.569180894000056, -0.867538868999929, 0.0 ], [ 103.568726682000033, -0.86819462099993, 0.0 ], [ 103.568475944000056, -0.868765380999946, 0.0 ], [ 103.568538628000056, -0.869012819999966, 0.0 ], [ 103.568653024000071, -0.869135675999928, 0.0 ], [ 103.568930155000032, -0.869043297999951, 0.0 ], [ 103.56912810700004, -0.868739772999959, 0.0 ], [ 103.569220484000084, -0.868317476999948, 0.0 ], [ 103.569524009000077, -0.868304280999951, 0.0 ], [ 103.569607565000069, -0.868508043999952, 0.0 ], [ 103.569660352000085, -0.868808269999931, 0.0 ], [ 103.569726335000041, -0.869111794999981, 0.0 ], [ 103.569845106000059, -0.869342737999943, 0.0 ], [ 103.569990889000053, -0.869455477999963, 0.0 ], [ 103.570159148000073, -0.869465374999947, 0.0 ], [ 103.57033070500006, -0.869600641999966, 0.0 ], [ 103.570589691000066, -0.869528059999936, 0.0 ], [ 103.570876721000047, -0.869567649999965, 0.0 ], [ 103.571754259000045, -0.87079846599994, 0.0 ], [ 103.572902376000059, -0.873358634999931, 0.0 ], [ 103.572809999000071, -0.874097652999978, 0.0 ], [ 103.572559261000038, -0.874572735999948, 0.0 ], [ 103.572382234000088, -0.874853776999942, 0.0 ], [ 103.572519671000066, -0.875008227999956, 0.0 ], [ 103.57262524500004, -0.875140195999961, 0.0 ], [ 103.572860160000062, -0.875458567999942, 0.0 ], [ 103.572862305000058, -0.875464490999946, 0.0 ], [ 103.571594361000052, -0.876708510999947, 0.0 ], [ 103.571504476000086, -0.876796699999943, 0.0 ], [ 103.570381625000039, -0.878147051999974, 0.0 ], [ 103.570162654000058, -0.878410388999953, 0.0 ], [ 103.570108126000036, -0.87847596499995, 0.0 ], [ 103.568437278000033, -0.881483491999973, 0.0 ], [ 103.568367096000088, -0.881609818999948, 0.0 ], [ 103.568167620000054, -0.881831648999935, 0.0 ], [ 103.567885037000053, -0.882407287999968, 0.0 ], [ 103.567565140000056, -0.883058928999958, 0.0 ], [ 103.567434990000038, -0.883703368999932, 0.0 ], [ 103.567423570000074, -0.884682078999958, 0.0 ], [ 103.567175220000081, -0.886180058999969, 0.0 ], [ 103.567092150000065, -0.887527518999946, 0.0 ], [ 103.567135311000072, -0.887718518999975, 0.0 ], [ 103.567179245000034, -0.887912934999974, 0.0 ], [ 103.567302300000051, -0.888457478999953, 0.0 ], [ 103.567885040000078, -0.889536558999964, 0.0 ], [ 103.568033010000079, -0.889810568999962, 0.0 ], [ 103.568520420000084, -0.890719838999928, 0.0 ], [ 103.568781970000032, -0.891420088999951, 0.0 ], [ 103.569046150000077, -0.892057448999935, 0.0 ], [ 103.569064450000042, -0.892318748999969, 0.0 ], [ 103.569071370000074, -0.892775208999979, 0.0 ], [ 103.569009210000047, -0.893358418999981, 0.0 ], [ 103.568810990000088, -0.893718418999924, 0.0 ], [ 103.568602290000058, -0.893954278999956, 0.0 ], [ 103.568378760000087, -0.894143278999934, 0.0 ], [ 103.567994550000037, -0.894270038999935, 0.0 ], [ 103.567885040000078, -0.894298188999926, 0.0 ], [ 103.567584328000066, -0.894375493999974, 0.0 ], [ 103.567514910000057, -0.894393338999976, 0.0 ], [ 103.566773280000064, -0.894512868999925, 0.0 ], [ 103.565978910000069, -0.894719838999947, 0.0 ], [ 103.565101880000043, -0.894842868999945, 0.0 ], [ 103.564333470000065, -0.895045308999954, 0.0 ], [ 103.563588710000033, -0.895496648999938, 0.0 ], [ 103.563021290000052, -0.89604492899997, 0.0 ], [ 103.562839770000039, -0.897046508999949, 0.0 ], [ 103.562615460000075, -0.897949068999935, 0.0 ], [ 103.562502510000058, -0.898775758999932, 0.0 ], [ 103.562027510000064, -0.899691098999938, 0.0 ], [ 103.56158712000007, -0.900321068999972, 0.0 ], [ 103.561244030000069, -0.900850048999928, 0.0 ], [ 103.561201820000065, -0.900906088999932, 0.0 ], [ 103.561030920000064, -0.901133008999977, 0.0 ], [ 103.560935620000066, -0.901424068999972, 0.0 ], [ 103.56089626000005, -0.901803288999929, 0.0 ], [ 103.560918890000039, -0.902012148999972, 0.0 ], [ 103.560723040000084, -0.90267898899998, 0.0 ], [ 103.560647720000077, -0.904551648999927, 0.0 ], [ 103.560605068000086, -0.90478150399997, 0.0 ], [ 103.560448635000057, -0.905624484999976, 0.0 ], [ 103.560395813000071, -0.905909136999981, 0.0 ], [ 103.56034918000006, -0.907262129999935, 0.0 ], [ 103.56038284300007, -0.908023410999931, 0.0 ], [ 103.560740392000071, -0.90923941899996, 0.0 ], [ 103.561202110000067, -0.910176317999969, 0.0 ], [ 103.561809560000086, -0.910965086999965, 0.0 ], [ 103.562287151000078, -0.91115586799998, 0.0 ] ] ] ] } },
{ "type": "Feature", "properties": { "fid": 20606.0, "gid": null, "kdprov": "15", "kdkab": "07", "kdkec": "020", "kddesa": "008", "iddesa": "1507020008", "nmprov": "JAMBI", "nmkab": "TANJUNG JABUNG BARAT", "nmkec": "PENGABUAN", "nmdesa": "MEKAR JATI", "luas": null, "sumber": null, "periode": null, "layer": null, "path": null, "idkec": "1507020" }, "geometry": { "type": "MultiPolygon", "coordinates": [ [ [ [ 103.147892390000038, -0.810656768999934, 0.0 ], [ 103.149458530000061, -0.807325608999975, 0.0 ], [ 103.149103081000078, -0.806068159999938, 0.0 ], [ 103.15631701500007, -0.801220428999954, 0.0 ], [ 103.158152580000035, -0.796379127999955, 0.0 ], [ 103.16263598900008, -0.794137423999928, 0.0 ], [ 103.161929459000078, -0.793156440999951, 0.0 ], [ 103.162675445000048, -0.79256825899995, 0.0 ], [ 103.160954267000079, -0.790444412999932, 0.0 ], [ 103.161616850000087, -0.788844820999941, 0.0 ], [ 103.161262578000049, -0.788313412999969, 0.0 ], [ 103.160690911000074, -0.788597903999971, 0.0 ], [ 103.158572078000077, -0.784595249999938, 0.0 ], [ 103.158394735000059, -0.783437306999929, 0.0 ], [ 103.158081778000053, -0.782978302999936, 0.0 ], [ 103.157685806000075, -0.782582331999947, 0.0 ], [ 103.158325726000044, -0.771373780999966, 0.0 ], [ 103.159263529000043, -0.769740188999947, 0.0 ], [ 103.15973236800005, -0.768255533999934, 0.0 ], [ 103.160125254000036, -0.76701139499994, 0.0 ], [ 103.160452232000068, -0.765289548999931, 0.0 ], [ 103.160449852000056, -0.764601529999936, 0.0 ], [ 103.160382844000083, -0.763502597999945, 0.0 ], [ 103.160289033000083, -0.763006738999934, 0.0 ], [ 103.160624073000065, -0.761894405999954, 0.0 ], [ 103.160892105000073, -0.76107690799995, 0.0 ], [ 103.161883824000085, -0.758021342999939, 0.0 ], [ 103.162800119000053, -0.755252391999932, 0.0 ], [ 103.163862015000063, -0.755476314999953, 0.0 ], [ 103.167117962000077, -0.756162900999925, 0.0 ], [ 103.167273668000064, -0.756195734999949, 0.0 ], [ 103.169225029000074, -0.756607220999967, 0.0 ], [ 103.177112780000073, -0.758279493999964, 0.0 ], [ 103.177455614000053, -0.758352177999939, 0.0 ], [ 103.177505909000047, -0.758362840999951, 0.0 ], [ 103.177567013000044, -0.758375613999931, 0.0 ], [ 103.178287246000082, -0.758526168999936, 0.0 ], [ 103.180653213000085, -0.759020740999972, 0.0 ], [ 103.181869901000084, -0.759285724999927, 0.0 ], [ 103.182694579000042, -0.75946533299998, 0.0 ], [ 103.184342828000069, -0.75982245299997, 0.0 ], [ 103.184381924000036, -0.759830923999971, 0.0 ], [ 103.184948848000033, -0.759953756999948, 0.0 ], [ 103.187586185000043, -0.76049994899995, 0.0 ], [ 103.187841111000068, -0.760553993999963, 0.0 ], [ 103.187048840000045, -0.763798838999946, 0.0 ], [ 103.186853790000043, -0.767358845999979, 0.0 ], [ 103.186748052000041, -0.76909775699994, 0.0 ], [ 103.186702720000085, -0.770095518999938, 0.0 ], [ 103.187152840000067, -0.779383068999948, 0.0 ], [ 103.187056196000071, -0.77989648099998, 0.0 ], [ 103.186736978000056, -0.781592304999947, 0.0 ], [ 103.186112370000046, -0.784910488999969, 0.0 ], [ 103.188097311000035, -0.786557466999966, 0.0 ], [ 103.187503480000032, -0.787889528999926, 0.0 ], [ 103.186577483000065, -0.789966524999954, 0.0 ], [ 103.186577410000041, -0.789966688999925, 0.0 ], [ 103.184942290000038, -0.78961322899994, 0.0 ], [ 103.183537140000055, -0.79760811899996, 0.0 ], [ 103.183513770000047, -0.797772258999942, 0.0 ], [ 103.183360030000074, -0.798650340999927, 0.0 ], [ 103.182767660000081, -0.80203365899996, 0.0 ], [ 103.182547079000074, -0.80194518199994, 0.0 ], [ 103.179869710000048, -0.80087126899997, 0.0 ], [ 103.179314360000035, -0.801048029999947, 0.0 ], [ 103.176682697000047, -0.801997881999966, 0.0 ], [ 103.174695960000065, -0.804237928999953, 0.0 ], [ 103.174652690000073, -0.804480038999941, 0.0 ], [ 103.174651159000064, -0.80448860599995, 0.0 ], [ 103.17395325800004, -0.808393782999929, 0.0 ], [ 103.173751960000061, -0.809520168999939, 0.0 ], [ 103.172029605000034, -0.81268195399997, 0.0 ], [ 103.171706260000065, -0.813275528999952, 0.0 ], [ 103.171393260000059, -0.813465214999951, 0.0 ], [ 103.168750148000072, -0.815067007999971, 0.0 ], [ 103.16858761900005, -0.815165504999925, 0.0 ], [ 103.168574940000042, -0.81517318899995, 0.0 ], [ 103.168116360000056, -0.815451098999972, 0.0 ], [ 103.167399061000083, -0.815746347999948, 0.0 ], [ 103.165400190000071, -0.816569108999943, 0.0 ], [ 103.165384785000072, -0.816575449999959, 0.0 ], [ 103.164050890000055, -0.81712448899998, 0.0 ], [ 103.163791896000077, -0.817231092999975, 0.0 ], [ 103.159917560000054, -0.818825801999935, 0.0 ], [ 103.158536230000038, -0.819394368999951, 0.0 ], [ 103.15589103700006, -0.820767975999956, 0.0 ], [ 103.153737030000059, -0.821886518999975, 0.0 ], [ 103.153481690000035, -0.822019118999947, 0.0 ], [ 103.151837130000047, -0.822873108999943, 0.0 ], [ 103.151652549000062, -0.822968956999944, 0.0 ], [ 103.151309180000055, -0.823147258999938, 0.0 ], [ 103.149594826000055, -0.823136600999931, 0.0 ], [ 103.149118480000084, -0.823133638999934, 0.0 ], [ 103.14854525800007, -0.823130072999959, 0.0 ], [ 103.148011301000054, -0.823126750999961, 0.0 ], [ 103.147653544000036, -0.823124525999958, 0.0 ], [ 103.147641160000035, -0.823124448999977, 0.0 ], [ 103.147149890000037, -0.823121398999945, 0.0 ], [ 103.146072359000073, -0.822270943999968, 0.0 ], [ 103.144836200000043, -0.821295288999977, 0.0 ], [ 103.144649565000066, -0.82114798899994, 0.0 ], [ 103.144354080000085, -0.820914778999963, 0.0 ], [ 103.143850973000042, -0.819075253999927, 0.0 ], [ 103.143843880000077, -0.81904931899993, 0.0 ], [ 103.143769280000072, -0.818776555999932, 0.0 ], [ 103.143563370000038, -0.818023678999964, 0.0 ], [ 103.143590310000036, -0.817512798999928, 0.0 ], [ 103.143590678000066, -0.817505826999934, 0.0 ], [ 103.143731200000047, -0.814841728999966, 0.0 ], [ 103.144749770000033, -0.813245058999939, 0.0 ], [ 103.147892390000038, -0.810656768999934, 0.0 ] ] ] ] } },
{ "type": "Feature", "properties": { "fid": 21204.0, "gid": null, "kdprov": "15", "kdkab": "07", "kdkec": "030", "kddesa": "018", "iddesa": "1507030018", "nmprov": "JAMBI", "nmkab": "TANJUNG JABUNG BARAT", "nmkec": "TUNGKAL ILIR", "nmdesa": "KAMPUNG NELAYAN", "luas": null, "sumber": null, "periode": null, "layer": null, "path": null, "idkec": "1507030" }, "geometry": { "type": "MultiPolygon", "coordinates": [ [ [ [ 103.467732290000072, -0.815453838999929, 0.0 ], [ 103.467731430000072, -0.815450668999972, 0.0 ], [ 103.467534980000039, -0.815315078999959, 0.0 ], [ 103.467403510000054, -0.815149038999948, 0.0 ], [ 103.467315130000088, -0.814947308999933, 0.0 ], [ 103.467232570000078, -0.814758838999978, 0.0 ], [ 103.46721960800005, -0.814716445999977, 0.0 ], [ 103.466813250000087, -0.813387448999947, 0.0 ], [ 103.466759639000088, -0.81312233999995, 0.0 ], [ 103.466678050000041, -0.812718878999931, 0.0 ], [ 103.466434760000084, -0.812162318999924, 0.0 ], [ 103.465686250000033, -0.811386728999935, 0.0 ], [ 103.464379700000052, -0.807484988999931, 0.0 ], [ 103.464400070000067, -0.80747638899993, 0.0 ], [ 103.466145900000072, -0.806737648999956, 0.0 ], [ 103.467438650000076, -0.806190648999973, 0.0 ], [ 103.467615270000067, -0.806115918999978, 0.0 ], [ 103.467662160000032, -0.806096078999929, 0.0 ], [ 103.467662780000069, -0.80609581899995, 0.0 ], [ 103.468089170000042, -0.80591310899996, 0.0 ], [ 103.468635970000037, -0.805678798999963, 0.0 ], [ 103.471013440000036, -0.804660008999974, 0.0 ], [ 103.472419070000058, -0.807245638999973, 0.0 ], [ 103.473816420000048, -0.809439798999961, 0.0 ], [ 103.473817980000035, -0.809442978999925, 0.0 ], [ 103.474010700000065, -0.809835378999935, 0.0 ], [ 103.474268070000051, -0.810359398999935, 0.0 ], [ 103.474326030000043, -0.810443348999968, 0.0 ], [ 103.474333100000081, -0.810453578999955, 0.0 ], [ 103.474239760000046, -0.811109508999948, 0.0 ], [ 103.474198080000065, -0.811402418999933, 0.0 ], [ 103.474175150000065, -0.811792268999966, 0.0 ], [ 103.474192420000065, -0.811984218999953, 0.0 ], [ 103.474327390000042, -0.812333988999967, 0.0 ], [ 103.474398128000075, -0.812369624999974, 0.0 ], [ 103.474833960000069, -0.812589188999937, 0.0 ], [ 103.474904600000059, -0.812622688999966, 0.0 ], [ 103.475574320000078, -0.812470728999926, 0.0 ], [ 103.475912820000076, -0.812393918999931, 0.0 ], [ 103.476916330000051, -0.81276848899995, 0.0 ], [ 103.476952120000078, -0.812781838999967, 0.0 ], [ 103.476962740000033, -0.81278158899994, 0.0 ], [ 103.476973390000069, -0.812781358999928, 0.0 ], [ 103.476301069000044, -0.813118765999945, 0.0 ], [ 103.476121490000082, -0.813208888999952, 0.0 ], [ 103.475710554000045, -0.813383404999968, 0.0 ], [ 103.475625680000064, -0.81341944899998, 0.0 ], [ 103.475550810000072, -0.813466238999979, 0.0 ], [ 103.475714565000033, -0.813781588999973, 0.0 ], [ 103.475999640000055, -0.814330568999935, 0.0 ], [ 103.475230450000083, -0.814801778999936, 0.0 ], [ 103.475526521000063, -0.815337778999947, 0.0 ], [ 103.47567200900005, -0.815601167999944, 0.0 ], [ 103.476216190000059, -0.816586338999969, 0.0 ], [ 103.476060707000045, -0.816648274999977, 0.0 ], [ 103.476616903000036, -0.817386304999957, 0.0 ], [ 103.477064045000077, -0.817979626999943, 0.0 ], [ 103.476829592000058, -0.818338240999935, 0.0 ], [ 103.476382447000049, -0.818677844999968, 0.0 ], [ 103.47592398200004, -0.819068388999938, 0.0 ], [ 103.475233454000033, -0.819509873999948, 0.0 ], [ 103.474915059000068, -0.819143337999947, 0.0 ], [ 103.474483809000048, -0.818444486999965, 0.0 ], [ 103.473912250000069, -0.817504098999962, 0.0 ], [ 103.473841773000061, -0.81736770599997, 0.0 ], [ 103.473749068000075, -0.817188294999937, 0.0 ], [ 103.473329470000067, -0.816376248999973, 0.0 ], [ 103.473281898000039, -0.81628210699995, 0.0 ], [ 103.473137095000084, -0.815995549999968, 0.0 ], [ 103.472773360000076, -0.815275738999958, 0.0 ], [ 103.472108480000088, -0.815678938999952, 0.0 ], [ 103.471845470000062, -0.815736658999924, 0.0 ], [ 103.471843480000075, -0.815736748999939, 0.0 ], [ 103.471134710000058, -0.815891378999936, 0.0 ], [ 103.471116890000076, -0.815897658999972, 0.0 ], [ 103.470975310000085, -0.815936688999955, 0.0 ], [ 103.470953533000056, -0.815942691999965, 0.0 ], [ 103.470400390000066, -0.816095168999937, 0.0 ], [ 103.470063400000072, -0.816108718999942, 0.0 ], [ 103.469608450000067, -0.81594446899993, 0.0 ], [ 103.469360590000065, -0.81587567899993, 0.0 ], [ 103.468801410000083, -0.815732448999938, 0.0 ], [ 103.468150009000055, -0.815513715999941, 0.0 ], [ 103.468067050000059, -0.815485858999978, 0.0 ], [ 103.46784585000006, -0.815448658999969, 0.0 ], [ 103.467732290000072, -0.815453838999929, 0.0 ] ] ] ] } },
{ "type": "Feature", "properties": { "fid": 20651.0, "gid": null, "kdprov": "15", "kdkab": "07", "kdkec": "020", "kddesa": "006", "iddesa": "1507020006", "nmprov": "JAMBI", "nmkab": "TANJUNG JABUNG BARAT", "nmkec": "PENGABUAN", "nmdesa": "SUNGAI SERINDIT", "luas": null, "sumber": null, "periode": null, "layer": null, "path": null, "idkec": "1507020" }, "geometry": { "type": "MultiPolygon", "coordinates": [ [ [ [ 103.254321730000072, -0.849020258999929, 0.0 ], [ 103.252786521000075, -0.849600542999951, 0.0 ], [ 103.250490930000069, -0.85046301899996, 0.0 ], [ 103.250472870000067, -0.850469818999954, 0.0 ], [ 103.250121530000058, -0.850081968999973, 0.0 ], [ 103.249983650000047, -0.849929758999963, 0.0 ], [ 103.249957180000081, -0.849900548999926, 0.0 ], [ 103.249736150000047, -0.849656558999925, 0.0 ], [ 103.249681660000078, -0.84959639899995, 0.0 ], [ 103.247837624000056, -0.84970984399996, 0.0 ], [ 103.245331540000052, -0.849864018999938, 0.0 ], [ 103.245256876000042, -0.849868611999966, 0.0 ], [ 103.239528930000063, -0.850220978999971, 0.0 ], [ 103.239477960000045, -0.850224108999953, 0.0 ], [ 103.233799310000052, -0.850812281999936, 0.0 ], [ 103.234017400000084, -0.850059997999949, 0.0 ], [ 103.233432100000073, -0.842207938999934, 0.0 ], [ 103.233691180000051, -0.83936603899997, 0.0 ], [ 103.236048442000083, -0.836532527999964, 0.0 ], [ 103.237780258000043, -0.834450824999976, 0.0 ], [ 103.237755738000033, -0.826173313999959, 0.0 ], [ 103.237748418000081, -0.823702268999966, 0.0 ], [ 103.237746607000076, -0.823285839999926, 0.0 ], [ 103.237741805000041, -0.823019307999971, 0.0 ], [ 103.237740238000072, -0.822368392999977, 0.0 ], [ 103.237739916000066, -0.822234626999943, 0.0 ], [ 103.237739457000032, -0.821641650999936, 0.0 ], [ 103.237735442000087, -0.820718513999964, 0.0 ], [ 103.237731655000061, -0.819846938999945, 0.0 ], [ 103.237729580000064, -0.819370508999953, 0.0 ], [ 103.237700910000058, -0.812790998999958, 0.0 ], [ 103.238282369000046, -0.811448039999959, 0.0 ], [ 103.240684230000056, -0.805900608999934, 0.0 ], [ 103.240911870000048, -0.805374838999967, 0.0 ], [ 103.241350477000083, -0.80436181999994, 0.0 ], [ 103.242068271000051, -0.802703982999958, 0.0 ], [ 103.242079140000044, -0.802678878999927, 0.0 ], [ 103.242199825000057, -0.802400134999971, 0.0 ], [ 103.24449560000005, -0.79709762899995, 0.0 ], [ 103.244916510000053, -0.789946458999964, 0.0 ], [ 103.246626388000038, -0.786524983999925, 0.0 ], [ 103.246965590000059, -0.785846238999966, 0.0 ], [ 103.24699597700004, -0.785800104999964, 0.0 ], [ 103.250683091000042, -0.78670933199993, 0.0 ], [ 103.250794277000068, -0.786736879999978, 0.0 ], [ 103.252187505000052, -0.787466596999934, 0.0 ], [ 103.252728855000043, -0.787909787999979, 0.0 ], [ 103.250168059000032, -0.794068000999971, 0.0 ], [ 103.249128720000044, -0.793784208999966, 0.0 ], [ 103.249483370000064, -0.797910378999973, 0.0 ], [ 103.25119542300007, -0.811263983999936, 0.0 ], [ 103.251197670000067, -0.811281508999969, 0.0 ], [ 103.251330408000058, -0.811628274999975, 0.0 ], [ 103.252880005000065, -0.81567644699993, 0.0 ], [ 103.253536160000067, -0.817390588999956, 0.0 ], [ 103.257805759000064, -0.823765925999965, 0.0 ], [ 103.258058234000032, -0.824057241999981, 0.0 ], [ 103.257882077000033, -0.824220047999972, 0.0 ], [ 103.257380245000036, -0.82520230199998, 0.0 ], [ 103.257868838000036, -0.825613748999956, 0.0 ], [ 103.257620256000052, -0.826445214999978, 0.0 ], [ 103.257759028000066, -0.826604884999938, 0.0 ], [ 103.25884138400005, -0.82676327799993, 0.0 ], [ 103.259752147000086, -0.826868873999956, 0.0 ], [ 103.260451719000059, -0.82714606299993, 0.0 ], [ 103.261045695000064, -0.827014067999926, 0.0 ], [ 103.261405202000049, -0.826788330999932, 0.0 ], [ 103.261880761000043, -0.828332445999933, 0.0 ], [ 103.262098110000068, -0.829038168999944, 0.0 ], [ 103.262178890000087, -0.829177698999956, 0.0 ], [ 103.262168730000042, -0.829225324999925, 0.0 ], [ 103.26162699200006, -0.831764737999947, 0.0 ], [ 103.261604370000043, -0.831870778999928, 0.0 ], [ 103.264183140000057, -0.834757638999974, 0.0 ], [ 103.265041670000073, -0.838124688999926, 0.0 ], [ 103.267601440000078, -0.842446828999925, 0.0 ], [ 103.268090340000072, -0.843834668999932, 0.0 ], [ 103.26805279000007, -0.843848808999951, 0.0 ], [ 103.267905895000069, -0.843904133999956, 0.0 ], [ 103.265478730000041, -0.844818268999973, 0.0 ], [ 103.263889630000051, -0.845416768999939, 0.0 ], [ 103.263329472000066, -0.845627738999951, 0.0 ], [ 103.263320574000034, -0.845631089999927, 0.0 ], [ 103.258880808000072, -0.847304591999944, 0.0 ], [ 103.256510760000083, -0.848195828999962, 0.0 ], [ 103.255444486000044, -0.848597406999943, 0.0 ], [ 103.254586332000088, -0.848920603999943, 0.0 ], [ 103.254583322000087, -0.848921737999945, 0.0 ], [ 103.254321730000072, -0.849020258999929, 0.0 ] ] ] ] } },
{ "type": "Feature", "properties": { "fid": 20711.0, "gid": null, "kdprov": "15", "kdkab": "07", "kdkec": "020", "kddesa": "007", "iddesa": "1507020007", "nmprov": "JAMBI", "nmkab": "TANJUNG JABUNG BARAT", "nmkec": "PENGABUAN", "nmdesa": "PARIT PUDIN", "luas": null, "sumber": null, "periode": null, "layer": null, "path": null, "idkec": "1507020" }, "geometry": { "type": "MultiPolygon", "coordinates": [ [ [ [ 103.297004290000075, -0.86659246399995, 0.0 ], [ 103.29511602000008, -0.862920248999956, 0.0 ], [ 103.293192221000083, -0.859904884999935, 0.0 ], [ 103.290158850000068, -0.855150378999951, 0.0 ], [ 103.285502550000047, -0.846876288999965, 0.0 ], [ 103.284050680000064, -0.844051048999972, 0.0 ], [ 103.282501940000088, -0.838373428999944, 0.0 ], [ 103.28271828000004, -0.838291448999939, 0.0 ], [ 103.283628530000044, -0.837946508999948, 0.0 ], [ 103.284908038000083, -0.836617348999937, 0.0 ], [ 103.284807276000038, -0.836475400999973, 0.0 ], [ 103.288763217000053, -0.83243065399995, 0.0 ], [ 103.289445016000059, -0.831216862999952, 0.0 ], [ 103.289461561000053, -0.831187357999966, 0.0 ], [ 103.289583666000055, -0.831297535999965, 0.0 ], [ 103.289626861000045, -0.831223870999963, 0.0 ], [ 103.293183750000082, -0.825157888999968, 0.0 ], [ 103.293566940000062, -0.824504378999961, 0.0 ], [ 103.294168300000081, -0.823465638999949, 0.0 ], [ 103.294789730000048, -0.822392258999969, 0.0 ], [ 103.294865710000067, -0.822203868999964, 0.0 ], [ 103.294866010000078, -0.822203128999945, 0.0 ], [ 103.294880253000088, -0.822167834999959, 0.0 ], [ 103.295044220000079, -0.821761528999957, 0.0 ], [ 103.295259270000088, -0.821268938999935, 0.0 ], [ 103.296212103000073, -0.819086454999933, 0.0 ], [ 103.296746050000081, -0.81786343899995, 0.0 ], [ 103.297128300000054, -0.816987858999937, 0.0 ], [ 103.297202040000059, -0.816881738999939, 0.0 ], [ 103.29722530500004, -0.816848257999936, 0.0 ], [ 103.297323640000059, -0.816706738999926, 0.0 ], [ 103.298202820000085, -0.81544146899995, 0.0 ], [ 103.299059450000073, -0.814208658999974, 0.0 ], [ 103.299144514000034, -0.814086238999948, 0.0 ], [ 103.300230286000044, -0.812523642999963, 0.0 ], [ 103.301510100000087, -0.810681788999943, 0.0 ], [ 103.303165870000043, -0.810167708999927, 0.0 ], [ 103.305184300000064, -0.810471538999934, 0.0 ], [ 103.305192292000072, -0.810472741999945, 0.0 ], [ 103.305687680000062, -0.810547308999958, 0.0 ], [ 103.307397326000057, -0.812007649999941, 0.0 ], [ 103.307415530000071, -0.812023198999952, 0.0 ], [ 103.308712770000056, -0.813131268999939, 0.0 ], [ 103.309360320000053, -0.81368436899993, 0.0 ], [ 103.312017610000055, -0.816339798999934, 0.0 ], [ 103.312045083000044, -0.816367252999953, 0.0 ], [ 103.315114531000063, -0.819434547999947, 0.0 ], [ 103.315168780000079, -0.819488758999967, 0.0 ], [ 103.315869289000034, -0.820188769999959, 0.0 ], [ 103.316363946000081, -0.820683074999977, 0.0 ], [ 103.31667546400007, -0.820994370999927, 0.0 ], [ 103.316997693000076, -0.821316369999977, 0.0 ], [ 103.317908470000077, -0.822226498999953, 0.0 ], [ 103.319179930000075, -0.823497058999976, 0.0 ], [ 103.319341630000054, -0.823648878999961, 0.0 ], [ 103.319909285000051, -0.824181877999933, 0.0 ], [ 103.323173360000055, -0.827246678999927, 0.0 ], [ 103.327102418000038, -0.831045193999955, 0.0 ], [ 103.327698636000036, -0.831495692999965, 0.0 ], [ 103.328813377000074, -0.832542371999978, 0.0 ], [ 103.330915970000035, -0.834516608999934, 0.0 ], [ 103.333608870000035, -0.835458366999944, 0.0 ], [ 103.333771714000079, -0.835515316999931, 0.0 ], [ 103.334828970000046, -0.835885058999963, 0.0 ], [ 103.333346120000044, -0.837419668999928, 0.0 ], [ 103.331168990000037, -0.842563138999935, 0.0 ], [ 103.329625756000041, -0.844963482999958, 0.0 ], [ 103.328362290000086, -0.846928678999973, 0.0 ], [ 103.324521990000051, -0.850324698999941, 0.0 ], [ 103.323712213000078, -0.852035502999968, 0.0 ], [ 103.322404540000036, -0.854798188999951, 0.0 ], [ 103.32111502500004, -0.857865456999946, 0.0 ], [ 103.321213008000086, -0.858869778999974, 0.0 ], [ 103.316425113000037, -0.872053837999943, 0.0 ], [ 103.31448229700004, -0.871756357999971, 0.0 ], [ 103.311796070000071, -0.871345048999956, 0.0 ], [ 103.311782563000065, -0.871416172999943, 0.0 ], [ 103.311485699000059, -0.872811168999931, 0.0 ], [ 103.310786510000071, -0.876661134999949, 0.0 ], [ 103.308821768000087, -0.876590685999929, 0.0 ], [ 103.30827081800004, -0.876570930999947, 0.0 ], [ 103.308423868000034, -0.876676309999937, 0.0 ], [ 103.308545553000044, -0.877743584999962, 0.0 ], [ 103.30882491300008, -0.880193808999934, 0.0 ], [ 103.309259378000036, -0.88263349999994, 0.0 ], [ 103.309245790000034, -0.882914333999963, 0.0 ], [ 103.308740961000069, -0.884079546999942, 0.0 ], [ 103.306736330000035, -0.888706508999974, 0.0 ], [ 103.302727846000039, -0.879453479999938, 0.0 ], [ 103.297969660000035, -0.868469868999966, 0.0 ], [ 103.297004290000075, -0.86659246399995, 0.0 ] ] ] ] } },
{ "type": "Feature", "properties": { "fid": 21226.0, "gid": null, "kdprov": "15", "kdkab": "07", "kdkec": "030", "kddesa": "016", "iddesa": "1507030016", "nmprov": "JAMBI", "nmkab": "TANJUNG JABUNG BARAT", "nmkec": "TUNGKAL ILIR", "nmdesa": "SRIWIJAYA", "luas": null, "sumber": null, "periode": null, "layer": null, "path": null, "idkec": "1507030" }, "geometry": { "type": "MultiPolygon", "coordinates": [ [ [ [ 103.456113820000041, -0.857681078999974, 0.0 ], [ 103.456086765000066, -0.858765633999951, 0.0 ], [ 103.455999359000032, -0.859148877999928, 0.0 ], [ 103.454914070000086, -0.861992928999939, 0.0 ], [ 103.446241110000074, -0.861674708999942, 0.0 ], [ 103.450262285000065, -0.848481144999937, 0.0 ], [ 103.451054844000055, -0.845880740999974, 0.0 ], [ 103.453169, -0.838944148999929, 0.0 ], [ 103.453582936000032, -0.837585971999943, 0.0 ], [ 103.453882940000085, -0.836601618999964, 0.0 ], [ 103.453926740000043, -0.836457908999932, 0.0 ], [ 103.453931330000046, -0.836452088999977, 0.0 ], [ 103.453932320000035, -0.836450838999951, 0.0 ], [ 103.453932420000058, -0.83645071899997, 0.0 ], [ 103.454658116000076, -0.835531273999948, 0.0 ], [ 103.455217330000039, -0.834822758999962, 0.0 ], [ 103.455304770000055, -0.834549738999954, 0.0 ], [ 103.455517520000058, -0.83388537899998, 0.0 ], [ 103.456183750000037, -0.832505338999965, 0.0 ], [ 103.45618778000005, -0.83249941899993, 0.0 ], [ 103.45623205000004, -0.832434528999954, 0.0 ], [ 103.456673020000039, -0.831788118999953, 0.0 ], [ 103.456964480000067, -0.831405968999945, 0.0 ], [ 103.457408780000037, -0.830826918999946, 0.0 ], [ 103.457454090000056, -0.830777018999925, 0.0 ], [ 103.457769430000042, -0.830429718999937, 0.0 ], [ 103.457789580000053, -0.830387148999932, 0.0 ], [ 103.458301310000081, -0.829912968999963, 0.0 ], [ 103.458555520000061, -0.829651938999973, 0.0 ], [ 103.45859143000007, -0.829615068999942, 0.0 ], [ 103.458647850000034, -0.829523868999956, 0.0 ], [ 103.458942180000065, -0.82875766899997, 0.0 ], [ 103.458630067000058, -0.828624718999947, 0.0 ], [ 103.45957541000007, -0.826351028999966, 0.0 ], [ 103.459571890000063, -0.826348588999963, 0.0 ], [ 103.459331030000044, -0.826181288999976, 0.0 ], [ 103.459250620000034, -0.826052878999974, 0.0 ], [ 103.459112250000032, -0.825959608999938, 0.0 ], [ 103.458785724000052, -0.825913122999964, 0.0 ], [ 103.458683350000058, -0.82589854899993, 0.0 ], [ 103.458582030000059, -0.825845528999935, 0.0 ], [ 103.458490920000088, -0.825826518999975, 0.0 ], [ 103.458351100000073, -0.825773478999963, 0.0 ], [ 103.458156320000057, -0.825667438999972, 0.0 ], [ 103.457720220000056, -0.825462028999937, 0.0 ], [ 103.458106660000055, -0.825151898999934, 0.0 ], [ 103.458240144000058, -0.825044755999954, 0.0 ], [ 103.458244800000045, -0.825041018999968, 0.0 ], [ 103.458256120000044, -0.825031938999928, 0.0 ], [ 103.458630380000045, -0.824732118999975, 0.0 ], [ 103.458876360000033, -0.824500508999961, 0.0 ], [ 103.459423690000051, -0.823906858999976, 0.0 ], [ 103.459415270000079, -0.823899078999943, 0.0 ], [ 103.459634205000043, -0.823665282999968, 0.0 ], [ 103.459327790000032, -0.823375698999939, 0.0 ], [ 103.459268140000063, -0.823227178999957, 0.0 ], [ 103.459243610000044, -0.823068058999979, 0.0 ], [ 103.459205030000078, -0.822930148999944, 0.0 ], [ 103.459171640000079, -0.822715818999939, 0.0 ], [ 103.459162948000085, -0.822667592999949, 0.0 ], [ 103.459119900000076, -0.822428738999974, 0.0 ], [ 103.459101100000055, -0.822278488999928, 0.0 ], [ 103.459035940000035, -0.822163008999951, 0.0 ], [ 103.45902183000004, -0.822098948999951, 0.0 ], [ 103.459014010000033, -0.821991398999955, 0.0 ], [ 103.458957500000054, -0.821860888999936, 0.0 ], [ 103.45892925000004, -0.821777848999943, 0.0 ], [ 103.458929270000056, -0.821740238999951, 0.0 ], [ 103.458929280000063, -0.821708258999934, 0.0 ], [ 103.45891830000005, -0.821656068999971, 0.0 ], [ 103.458876270000076, -0.821589188999951, 0.0 ], [ 103.458809200000076, -0.821407718999978, 0.0 ], [ 103.458825750000074, -0.821269328999961, 0.0 ], [ 103.458817150000073, -0.821160988999964, 0.0 ], [ 103.458754190000036, -0.82101709899996, 0.0 ], [ 103.458702570000071, -0.820871518999979, 0.0 ], [ 103.458660500000065, -0.820551148999925, 0.0 ], [ 103.458624110000073, -0.820392348999974, 0.0 ], [ 103.458571990000053, -0.820295538999972, 0.0 ], [ 103.458558420000088, -0.820250218999945, 0.0 ], [ 103.458535700000084, -0.820174388999931, 0.0 ], [ 103.458494810000047, -0.819967168999938, 0.0 ], [ 103.45841192000006, -0.819805818999953, 0.0 ], [ 103.458418250000079, -0.819679298999972, 0.0 ], [ 103.45839720400005, -0.819546257999946, 0.0 ], [ 103.458396352000079, -0.819540868999979, 0.0 ], [ 103.458394430000055, -0.819528718999948, 0.0 ], [ 103.45837621000004, -0.819499608999934, 0.0 ], [ 103.458348730000068, -0.819411078999963, 0.0 ], [ 103.458361240000045, -0.819201008999926, 0.0 ], [ 103.458357521000039, -0.819174984999961, 0.0 ], [ 103.458342123000079, -0.819092135999938, 0.0 ], [ 103.458267080000041, -0.818923878999954, 0.0 ], [ 103.458248560000072, -0.818868699999939, 0.0 ], [ 103.458232284000076, -0.818820208999966, 0.0 ], [ 103.458201268000039, -0.818727799999976, 0.0 ], [ 103.458181710000076, -0.818669528999976, 0.0 ], [ 103.458188720000066, -0.81841204899996, 0.0 ], [ 103.458188150000069, -0.818263378999973, 0.0 ], [ 103.458061300000054, -0.81800710899995, 0.0 ], [ 103.458022390000053, -0.817866658999947, 0.0 ], [ 103.458002340000064, -0.817685078999943, 0.0 ], [ 103.45799801000004, -0.817510478999964, 0.0 ], [ 103.457992199000046, -0.817482561999952, 0.0 ], [ 103.457984840000051, -0.817447208999965, 0.0 ], [ 103.45797642000008, -0.817425918999959, 0.0 ], [ 103.457972220000045, -0.817412948999959, 0.0 ], [ 103.458405480000067, -0.817286868999929, 0.0 ], [ 103.458702054000071, -0.817200570999944, 0.0 ], [ 103.458702194000068, -0.81720052999998, 0.0 ], [ 103.458724810000035, -0.817193948999943, 0.0 ], [ 103.458721920000073, -0.817184338999937, 0.0 ], [ 103.459355850000065, -0.817006168999967, 0.0 ], [ 103.459772570000041, -0.81688904899994, 0.0 ], [ 103.460012376000066, -0.81793007899995, 0.0 ], [ 103.460026050000067, -0.817989438999973, 0.0 ], [ 103.460225240000057, -0.818849698999941, 0.0 ], [ 103.460212400000046, -0.818852488999937, 0.0 ], [ 103.460328238000045, -0.819380981999927, 0.0 ], [ 103.460346800000082, -0.819474968999941, 0.0 ], [ 103.460459090000086, -0.819993228999977, 0.0 ], [ 103.460747870000034, -0.821332488999929, 0.0 ], [ 103.460794320000048, -0.821547628999951, 0.0 ], [ 103.460857356000076, -0.82183957899997, 0.0 ], [ 103.460948520000045, -0.822261798999932, 0.0 ], [ 103.461104040000066, -0.82298211899996, 0.0 ], [ 103.461096550000036, -0.822982298999932, 0.0 ], [ 103.461286861000076, -0.824237529999948, 0.0 ], [ 103.461370120000083, -0.824786680999978, 0.0 ], [ 103.461374850000084, -0.824817878999966, 0.0 ], [ 103.461421650000034, -0.825126578999971, 0.0 ], [ 103.461568640000053, -0.825899288999949, 0.0 ], [ 103.461575419000042, -0.825934925999945, 0.0 ], [ 103.461581280000075, -0.825965738999969, 0.0 ], [ 103.461669790000087, -0.826399038999966, 0.0 ], [ 103.461812080000072, -0.827095678999967, 0.0 ], [ 103.461814050000044, -0.827105578999976, 0.0 ], [ 103.461821420000035, -0.827105418999963, 0.0 ], [ 103.461847941000087, -0.827379598999926, 0.0 ], [ 103.461843611000063, -0.827552774999958, 0.0 ], [ 103.462224599000081, -0.827648021999948, 0.0 ], [ 103.462481900000057, -0.827906708999933, 0.0 ], [ 103.462856692000059, -0.827946750999956, 0.0 ], [ 103.462868336000042, -0.827997984999968, 0.0 ], [ 103.462921633000065, -0.828232491999927, 0.0 ], [ 103.462856692000059, -0.828587502999937, 0.0 ], [ 103.462865351000062, -0.829258560999961, 0.0 ], [ 103.462462716000061, -0.829626559999951, 0.0 ], [ 103.462701240000058, -0.83057619899995, 0.0 ], [ 103.462759580000068, -0.830955228999926, 0.0 ], [ 103.46276067000008, -0.830962348999947, 0.0 ], [ 103.462760850000052, -0.830963468999926, 0.0 ], [ 103.46278232800006, -0.831335296999953, 0.0 ], [ 103.462790287000075, -0.831850921999944, 0.0 ], [ 103.462797897000087, -0.832343955999931, 0.0 ], [ 103.462817771000061, -0.833631496999942, 0.0 ], [ 103.462816221000082, -0.834333774999948, 0.0 ], [ 103.462812474000032, -0.834332831999973, 0.0 ], [ 103.462824701000045, -0.834560255999975, 0.0 ], [ 103.462832047000063, -0.834696883999925, 0.0 ], [ 103.462660296000081, -0.835048381999968, 0.0 ], [ 103.461889345000088, -0.836626176999971, 0.0 ], [ 103.46135025600006, -0.837729453999941, 0.0 ], [ 103.461234604000083, -0.83796614299996, 0.0 ], [ 103.46037857500005, -0.83971805699997, 0.0 ], [ 103.459824150000088, -0.84085271899994, 0.0 ], [ 103.458935, -0.845322628999952, 0.0 ], [ 103.458898419000036, -0.845504306999942, 0.0 ], [ 103.458314947000076, -0.848402100999976, 0.0 ], [ 103.457819056000062, -0.850864928999954, 0.0 ], [ 103.457318580000049, -0.853350528999954, 0.0 ], [ 103.456509190000077, -0.85571527899998, 0.0 ], [ 103.456223945000033, -0.857133530999931, 0.0 ], [ 103.456113820000041, -0.857681078999974, 0.0 ] ] ] ] } },
{ "type": "Feature", "properties": { "fid": 21367.0, "gid": null, "kdprov": "15", "kdkab": "07", "kdkec": "030", "kddesa": "017", "iddesa": "1507030017", "nmprov": "JAMBI", "nmkab": "TANJUNG JABUNG BARAT", "nmkec": "TUNGKAL ILIR", "nmdesa": "PATUNAS", "luas": null, "sumber": null, "periode": null, "layer": null, "path": null, "idkec": "1507030" }, "geometry": { "type": "MultiPolygon", "coordinates": [ [ [ [ 103.456452213000034, -0.857163284999956, 0.0 ], [ 103.456223945000033, -0.857133530999931, 0.0 ], [ 103.456509190000077, -0.85571527899998, 0.0 ], [ 103.457318580000049, -0.853350528999954, 0.0 ], [ 103.457819056000062, -0.850864928999954, 0.0 ], [ 103.458314947000076, -0.848402100999976, 0.0 ], [ 103.458898419000036, -0.845504306999942, 0.0 ], [ 103.458935, -0.845322628999952, 0.0 ], [ 103.459824150000088, -0.84085271899994, 0.0 ], [ 103.46037857500005, -0.83971805699997, 0.0 ], [ 103.461234604000083, -0.83796614299996, 0.0 ], [ 103.46135025600006, -0.837729453999941, 0.0 ], [ 103.461889345000088, -0.836626176999971, 0.0 ], [ 103.462660296000081, -0.835048381999968, 0.0 ], [ 103.462832047000063, -0.834696883999925, 0.0 ], [ 103.462824701000045, -0.834560255999975, 0.0 ], [ 103.462812474000032, -0.834332831999973, 0.0 ], [ 103.462816221000082, -0.834333774999948, 0.0 ], [ 103.462817771000061, -0.833631496999942, 0.0 ], [ 103.462797897000087, -0.832343955999931, 0.0 ], [ 103.462790287000075, -0.831850921999944, 0.0 ], [ 103.46278232800006, -0.831335296999953, 0.0 ], [ 103.462760850000052, -0.830963468999926, 0.0 ], [ 103.46276067000008, -0.830962348999947, 0.0 ], [ 103.462759580000068, -0.830955228999926, 0.0 ], [ 103.462701240000058, -0.83057619899995, 0.0 ], [ 103.462462716000061, -0.829626559999951, 0.0 ], [ 103.462865351000062, -0.829258560999961, 0.0 ], [ 103.462856692000059, -0.828587502999937, 0.0 ], [ 103.462921633000065, -0.828232491999927, 0.0 ], [ 103.462868336000042, -0.827997984999968, 0.0 ], [ 103.462856692000059, -0.827946750999956, 0.0 ], [ 103.462481900000057, -0.827906708999933, 0.0 ], [ 103.462224599000081, -0.827648021999948, 0.0 ], [ 103.461843611000063, -0.827552774999958, 0.0 ], [ 103.461847941000087, -0.827379598999926, 0.0 ], [ 103.461821420000035, -0.827105418999963, 0.0 ], [ 103.461814050000044, -0.827105578999976, 0.0 ], [ 103.461812080000072, -0.827095678999967, 0.0 ], [ 103.461669790000087, -0.826399038999966, 0.0 ], [ 103.461581280000075, -0.825965738999969, 0.0 ], [ 103.461575419000042, -0.825934925999945, 0.0 ], [ 103.461568640000053, -0.825899288999949, 0.0 ], [ 103.461421650000034, -0.825126578999971, 0.0 ], [ 103.461374850000084, -0.824817878999966, 0.0 ], [ 103.461370120000083, -0.824786680999978, 0.0 ], [ 103.461286861000076, -0.824237529999948, 0.0 ], [ 103.461096550000036, -0.822982298999932, 0.0 ], [ 103.461104040000066, -0.82298211899996, 0.0 ], [ 103.461543890000087, -0.822971458999973, 0.0 ], [ 103.461645001000079, -0.822958931999949, 0.0 ], [ 103.462441140000067, -0.822860298999956, 0.0 ], [ 103.462550910000061, -0.822846698999967, 0.0 ], [ 103.462614680000058, -0.822838798999953, 0.0 ], [ 103.462905020000051, -0.822771648999947, 0.0 ], [ 103.464214730000037, -0.822458278999932, 0.0 ], [ 103.464211650000038, -0.822451328999932, 0.0 ], [ 103.463553010000055, -0.820966488999943, 0.0 ], [ 103.463518330000056, -0.820884738999951, 0.0 ], [ 103.463357980000069, -0.820506878999936, 0.0 ], [ 103.46330026000004, -0.820372268999961, 0.0 ], [ 103.463154997000061, -0.820083916999977, 0.0 ], [ 103.463592804000086, -0.81991452799997, 0.0 ], [ 103.463873683000088, -0.819830405999937, 0.0 ], [ 103.463897560000078, -0.819895968999958, 0.0 ], [ 103.463901190000058, -0.819905928999958, 0.0 ], [ 103.463901480000061, -0.819906738999975, 0.0 ], [ 103.463902380000036, -0.819909198999937, 0.0 ], [ 103.46396709000004, -0.820159968999974, 0.0 ], [ 103.464139782000075, -0.820742636999967, 0.0 ], [ 103.464392510000039, -0.821595348999949, 0.0 ], [ 103.464664680000055, -0.822181538999928, 0.0 ], [ 103.464743050000038, -0.822350338999968, 0.0 ], [ 103.465148910000039, -0.823181108999961, 0.0 ], [ 103.46516543000007, -0.823214921999977, 0.0 ], [ 103.46524147000008, -0.823370558999954, 0.0 ], [ 103.46536720000006, -0.824076678999973, 0.0 ], [ 103.46579950000006, -0.82452565899996, 0.0 ], [ 103.465821360000064, -0.825044408999929, 0.0 ], [ 103.465829240000062, -0.825231428999928, 0.0 ], [ 103.465923553000039, -0.825348143999975, 0.0 ], [ 103.466355450000037, -0.825882628999977, 0.0 ], [ 103.466766930000063, -0.826148548999925, 0.0 ], [ 103.467319690000068, -0.826505778999945, 0.0 ], [ 103.467320071000074, -0.826508596999929, 0.0 ], [ 103.466401071000064, -0.826829461999978, 0.0 ], [ 103.466458768000052, -0.826962886999979, 0.0 ], [ 103.466261757000041, -0.827026955999941, 0.0 ], [ 103.466260016000035, -0.827023348999944, 0.0 ], [ 103.465035703000069, -0.827375594999978, 0.0 ], [ 103.465156550000074, -0.827564518999964, 0.0 ], [ 103.465152340000088, -0.827565908999929, 0.0 ], [ 103.465366660000086, -0.828678268999965, 0.0 ], [ 103.466025830000035, -0.828540948999944, 0.0 ], [ 103.466406550000045, -0.828481458999931, 0.0 ], [ 103.466477930000053, -0.828743198999973, 0.0 ], [ 103.46696847000004, -0.82865008899995, 0.0 ], [ 103.46748615000007, -0.828586368999936, 0.0 ], [ 103.467831290000049, -0.828550188999941, 0.0 ], [ 103.46799604000006, -0.828891108999926, 0.0 ], [ 103.468093858000088, -0.829241993999972, 0.0 ], [ 103.468045828000072, -0.82942210899995, 0.0 ], [ 103.467999512000063, -0.829586784999947, 0.0 ], [ 103.467989220000049, -0.829720584999961, 0.0 ], [ 103.468083566000075, -0.829814929999941, 0.0 ], [ 103.468126450000057, -0.829866391999929, 0.0 ], [ 103.468152212000064, -0.829937491999942, 0.0 ], [ 103.468161276000046, -0.830244578999952, 0.0 ], [ 103.468138154000087, -0.830313516999979, 0.0 ], [ 103.468150098000081, -0.830432954999935, 0.0 ], [ 103.468170688000043, -0.830478813999946, 0.0 ], [ 103.468178865000084, -0.830483778999962, 0.0 ], [ 103.468185155000072, -0.830511037999941, 0.0 ], [ 103.468189418000065, -0.830529508999973, 0.0 ], [ 103.468249218000039, -0.830680767999979, 0.0 ], [ 103.468287912000051, -0.830835543999967, 0.0 ], [ 103.46830198300006, -0.830983285999935, 0.0 ], [ 103.468333641000072, -0.831211932999963, 0.0 ], [ 103.468312536000042, -0.831320980999976, 0.0 ], [ 103.468328646000032, -0.831379223999932, 0.0 ], [ 103.469392279000033, -0.83129344699995, 0.0 ], [ 103.46940346100007, -0.831584379999924, 0.0 ], [ 103.470507258000055, -0.831521046999967, 0.0 ], [ 103.472034484000062, -0.831455460999962, 0.0 ], [ 103.472036265000042, -0.83145538399998, 0.0 ], [ 103.472189755000045, -0.831798047999939, 0.0 ], [ 103.472191750000036, -0.831802448999952, 0.0 ], [ 103.473276920000046, -0.834196628999962, 0.0 ], [ 103.474249460000067, -0.836062410999943, 0.0 ], [ 103.475620400000082, -0.838692508999941, 0.0 ], [ 103.476258485000074, -0.839916645999949, 0.0 ], [ 103.476667440000085, -0.840701208999974, 0.0 ], [ 103.477558511000041, -0.842410697999981, 0.0 ], [ 103.478528, -0.844270628999936, 0.0 ], [ 103.477374600000076, -0.844751518999942, 0.0 ], [ 103.474088441000049, -0.845751272999962, 0.0 ], [ 103.474113825000074, -0.846110987999964, 0.0 ], [ 103.473785340000063, -0.846247938999966, 0.0 ], [ 103.473908270000038, -0.848554785999966, 0.0 ], [ 103.474014900000043, -0.850555748999966, 0.0 ], [ 103.473918290000086, -0.851023208999948, 0.0 ], [ 103.473914066000077, -0.851041176999956, 0.0 ], [ 103.472953050000058, -0.855128698999977, 0.0 ], [ 103.472743697000055, -0.856030248999957, 0.0 ], [ 103.472393010000076, -0.857540438999933, 0.0 ], [ 103.472364870000035, -0.857602908999979, 0.0 ], [ 103.472364900000059, -0.85760291899993, 0.0 ], [ 103.472311840000032, -0.857720708999977, 0.0 ], [ 103.471770820000074, -0.858921668999926, 0.0 ], [ 103.471707380000055, -0.859062498999947, 0.0 ], [ 103.471700320000082, -0.859078178999937, 0.0 ], [ 103.471688730000039, -0.859103898999933, 0.0 ], [ 103.471680290000052, -0.859122648999971, 0.0 ], [ 103.471645830000057, -0.859199128999933, 0.0 ], [ 103.471621810000045, -0.859252448999939, 0.0 ], [ 103.471589640000047, -0.85932387899993, 0.0 ], [ 103.47158961000008, -0.859323948999929, 0.0 ], [ 103.471559610000043, -0.859369198999957, 0.0 ], [ 103.471552240000051, -0.859380338999927, 0.0 ], [ 103.469906550000076, -0.861864628999967, 0.0 ], [ 103.469665830000054, -0.862228028999937, 0.0 ], [ 103.466922630000056, -0.86209423899993, 0.0 ], [ 103.466613130000042, -0.861886528999946, 0.0 ], [ 103.466081200000076, -0.861471138999946, 0.0 ], [ 103.465698880000048, -0.861180192999939, 0.0 ], [ 103.464700140000048, -0.860420148999935, 0.0 ], [ 103.465529399000047, -0.858560007999927, 0.0 ], [ 103.465034951000064, -0.858406178999928, 0.0 ], [ 103.464749673000085, -0.858351550999942, 0.0 ], [ 103.462730846000056, -0.857986213999936, 0.0 ], [ 103.456452213000034, -0.857163284999956, 0.0 ] ] ] ] } },
{ "type": "Feature", "properties": { "fid": 20665.0, "gid": null, "kdprov": "15", "kdkab": "07", "kdkec": "020", "kddesa": "005", "iddesa": "1507020005", "nmprov": "JAMBI", "nmkab": "TANJUNG JABUNG BARAT", "nmkec": "PENGABUAN", "nmdesa": "TELUK NILAU", "luas": null, "sumber": null, "periode": null, "layer": null, "path": null, "idkec": "1507020" }, "geometry": { "type": "MultiPolygon", "coordinates": [ [ [ [ 103.224910327000032, -0.902199328999927, 0.0 ], [ 103.22461061100006, -0.905497662999949, 0.0 ], [ 103.224307040000042, -0.908838428999957, 0.0 ], [ 103.224163040000064, -0.918054328999972, 0.0 ], [ 103.222291060000032, -0.934038148999946, 0.0 ], [ 103.224883030000058, -0.940086078999968, 0.0 ], [ 103.226179010000067, -0.960389858999974, 0.0 ], [ 103.223155050000059, -0.968165768999938, 0.0 ], [ 103.220995070000072, -0.979541648999941, 0.0 ], [ 103.221427070000061, -0.986021578999953, 0.0 ], [ 103.221427070000061, -0.993365498999935, 0.0 ], [ 103.223299050000037, -0.998405438999953, 0.0 ], [ 103.224163040000064, -1.006181358999925, 0.0 ], [ 103.225197760000071, -1.009457988999941, 0.0 ], [ 103.208982580000054, -1.024428498999953, 0.0 ], [ 103.201007320000087, -1.033982338999976, 0.0 ], [ 103.181678200000079, -1.042849128999933, 0.0 ], [ 103.174399636000032, -1.022697856999969, 0.0 ], [ 103.174005588000057, -1.021606904999942, 0.0 ], [ 103.173313570000062, -1.019690998999977, 0.0 ], [ 103.170026547000077, -1.010590639999975, 0.0 ], [ 103.168662876000042, -1.006815219999964, 0.0 ], [ 103.16847566000007, -1.006296898999949, 0.0 ], [ 103.170320648000086, -1.000804193999954, 0.0 ], [ 103.172260830000084, -0.995028088999959, 0.0 ], [ 103.173198930000069, -0.992235228999959, 0.0 ], [ 103.175335690000054, -0.97484260899995, 0.0 ], [ 103.16125586000004, -0.972186388999944, 0.0 ], [ 103.169443640000054, -0.957941888999926, 0.0 ], [ 103.173619590000044, -0.950885968999955, 0.0 ], [ 103.177363550000052, -0.937350108999965, 0.0 ], [ 103.181107510000061, -0.921078288999979, 0.0 ], [ 103.187664870000049, -0.89393946499996, 0.0 ], [ 103.187705740000069, -0.893770318999941, 0.0 ], [ 103.187713663000068, -0.893735143999947, 0.0 ], [ 103.188359220000052, -0.890868908999948, 0.0 ], [ 103.190672980000045, -0.880595968999955, 0.0 ], [ 103.19299724800004, -0.871044585999925, 0.0 ], [ 103.193724400000065, -0.86805641899997, 0.0 ], [ 103.194696630000067, -0.861228988999926, 0.0 ], [ 103.197522391000064, -0.854295562999937, 0.0 ], [ 103.199375490000079, -0.849748708999925, 0.0 ], [ 103.199569840000038, -0.849271858999941, 0.0 ], [ 103.203720345000079, -0.839311026999951, 0.0 ], [ 103.204246497000042, -0.838104993999934, 0.0 ], [ 103.204698995000058, -0.83707988599997, 0.0 ], [ 103.206621425000037, -0.834267188999945, 0.0 ], [ 103.208111236000036, -0.832695464999972, 0.0 ], [ 103.208127431000037, -0.832674654999948, 0.0 ], [ 103.210938487000078, -0.836954312999978, 0.0 ], [ 103.211202280000066, -0.837351678999937, 0.0 ], [ 103.211211780000042, -0.837365988999977, 0.0 ], [ 103.211767423000083, -0.839399233999927, 0.0 ], [ 103.212081700000056, -0.840549258999943, 0.0 ], [ 103.212336, -0.841479810999942, 0.0 ], [ 103.212547560000075, -0.842253968999955, 0.0 ], [ 103.212638844000082, -0.842419548999942, 0.0 ], [ 103.213402406000057, -0.843804568999929, 0.0 ], [ 103.214067490000048, -0.845010958999978, 0.0 ], [ 103.214103322000085, -0.84503669299994, 0.0 ], [ 103.214975800000047, -0.845663298999966, 0.0 ], [ 103.215440287000035, -0.845996895999974, 0.0 ], [ 103.215738596000051, -0.846211142999948, 0.0 ], [ 103.216558741000085, -0.846800175999931, 0.0 ], [ 103.216773453000087, -0.846954585999924, 0.0 ], [ 103.217497485000081, -0.847474372999955, 0.0 ], [ 103.217666, -0.847595398999943, 0.0 ], [ 103.219405220000056, -0.848844508999946, 0.0 ], [ 103.219487134000076, -0.848888644999931, 0.0 ], [ 103.221999283000059, -0.850242212999945, 0.0 ], [ 103.222442810000075, -0.850481188999936, 0.0 ], [ 103.226233730000047, -0.850936708999939, 0.0 ], [ 103.226246719000073, -0.850936787999956, 0.0 ], [ 103.227272516000085, -0.850943054999959, 0.0 ], [ 103.229505063000033, -0.850956694999979, 0.0 ], [ 103.232469627000057, -0.850945703999969, 0.0 ], [ 103.233799310000052, -0.850812281999936, 0.0 ], [ 103.239477960000045, -0.850224108999953, 0.0 ], [ 103.239528930000063, -0.850220978999971, 0.0 ], [ 103.238027400000078, -0.856232858999931, 0.0 ], [ 103.236087830000088, -0.859576318999927, 0.0 ], [ 103.235180352000043, -0.862312556999939, 0.0 ], [ 103.233453980000036, -0.867517928999973, 0.0 ], [ 103.233311053000079, -0.867830678999951, 0.0 ], [ 103.231098250000059, -0.872672688999955, 0.0 ], [ 103.230924771000048, -0.873456758999964, 0.0 ], [ 103.229649771000084, -0.879219343999978, 0.0 ], [ 103.230622499000049, -0.87958393599996, 0.0 ], [ 103.228878630000054, -0.882704658999955, 0.0 ], [ 103.219627263000064, -0.902648424999938, 0.0 ], [ 103.224910327000032, -0.902199328999927, 0.0 ] ] ] ] } },
{ "type": "Feature", "properties": { "fid": 21255.0, "gid": null, "kdprov": "15", "kdkab": "07", "kdkec": "030", "kddesa": "014", "iddesa": "1507030014", "nmprov": "JAMBI", "nmkab": "TANJUNG JABUNG BARAT", "nmkec": "TUNGKAL ILIR", "nmdesa": "TELUK SIALANG", "luas": null, "sumber": null, "periode": null, "layer": null, "path": null, "idkec": "1507030" }, "geometry": { "type": "MultiPolygon", "coordinates": [ [ [ [ 103.445648377000055, -0.891194092999967, 0.0 ], [ 103.44514821000007, -0.891448578999928, 0.0 ], [ 103.444987410000067, -0.891530388999968, 0.0 ], [ 103.444965723000053, -0.891561296999953, 0.0 ], [ 103.444476866000059, -0.892258010999967, 0.0 ], [ 103.444058980000079, -0.892853578999961, 0.0 ], [ 103.444046090000086, -0.893817148999972, 0.0 ], [ 103.443377680000083, -0.896035238999957, 0.0 ], [ 103.443300050000062, -0.896292828999947, 0.0 ], [ 103.442467210000075, -0.89734821899998, 0.0 ], [ 103.441246393000085, -0.898264161999975, 0.0 ], [ 103.441171570000051, -0.898320298999977, 0.0 ], [ 103.44012328000008, -0.899106798999981, 0.0 ], [ 103.437650530000042, -0.900404478999974, 0.0 ], [ 103.435652770000047, -0.900462268999945, 0.0 ], [ 103.435444960000041, -0.90018073899995, 0.0 ], [ 103.435383711000043, -0.900097765999931, 0.0 ], [ 103.435352740000042, -0.90005580899998, 0.0 ], [ 103.435054640000033, -0.899651968999933, 0.0 ], [ 103.434916530000066, -0.899464848999969, 0.0 ], [ 103.434759530000065, -0.896737438999935, 0.0 ], [ 103.434256370000071, -0.895723368999938, 0.0 ], [ 103.43325806100006, -0.894525646999966, 0.0 ], [ 103.432950290000065, -0.894156398999939, 0.0 ], [ 103.43295229000006, -0.894154378999929, 0.0 ], [ 103.432973320000087, -0.894133008999972, 0.0 ], [ 103.433036950000087, -0.894068368999967, 0.0 ], [ 103.433038470000042, -0.894066828999939, 0.0 ], [ 103.433038850000059, -0.894066418999955, 0.0 ], [ 103.433043790000056, -0.894061108999949, 0.0 ], [ 103.434191040000087, -0.892827748999935, 0.0 ], [ 103.434947160000036, -0.89201487899993, 0.0 ], [ 103.433988841000087, -0.888652502999946, 0.0 ], [ 103.433649590000073, -0.88746219899997, 0.0 ], [ 103.433258570000078, -0.886476968999943, 0.0 ], [ 103.431884160000038, -0.883013968999933, 0.0 ], [ 103.430786100000034, -0.880339558999935, 0.0 ], [ 103.430014860000085, -0.878461208999965, 0.0 ], [ 103.429940126000076, -0.878299178999953, 0.0 ], [ 103.428513850000058, -0.875206898999977, 0.0 ], [ 103.431140360000086, -0.873464638999963, 0.0 ], [ 103.431310883000037, -0.873351523999929, 0.0 ], [ 103.432063780000078, -0.872852095999974, 0.0 ], [ 103.434012350000046, -0.871559528999967, 0.0 ], [ 103.435867610000059, -0.870669088999932, 0.0 ], [ 103.438359260000084, -0.869473188999962, 0.0 ], [ 103.43836132000007, -0.869472198999972, 0.0 ], [ 103.438418570000067, -0.86943544899998, 0.0 ], [ 103.437053894000087, -0.866716036999946, 0.0 ], [ 103.438768071000084, -0.863438876999965, 0.0 ], [ 103.444588370000076, -0.864461068999958, 0.0 ], [ 103.446241110000074, -0.861674708999942, 0.0 ], [ 103.454914070000086, -0.861992928999939, 0.0 ], [ 103.45464695000004, -0.865716948999932, 0.0 ], [ 103.453438630000051, -0.869742218999932, 0.0 ], [ 103.453782610000076, -0.871685828999944, 0.0 ], [ 103.453782910000086, -0.871687248999933, 0.0 ], [ 103.453792422000049, -0.871719516999974, 0.0 ], [ 103.454191, -0.873071608999965, 0.0 ], [ 103.45408658000008, -0.873116598999957, 0.0 ], [ 103.454086380000035, -0.873116688999971, 0.0 ], [ 103.45408524000004, -0.873117178999962, 0.0 ], [ 103.452098740000054, -0.874566148999975, 0.0 ], [ 103.451074830000039, -0.875914118999958, 0.0 ], [ 103.45103116000007, -0.876591558999962, 0.0 ], [ 103.450977049000073, -0.877431032999937, 0.0 ], [ 103.450969560000033, -0.87754721899995, 0.0 ], [ 103.451123920000043, -0.87785718899994, 0.0 ], [ 103.451182330000051, -0.877974478999931, 0.0 ], [ 103.451307670000062, -0.878227068999934, 0.0 ], [ 103.451463150000052, -0.878540428999941, 0.0 ], [ 103.452631180000083, -0.879073438999967, 0.0 ], [ 103.452643150000085, -0.879078898999978, 0.0 ], [ 103.452726270000085, -0.879116918999955, 0.0 ], [ 103.452726260000077, -0.879116818999933, 0.0 ], [ 103.453316920000077, -0.879386358999966, 0.0 ], [ 103.453331320000075, -0.879392928999948, 0.0 ], [ 103.45333351000005, -0.879394718999947, 0.0 ], [ 103.453335250000066, -0.879395518999956, 0.0 ], [ 103.453378910000083, -0.879431328999942, 0.0 ], [ 103.453636800000083, -0.879642868999952, 0.0 ], [ 103.453700180000055, -0.879694868999934, 0.0 ], [ 103.455023650000044, -0.880780508999976, 0.0 ], [ 103.455678990000081, -0.881964058999927, 0.0 ], [ 103.455760450000071, -0.882111168999927, 0.0 ], [ 103.456390420000048, -0.883248898999966, 0.0 ], [ 103.456396630000086, -0.883260118999942, 0.0 ], [ 103.456396730000051, -0.883262098999978, 0.0 ], [ 103.456396870000049, -0.883262348999949, 0.0 ], [ 103.456399860000033, -0.883322958999941, 0.0 ], [ 103.456402550000064, -0.88337742899995, 0.0 ], [ 103.456408100000033, -0.883489818999976, 0.0 ], [ 103.456408660000079, -0.883501138999975, 0.0 ], [ 103.456475070000067, -0.88483126899996, 0.0 ], [ 103.456476834000057, -0.884866582999962, 0.0 ], [ 103.456461476000072, -0.884859878999976, 0.0 ], [ 103.456484352000075, -0.885017152999978, 0.0 ], [ 103.456496240000035, -0.885255238999946, 0.0 ], [ 103.456413490000045, -0.885900128999936, 0.0 ], [ 103.456384580000076, -0.886125448999962, 0.0 ], [ 103.456383091000077, -0.886137056999928, 0.0 ], [ 103.456383087000063, -0.886137083999927, 0.0 ], [ 103.456356408000033, -0.886322846999974, 0.0 ], [ 103.456139200000052, -0.886768908999954, 0.0 ], [ 103.456040830000063, -0.88697093899998, 0.0 ], [ 103.455787990000033, -0.88749017899994, 0.0 ], [ 103.454712350000079, -0.889263408999966, 0.0 ], [ 103.454712330000064, -0.889263458999949, 0.0 ], [ 103.454235810000057, -0.890030208999974, 0.0 ], [ 103.453051540000047, -0.891255548999936, 0.0 ], [ 103.45153251000005, -0.891134998999974, 0.0 ], [ 103.449548270000037, -0.890363788999935, 0.0 ], [ 103.448990593000076, -0.890402284999936, 0.0 ], [ 103.448251870000036, -0.890453278999928, 0.0 ], [ 103.446924270000068, -0.890544918999979, 0.0 ], [ 103.446355810000057, -0.890834148999943, 0.0 ], [ 103.445648377000055, -0.891194092999967, 0.0 ] ] ] ] } },
{ "type": "Feature", "properties": { "fid": 21238.0, "gid": null, "kdprov": "15", "kdkab": "07", "kdkec": "030", "kddesa": "015", "iddesa": "1507030015", "nmprov": "JAMBI", "nmkab": "TANJUNG JABUNG BARAT", "nmkec": "TUNGKAL ILIR", "nmdesa": "SUNGAI NIBUNG", "luas": null, "sumber": null, "periode": null, "layer": null, "path": null, "idkec": "1507030" }, "geometry": { "type": "MultiPolygon", "coordinates": [ [ [ [ 103.435215300000038, -0.859671318999972, 0.0 ], [ 103.441702390000046, -0.845810818999951, 0.0 ], [ 103.44172177300004, -0.84578692599996, 0.0 ], [ 103.442294860000061, -0.845080498999948, 0.0 ], [ 103.442049359000066, -0.843325790999927, 0.0 ], [ 103.442026228000088, -0.843160461999958, 0.0 ], [ 103.441971640000077, -0.842770298999937, 0.0 ], [ 103.441950870000085, -0.842736080999941, 0.0 ], [ 103.441253610000047, -0.841587338999943, 0.0 ], [ 103.441194490000044, -0.841354910999939, 0.0 ], [ 103.441515167000034, -0.841200986999979, 0.0 ], [ 103.440858888000037, -0.839232147999951, 0.0 ], [ 103.440658881000047, -0.83924916999996, 0.0 ], [ 103.440657829000088, -0.839245035999966, 0.0 ], [ 103.440512743000056, -0.839235363999933, 0.0 ], [ 103.440368825000064, -0.839225769999928, 0.0 ], [ 103.440338171000064, -0.839072500999976, 0.0 ], [ 103.440134476000082, -0.839086384999973, 0.0 ], [ 103.439640332000067, -0.839278552999929, 0.0 ], [ 103.439629899000067, -0.839282609999941, 0.0 ], [ 103.439014126000075, -0.839443657999936, 0.0 ], [ 103.438673083000083, -0.839462604999937, 0.0 ], [ 103.438066785000046, -0.83945313199996, 0.0 ], [ 103.437019168000063, -0.839435223999942, 0.0 ], [ 103.437008801000047, -0.839435046999938, 0.0 ], [ 103.437007043000051, -0.839435016999971, 0.0 ], [ 103.436958395000033, -0.839434184999959, 0.0 ], [ 103.436957978000066, -0.839446696999971, 0.0 ], [ 103.436949257000038, -0.839708332999976, 0.0 ], [ 103.436948921000067, -0.839718386999948, 0.0 ], [ 103.435527909000086, -0.839396290999957, 0.0 ], [ 103.435490015000084, -0.838695257999973, 0.0 ], [ 103.435429354000064, -0.835904871999958, 0.0 ], [ 103.432516300000032, -0.835767344999965, 0.0 ], [ 103.432500572000038, -0.83364404699995, 0.0 ], [ 103.432134896000036, -0.833609220999961, 0.0 ], [ 103.431690972000069, -0.833566941999948, 0.0 ], [ 103.43150969900006, -0.83354967799994, 0.0 ], [ 103.431651252000051, -0.832731814999931, 0.0 ], [ 103.431210865000082, -0.83213414599993, 0.0 ], [ 103.431070522000084, -0.831338868999978, 0.0 ], [ 103.430874340000059, -0.831317088999924, 0.0 ], [ 103.430331820000049, -0.831030748999979, 0.0 ], [ 103.429975130000059, -0.830842488999963, 0.0 ], [ 103.429204710000079, -0.829635048999933, 0.0 ], [ 103.427965940000036, -0.824646518999941, 0.0 ], [ 103.431650023000088, -0.823834148999936, 0.0 ], [ 103.436466950000067, -0.822770238999965, 0.0 ], [ 103.440454930000044, -0.820449758999928, 0.0 ], [ 103.443996990000073, -0.818388678999952, 0.0 ], [ 103.444440690000079, -0.818130488999941, 0.0 ], [ 103.444685960000072, -0.817987768999956, 0.0 ], [ 103.444764454000051, -0.817942093999932, 0.0 ], [ 103.44485244100008, -0.817890894999948, 0.0 ], [ 103.445366450000051, -0.817591798999956, 0.0 ], [ 103.447671120000052, -0.81621926899993, 0.0 ], [ 103.450468690000037, -0.819481448999966, 0.0 ], [ 103.451542910000057, -0.820211178999955, 0.0 ], [ 103.452440180000053, -0.821140842999966, 0.0 ], [ 103.452469170000086, -0.821170878999965, 0.0 ], [ 103.452786599000035, -0.821509611999943, 0.0 ], [ 103.452904516000046, -0.821635442999934, 0.0 ], [ 103.452956560000075, -0.821690978999925, 0.0 ], [ 103.453145376000066, -0.821888628999943, 0.0 ], [ 103.453783102000045, -0.822556188999954, 0.0 ], [ 103.453849610000077, -0.822625808999931, 0.0 ], [ 103.454140510000059, -0.822930318999965, 0.0 ], [ 103.45529046200005, -0.823718836999944, 0.0 ], [ 103.455317110000067, -0.823737108999978, 0.0 ], [ 103.456119270000045, -0.824282558999926, 0.0 ], [ 103.456259610000075, -0.824607928999967, 0.0 ], [ 103.456368007000037, -0.824671318999947, 0.0 ], [ 103.456435620000036, -0.824710858999936, 0.0 ], [ 103.457720220000056, -0.825462028999937, 0.0 ], [ 103.458156320000057, -0.825667438999972, 0.0 ], [ 103.458351100000073, -0.825773478999963, 0.0 ], [ 103.458490920000088, -0.825826518999975, 0.0 ], [ 103.458582030000059, -0.825845528999935, 0.0 ], [ 103.458683350000058, -0.82589854899993, 0.0 ], [ 103.458785724000052, -0.825913122999964, 0.0 ], [ 103.459112250000032, -0.825959608999938, 0.0 ], [ 103.459250620000034, -0.826052878999974, 0.0 ], [ 103.459331030000044, -0.826181288999976, 0.0 ], [ 103.459571890000063, -0.826348588999963, 0.0 ], [ 103.45957541000007, -0.826351028999966, 0.0 ], [ 103.458630067000058, -0.828624718999947, 0.0 ], [ 103.458942180000065, -0.82875766899997, 0.0 ], [ 103.458647850000034, -0.829523868999956, 0.0 ], [ 103.45859143000007, -0.829615068999942, 0.0 ], [ 103.458555520000061, -0.829651938999973, 0.0 ], [ 103.458301310000081, -0.829912968999963, 0.0 ], [ 103.457789580000053, -0.830387148999932, 0.0 ], [ 103.457769430000042, -0.830429718999937, 0.0 ], [ 103.457454090000056, -0.830777018999925, 0.0 ], [ 103.457408780000037, -0.830826918999946, 0.0 ], [ 103.456964480000067, -0.831405968999945, 0.0 ], [ 103.456673020000039, -0.831788118999953, 0.0 ], [ 103.45623205000004, -0.832434528999954, 0.0 ], [ 103.45618778000005, -0.83249941899993, 0.0 ], [ 103.456183750000037, -0.832505338999965, 0.0 ], [ 103.455517520000058, -0.83388537899998, 0.0 ], [ 103.455304770000055, -0.834549738999954, 0.0 ], [ 103.455217330000039, -0.834822758999962, 0.0 ], [ 103.454658116000076, -0.835531273999948, 0.0 ], [ 103.453932420000058, -0.83645071899997, 0.0 ], [ 103.453932320000035, -0.836450838999951, 0.0 ], [ 103.453931330000046, -0.836452088999977, 0.0 ], [ 103.453926740000043, -0.836457908999932, 0.0 ], [ 103.453882940000085, -0.836601618999964, 0.0 ], [ 103.453582936000032, -0.837585971999943, 0.0 ], [ 103.453169, -0.838944148999929, 0.0 ], [ 103.451054844000055, -0.845880740999974, 0.0 ], [ 103.450262285000065, -0.848481144999937, 0.0 ], [ 103.446241110000074, -0.861674708999942, 0.0 ], [ 103.444588370000076, -0.864461068999958, 0.0 ], [ 103.438768071000084, -0.863438876999965, 0.0 ], [ 103.437053894000087, -0.866716036999946, 0.0 ], [ 103.434794347000036, -0.86214300599994, 0.0 ], [ 103.435215300000038, -0.859671318999972, 0.0 ] ] ] ] } },
{ "type": "Feature", "properties": { "fid": 21699.0, "gid": null, "kdprov": "15", "kdkab": "07", "kdkec": "010", "kddesa": "038", "iddesa": "1507010038", "nmprov": "JAMBI", "nmkab": "TANJUNG JABUNG BARAT", "nmkec": "TUNGKAL ULU", "nmdesa": "GEMURUH", "luas": null, "sumber": null, "periode": null, "layer": null, "path": null, "idkec": "1507010" }, "geometry": { "type": "MultiPolygon", "coordinates": [ [ [ [ 103.05108763700008, -1.12785835699998, 0.0 ], [ 103.051977070000078, -1.125986138999963, 0.0 ], [ 103.052348737000045, -1.125502267999934, 0.0 ], [ 103.054384174000063, -1.122852347999981, 0.0 ], [ 103.055136115000039, -1.121641918999956, 0.0 ], [ 103.055728392000049, -1.120577516999958, 0.0 ], [ 103.055607501000054, -1.119884519999971, 0.0 ], [ 103.055615665000062, -1.119875037999975, 0.0 ], [ 103.056038805000071, -1.119383552999977, 0.0 ], [ 103.057298531000072, -1.117920358999925, 0.0 ], [ 103.060262495000075, -1.114473781999948, 0.0 ], [ 103.061909170000035, -1.112565018999931, 0.0 ], [ 103.06195641000005, -1.112510148999945, 0.0 ], [ 103.066046120000067, -1.115485238999952, 0.0 ], [ 103.069680930000061, -1.116007498999977, 0.0 ], [ 103.071056680000083, -1.117146178999974, 0.0 ], [ 103.068685770000059, -1.119195788999946, 0.0 ], [ 103.067489600000044, -1.118479468999965, 0.0 ], [ 103.066891610000084, -1.120157248999931, 0.0 ], [ 103.066910710000059, -1.120498488999942, 0.0 ], [ 103.067023990000052, -1.122522345999926, 0.0 ], [ 103.067045229000087, -1.122901899999931, 0.0 ], [ 103.067060010000034, -1.123165868999934, 0.0 ], [ 103.069136870000079, -1.121158248999961, 0.0 ], [ 103.069915480000077, -1.122965038999951, 0.0 ], [ 103.071858830000053, -1.122513158999936, 0.0 ], [ 103.073245490000033, -1.12181746899995, 0.0 ], [ 103.07519767000008, -1.123200868999959, 0.0 ], [ 103.07522318000008, -1.123218988999952, 0.0 ], [ 103.075617068000042, -1.132377085999963, 0.0 ], [ 103.071179560000076, -1.138257968999937, 0.0 ], [ 103.071166551000033, -1.138273395999931, 0.0 ], [ 103.066334531000052, -1.140075356999944, 0.0 ], [ 103.063513633000071, -1.140478842999926, 0.0 ], [ 103.062703, -1.138490308999963, 0.0 ], [ 103.060373358000049, -1.139719637999974, 0.0 ], [ 103.053607530000079, -1.143289898999967, 0.0 ], [ 103.042781020000064, -1.143812148999928, 0.0 ], [ 103.043675630000052, -1.142679448999957, 0.0 ], [ 103.05022729600006, -1.129504749999967, 0.0 ], [ 103.05108763700008, -1.12785835699998, 0.0 ] ] ] ] } },
{ "type": "Feature", "properties": { "fid": 21750.0, "gid": null, "kdprov": "15", "kdkab": "07", "kdkec": "010", "kddesa": "039", "iddesa": "1507010039", "nmprov": "JAMBI", "nmkab": "TANJUNG JABUNG BARAT", "nmkec": "TUNGKAL ULU", "nmdesa": "PEMATANG TEMBESU", "luas": null, "sumber": null, "periode": null, "layer": null, "path": null, "idkec": "1507010" }, "geometry": { "type": "MultiPolygon", "coordinates": [ [ [ [ 103.019243920000065, -1.105767888999935, 0.0 ], [ 103.012318750000077, -1.107706238999924, 0.0 ], [ 103.006124800000066, -1.113395578999928, 0.0 ], [ 103.005056880000041, -1.114361678999956, 0.0 ], [ 103.004201660000035, -1.116455888999951, 0.0 ], [ 103.001209360000075, -1.122308498999928, 0.0 ], [ 102.998194860000069, -1.125197128999957, 0.0 ], [ 102.995186980000085, -1.121880928999929, 0.0 ], [ 102.990597430000037, -1.102411528999937, 0.0 ], [ 102.990789681000081, -1.101526141999955, 0.0 ], [ 103.000378721000061, -1.100548914999933, 0.0 ], [ 103.00176100200008, -1.099239384999976, 0.0 ], [ 103.004199716000073, -1.094158731999926, 0.0 ], [ 103.00590784700006, -1.09060012599997, 0.0 ], [ 103.007489972000087, -1.088975810999955, 0.0 ], [ 103.007519310000077, -1.088945690999935, 0.0 ], [ 103.008653281000079, -1.087781479999933, 0.0 ], [ 103.011748061000048, -1.084604172999946, 0.0 ], [ 103.014092408000067, -1.08219730899998, 0.0 ], [ 103.014093700000046, -1.082188728999938, 0.0 ], [ 103.016929723000032, -1.063354629999935, 0.0 ], [ 103.016906710000058, -1.063339551999945, 0.0 ], [ 103.019091445000072, -1.06116411499994, 0.0 ], [ 103.022568980000074, -1.05770137899998, 0.0 ], [ 103.02072387000004, -1.051519528999961, 0.0 ], [ 103.019803720000084, -1.048436678999963, 0.0 ], [ 103.019939300000033, -1.048284838999962, 0.0 ], [ 103.020141220000085, -1.048452428999951, 0.0 ], [ 103.020473430000038, -1.049289958999964, 0.0 ], [ 103.02105578000004, -1.049206598999945, 0.0 ], [ 103.021436530000074, -1.048453258999928, 0.0 ], [ 103.02147283000005, -1.047412618999942, 0.0 ], [ 103.020559150000054, -1.045246978999955, 0.0 ], [ 103.020726, -1.044493498999941, 0.0 ], [ 103.021356380000043, -1.043608738999978, 0.0 ], [ 103.021926970000038, -1.043322018999959, 0.0 ], [ 103.022556800000075, -1.043322418999935, 0.0 ], [ 103.023008220000065, -1.043573898999966, 0.0 ], [ 103.022841080000035, -1.04479387899994, 0.0 ], [ 103.024031770000079, -1.045404288999976, 0.0 ], [ 103.025411730000087, -1.045276078999962, 0.0 ], [ 103.030500130000064, -1.049348668999926, 0.0 ], [ 103.034865600000046, -1.048841568999933, 0.0 ], [ 103.041643090000036, -1.048054268999977, 0.0 ], [ 103.043613840000035, -1.048733038999956, 0.0 ], [ 103.041993520000062, -1.050198588999933, 0.0 ], [ 103.040932040000087, -1.052376078999941, 0.0 ], [ 103.039486780000061, -1.055340848999947, 0.0 ], [ 103.038042010000083, -1.054456648999974, 0.0 ], [ 103.037075360000074, -1.057700998999962, 0.0 ], [ 103.035431150000079, -1.060975708999933, 0.0 ], [ 103.034990250000078, -1.064352678999967, 0.0 ], [ 103.032240680000086, -1.065059218999977, 0.0 ], [ 103.029409100000066, -1.065786818999925, 0.0 ], [ 103.030471300000045, -1.067960838999966, 0.0 ], [ 103.034290940000062, -1.068223088999957, 0.0 ], [ 103.036185970000076, -1.069480558999942, 0.0 ], [ 103.037807020000059, -1.070556218999968, 0.0 ], [ 103.038516960000038, -1.070556668999927, 0.0 ], [ 103.037750890000041, -1.065913188999957, 0.0 ], [ 103.039558950000071, -1.063706138999976, 0.0 ], [ 103.041338320000079, -1.066071368999928, 0.0 ], [ 103.042807120000077, -1.069787308999935, 0.0 ], [ 103.042210540000042, -1.074437178999972, 0.0 ], [ 103.044685550000054, -1.078725318999943, 0.0 ], [ 103.046465840000053, -1.079635738999968, 0.0 ], [ 103.050108260000059, -1.077591068999936, 0.0 ], [ 103.051991140000041, -1.078020078999941, 0.0 ], [ 103.053824950000035, -1.078437908999945, 0.0 ], [ 103.056144980000056, -1.078966518999948, 0.0 ], [ 103.05387144000008, -1.082524208999928, 0.0 ], [ 103.051523020000047, -1.082081048999953, 0.0 ], [ 103.04986271000007, -1.084091158999968, 0.0 ], [ 103.050457760000086, -1.086166548999927, 0.0 ], [ 103.049274510000032, -1.086165788999949, 0.0 ], [ 103.047381310000048, -1.086164548999932, 0.0 ], [ 103.046907630000078, -1.086759748999953, 0.0 ], [ 103.047143820000088, -1.087474508999946, 0.0 ], [ 103.049299750000046, -1.087717088999966, 0.0 ], [ 103.049426330000074, -1.091562078999971, 0.0 ], [ 103.051489500000059, -1.09408340899995, 0.0 ], [ 103.050869590000048, -1.094810418999941, 0.0 ], [ 103.047993720000079, -1.095515148999937, 0.0 ], [ 103.044130310000071, -1.097414498999967, 0.0 ], [ 103.04487615000005, -1.099348688999953, 0.0 ], [ 103.043947740000078, -1.100415258999931, 0.0 ], [ 103.043933967000044, -1.100421998999934, 0.0 ], [ 103.040640550000035, -1.102033786999925, 0.0 ], [ 103.040327968000042, -1.102186762999963, 0.0 ], [ 103.04020127800004, -1.102248764999956, 0.0 ], [ 103.039110580000056, -1.102782548999926, 0.0 ], [ 103.038011479000033, -1.10484079899993, 0.0 ], [ 103.038006019000079, -1.10485102399997, 0.0 ], [ 103.038993476000087, -1.105105830999946, 0.0 ], [ 103.039304861000062, -1.105364214999952, 0.0 ], [ 103.038045971000088, -1.107625733999953, 0.0 ], [ 103.037631390000058, -1.107586866999952, 0.0 ], [ 103.037357211000085, -1.107565775999944, 0.0 ], [ 103.03686685100007, -1.107660684999928, 0.0 ], [ 103.036629771000037, -1.107457472999954, 0.0 ], [ 103.034934704000079, -1.107533829999966, 0.0 ], [ 103.033023910000054, -1.107612718999974, 0.0 ], [ 103.03062944900006, -1.107239082999968, 0.0 ], [ 103.029934990000072, -1.10713071899994, 0.0 ], [ 103.027544802000079, -1.106465318999938, 0.0 ], [ 103.024890741000036, -1.105726458999925, 0.0 ], [ 103.024700430000053, -1.105673478999961, 0.0 ], [ 103.019243920000065, -1.105767888999935, 0.0 ] ] ] ] } },
{ "type": "Feature", "properties": { "fid": 21686.0, "gid": null, "kdprov": "15", "kdkab": "07", "kdkec": "010", "kddesa": "036", "iddesa": "1507010036", "nmprov": "JAMBI", "nmkab": "TANJUNG JABUNG BARAT", "nmkec": "TUNGKAL ULU", "nmdesa": "BRASAU", "luas": null, "sumber": null, "periode": null, "layer": null, "path": null, "idkec": "1507010" }, "geometry": { "type": "MultiPolygon", "coordinates": [ [ [ [ 103.08331125400008, -1.078709056999969, 0.0 ], [ 103.083179437000069, -1.080206497999939, 0.0 ], [ 103.082101593000061, -1.080084122999949, 0.0 ], [ 103.078349662000051, -1.079658139999935, 0.0 ], [ 103.077379489000066, -1.079847955999981, 0.0 ], [ 103.077274035000073, -1.08117667099998, 0.0 ], [ 103.072421906000045, -1.078127823999978, 0.0 ], [ 103.068543780000084, -1.078173358999948, 0.0 ], [ 103.068539327000053, -1.071739143999935, 0.0 ], [ 103.068536690000087, -1.067928501999972, 0.0 ], [ 103.068536650000055, -1.067871388999947, 0.0 ], [ 103.068536640000048, -1.067851248999943, 0.0 ], [ 103.065425140000059, -1.067851168999937, 0.0 ], [ 103.065425840000046, -1.066727808999929, 0.0 ], [ 103.065427344000057, -1.065628482999955, 0.0 ], [ 103.068924326000058, -1.065832685999965, 0.0 ], [ 103.069032243000038, -1.060724619999974, 0.0 ], [ 103.06985960600008, -1.060113090999948, 0.0 ], [ 103.070507107000083, -1.057631001999937, 0.0 ], [ 103.070412274000034, -1.054469887999971, 0.0 ], [ 103.072812119000048, -1.054469887999971, 0.0 ], [ 103.07347704700004, -1.054469887999971, 0.0 ], [ 103.073458387000073, -1.057172199999968, 0.0 ], [ 103.073457702000042, -1.057271331999971, 0.0 ], [ 103.073482330000047, -1.057272316999956, 0.0 ], [ 103.077356747000067, -1.057427293999979, 0.0 ], [ 103.081283430000042, -1.056056248999937, 0.0 ], [ 103.081450087000064, -1.055998054999975, 0.0 ], [ 103.081532410000079, -1.055969308999977, 0.0 ], [ 103.089526042000045, -1.058044891999941, 0.0 ], [ 103.093816230000073, -1.059158858999979, 0.0 ], [ 103.09586175000004, -1.062016278999977, 0.0 ], [ 103.095857960000046, -1.062018388999945, 0.0 ], [ 103.096056600000054, -1.062292618999948, 0.0 ], [ 103.098037711000075, -1.065027703999931, 0.0 ], [ 103.103359640000065, -1.072375058999967, 0.0 ], [ 103.103364749000036, -1.072420188999956, 0.0 ], [ 103.103951550000033, -1.077603408999948, 0.0 ], [ 103.095375146000038, -1.076789801999951, 0.0 ], [ 103.095297122000034, -1.076793681999959, 0.0 ], [ 103.08805403000008, -1.077153906999968, 0.0 ], [ 103.084152366000069, -1.077347949999933, 0.0 ], [ 103.083501071000057, -1.077380341999969, 0.0 ], [ 103.083416059000058, -1.077975426999956, 0.0 ], [ 103.08331125400008, -1.078709056999969, 0.0 ] ] ] ] } },
{ "type": "Feature", "properties": { "fid": 21677.0, "gid": null, "kdprov": "15", "kdkab": "07", "kdkec": "010", "kddesa": "037", "iddesa": "1507010037", "nmprov": "JAMBI", "nmkab": "TANJUNG JABUNG BARAT", "nmkec": "TUNGKAL ULU", "nmdesa": "BADANG SEPAKAT", "luas": null, "sumber": null, "periode": null, "layer": null, "path": null, "idkec": "1507010" }, "geometry": { "type": "MultiPolygon", "coordinates": [ [ [ [ 103.031399630000067, -1.210964918999935, 0.0 ], [ 103.017711700000064, -1.206005258999937, 0.0 ], [ 103.019531830000062, -1.20228058899994, 0.0 ], [ 103.020810920000088, -1.199663078999947, 0.0 ], [ 103.021800594000069, -1.198160209999969, 0.0 ], [ 103.021827890000054, -1.198118758999954, 0.0 ], [ 103.023813760000053, -1.195103088999929, 0.0 ], [ 103.026186130000042, -1.191372758999933, 0.0 ], [ 103.029498930000045, -1.191907968999942, 0.0 ], [ 103.029556300000081, -1.19191761899998, 0.0 ], [ 103.034040970000035, -1.191923238999948, 0.0 ], [ 103.039914110000041, -1.192912808999949, 0.0 ], [ 103.040971995000064, -1.19316495299995, 0.0 ], [ 103.041323006000084, -1.193248614999959, 0.0 ], [ 103.043645750000053, -1.193802233999975, 0.0 ], [ 103.043665660000045, -1.19380697899993, 0.0 ], [ 103.045518334000064, -1.194248564999953, 0.0 ], [ 103.049065690000077, -1.195094078999944, 0.0 ], [ 103.051230540000063, -1.195610038999973, 0.0 ], [ 103.051552430000072, -1.195629328999928, 0.0 ], [ 103.056887290000077, -1.195949008999946, 0.0 ], [ 103.058685880000041, -1.196803708999937, 0.0 ], [ 103.058734, -1.196826575999978, 0.0 ], [ 103.059011490000046, -1.196958438999957, 0.0 ], [ 103.061024030000056, -1.197916588999931, 0.0 ], [ 103.061225840000077, -1.198166238999931, 0.0 ], [ 103.061255514000038, -1.19820294699997, 0.0 ], [ 103.062408750000088, -1.199629568999967, 0.0 ], [ 103.064148850000038, -1.201782148999939, 0.0 ], [ 103.064452780000067, -1.201926288999971, 0.0 ], [ 103.064294906000043, -1.202053657999954, 0.0 ], [ 103.062693714000034, -1.203357896999933, 0.0 ], [ 103.060633457000051, -1.205007640999952, 0.0 ], [ 103.058967893000045, -1.203565046999927, 0.0 ], [ 103.054661723000038, -1.203387893999945, 0.0 ], [ 103.050136158000043, -1.204882827999938, 0.0 ], [ 103.049208518000057, -1.204386333999935, 0.0 ], [ 103.042491799000061, -1.206023072999926, 0.0 ], [ 103.042129382000041, -1.20732093099997, 0.0 ], [ 103.042454425000074, -1.207299194999962, 0.0 ], [ 103.040723205000063, -1.21173052599994, 0.0 ], [ 103.035354678000033, -1.215920336999943, 0.0 ], [ 103.031399630000067, -1.210964918999935, 0.0 ] ] ] ] } },
{ "type": "Feature", "properties": { "fid": 20923.0, "gid": null, "kdprov": "15", "kdkab": "07", "kdkec": "021", "kddesa": "010", "iddesa": "1507021010", "nmprov": "JAMBI", "nmkab": "TANJUNG JABUNG BARAT", "nmkec": "SENYERANG", "nmdesa": "SUNGAI LANDAK", "luas": null, "sumber": null, "periode": null, "layer": null, "path": null, "idkec": "1507021" }, "geometry": { "type": "MultiPolygon", "coordinates": [ [ [ [ 103.171873040000037, -0.878327298999977, 0.0 ], [ 103.162491960000068, -0.900272438999934, 0.0 ], [ 103.154266290000066, -0.949972798999966, 0.0 ], [ 103.138142572000049, -0.961869412999931, 0.0 ], [ 103.128175228000032, -0.961819372999969, 0.0 ], [ 103.12809414700007, -0.957501112999978, 0.0 ], [ 103.126791610000055, -0.888129978999928, 0.0 ], [ 103.126851907000059, -0.888130340999965, 0.0 ], [ 103.137818630000083, -0.888196238999967, 0.0 ], [ 103.137903286000039, -0.888196747999928, 0.0 ], [ 103.148011430000054, -0.888257468999939, 0.0 ], [ 103.148051772000088, -0.88808619699995, 0.0 ], [ 103.152051918000041, -0.871103695999977, 0.0 ], [ 103.152293881000048, -0.870076448999953, 0.0 ], [ 103.152438678000067, -0.869897398999967, 0.0 ], [ 103.152919760000032, -0.867419298999948, 0.0 ], [ 103.155289038000035, -0.851465541999971, 0.0 ], [ 103.155868430000055, -0.847564148999936, 0.0 ], [ 103.155915923000066, -0.836894069999971, 0.0 ], [ 103.155916140000045, -0.836845338999979, 0.0 ], [ 103.155917200000033, -0.836607968999942, 0.0 ], [ 103.158069240000032, -0.835427668999955, 0.0 ], [ 103.15755689000008, -0.828317108999954, 0.0 ], [ 103.155500176000032, -0.826381076999951, 0.0 ], [ 103.154650980000042, -0.825581708999948, 0.0 ], [ 103.153997110000034, -0.822938068999974, 0.0 ], [ 103.153737030000059, -0.821886518999975, 0.0 ], [ 103.15589103700006, -0.820767975999956, 0.0 ], [ 103.158536230000038, -0.819394368999951, 0.0 ], [ 103.159917560000054, -0.818825801999935, 0.0 ], [ 103.163791896000077, -0.817231092999975, 0.0 ], [ 103.164050890000055, -0.81712448899998, 0.0 ], [ 103.165384785000072, -0.816575449999959, 0.0 ], [ 103.165400190000071, -0.816569108999943, 0.0 ], [ 103.167399061000083, -0.815746347999948, 0.0 ], [ 103.168116360000056, -0.815451098999972, 0.0 ], [ 103.168574940000042, -0.81517318899995, 0.0 ], [ 103.16858761900005, -0.815165504999925, 0.0 ], [ 103.168750148000072, -0.815067007999971, 0.0 ], [ 103.171393260000059, -0.813465214999951, 0.0 ], [ 103.171706260000065, -0.813275528999952, 0.0 ], [ 103.172029605000034, -0.81268195399997, 0.0 ], [ 103.173751960000061, -0.809520168999939, 0.0 ], [ 103.17395325800004, -0.808393782999929, 0.0 ], [ 103.174651159000064, -0.80448860599995, 0.0 ], [ 103.174652690000073, -0.804480038999941, 0.0 ], [ 103.174695960000065, -0.804237928999953, 0.0 ], [ 103.176682697000047, -0.801997881999966, 0.0 ], [ 103.179314360000035, -0.801048029999947, 0.0 ], [ 103.179869710000048, -0.80087126899997, 0.0 ], [ 103.182547079000074, -0.80194518199994, 0.0 ], [ 103.182767660000081, -0.80203365899996, 0.0 ], [ 103.183309820000034, -0.802251118999948, 0.0 ], [ 103.184355726000035, -0.803135696999959, 0.0 ], [ 103.184384674000057, -0.803160179999963, 0.0 ], [ 103.186564790000034, -0.805004018999966, 0.0 ], [ 103.186985720000052, -0.805668508999929, 0.0 ], [ 103.187016053000036, -0.805716392999955, 0.0 ], [ 103.188458421000064, -0.807993357999976, 0.0 ], [ 103.188993740000058, -0.808838428999934, 0.0 ], [ 103.189385860000073, -0.811501054999951, 0.0 ], [ 103.18962724000005, -0.81314010899996, 0.0 ], [ 103.18884152000004, -0.816226168999947, 0.0 ], [ 103.187509550000073, -0.818378868999957, 0.0 ], [ 103.185773880000056, -0.81974183899996, 0.0 ], [ 103.18344361000004, -0.821989778999978, 0.0 ], [ 103.183207650000043, -0.822642058999975, 0.0 ], [ 103.183056577000059, -0.823059673999978, 0.0 ], [ 103.182777280000039, -0.823831738999957, 0.0 ], [ 103.182514850000075, -0.82598491899995, 0.0 ], [ 103.183204366000041, -0.827615971999933, 0.0 ], [ 103.183678230000055, -0.828736898999978, 0.0 ], [ 103.185636750000072, -0.831501038999932, 0.0 ], [ 103.185916968000072, -0.831578065999963, 0.0 ], [ 103.187269665000088, -0.83194899199998, 0.0 ], [ 103.187948825000035, -0.832165612999972, 0.0 ], [ 103.188674220000053, -0.832334298999967, 0.0 ], [ 103.188759368000035, -0.83229156799996, 0.0 ], [ 103.190484010000034, -0.831426078999925, 0.0 ], [ 103.19319530000007, -0.830517708999935, 0.0 ], [ 103.193194150000068, -0.830522498999926, 0.0 ], [ 103.193096210000078, -0.830930098999943, 0.0 ], [ 103.192289950000088, -0.834285718999979, 0.0 ], [ 103.190325948000066, -0.837926845999959, 0.0 ], [ 103.188155570000049, -0.841950578999956, 0.0 ], [ 103.185956644000044, -0.846970673999976, 0.0 ], [ 103.185066903000063, -0.849001929999929, 0.0 ], [ 103.181952660000036, -0.856111668999972, 0.0 ], [ 103.177326340000036, -0.864697838999973, 0.0 ], [ 103.17481016000005, -0.870986568999967, 0.0 ], [ 103.172928996000053, -0.875688171999968, 0.0 ], [ 103.17289726000007, -0.875767488999941, 0.0 ], [ 103.172807650000038, -0.875991438999961, 0.0 ], [ 103.172801230000061, -0.876007478999952, 0.0 ], [ 103.17279542600005, -0.876021985999955, 0.0 ], [ 103.171873040000037, -0.878327298999977, 0.0 ] ] ] ] } },
{ "type": "Feature", "properties": { "fid": 21586.0, "gid": null, "kdprov": "15", "kdkab": "07", "kdkec": "014", "kddesa": "005", "iddesa": "1507014005", "nmprov": "JAMBI", "nmkab": "TANJUNG JABUNG BARAT", "nmkec": "RENAH MENDALUH", "nmdesa": "PULAU PAUH", "luas": null, "sumber": null, "periode": null, "layer": null, "path": null, "idkec": "1507014" }, "geometry": { "type": "MultiPolygon", "coordinates": [ [ [ [ 102.945501767000053, -1.27337474199993, 0.0 ], [ 102.945825872000057, -1.272550060999947, 0.0 ], [ 102.946012674000087, -1.271782501999951, 0.0 ], [ 102.945097461000046, -1.270711421999977, 0.0 ], [ 102.945456446000037, -1.270538417999944, 0.0 ], [ 102.945785155000067, -1.270534091999934, 0.0 ], [ 102.946057761000077, -1.270583021999926, 0.0 ], [ 102.945649671000069, -1.269692642999928, 0.0 ], [ 102.945641996000063, -1.269675897999946, 0.0 ], [ 102.945533092000062, -1.269036376999964, 0.0 ], [ 102.945060306000073, -1.266260014999943, 0.0 ], [ 102.939589077000051, -1.265639046999979, 0.0 ], [ 102.937311744000056, -1.265380576999974, 0.0 ], [ 102.934979820000081, -1.265115910999953, 0.0 ], [ 102.934808183000087, -1.265096430999961, 0.0 ], [ 102.93475224000008, -1.264626418999967, 0.0 ], [ 102.933890810000037, -1.257389208999939, 0.0 ], [ 102.932898040000055, -1.249048418999962, 0.0 ], [ 102.932649280000078, -1.247463462999974, 0.0 ], [ 102.931246903000044, -1.23852831499994, 0.0 ], [ 102.930206808000037, -1.231901423999943, 0.0 ], [ 102.930205817000058, -1.231895107999947, 0.0 ], [ 102.930234022000036, -1.231895399999928, 0.0 ], [ 102.945531609000057, -1.232053923999956, 0.0 ], [ 102.946288500000037, -1.233267588999979, 0.0 ], [ 102.955320200000074, -1.233274588999961, 0.0 ], [ 102.955941084000074, -1.233114404999981, 0.0 ], [ 102.963640560000044, -1.231127988999958, 0.0 ], [ 102.967802780000056, -1.229815448999943, 0.0 ], [ 102.975824510000052, -1.227285798999958, 0.0 ], [ 102.976445473000069, -1.229957064999951, 0.0 ], [ 102.975174153000069, -1.24608694099993, 0.0 ], [ 102.976851975000045, -1.269576446999963, 0.0 ], [ 102.976855856000043, -1.269630783999958, 0.0 ], [ 102.976874749000046, -1.269895284999961, 0.0 ], [ 102.977102075000062, -1.270893699999931, 0.0 ], [ 102.978423682000084, -1.27669818499993, 0.0 ], [ 102.979388696000058, -1.280936514999951, 0.0 ], [ 102.979390144000035, -1.280942875999926, 0.0 ], [ 102.979778440000075, -1.282648268999935, 0.0 ], [ 102.979776277000042, -1.282666631999973, 0.0 ], [ 102.979686300000083, -1.283430598999928, 0.0 ], [ 102.97961285000008, -1.284124098999939, 0.0 ], [ 102.979612840000073, -1.284124178999946, 0.0 ], [ 102.979541840000081, -1.284795668999948, 0.0 ], [ 102.97950035000008, -1.285183758999949, 0.0 ], [ 102.979344750000052, -1.28636604899998, 0.0 ], [ 102.978081930000087, -1.28733841899998, 0.0 ], [ 102.978044211000054, -1.287367461999963, 0.0 ], [ 102.977440740000077, -1.28783212899998, 0.0 ], [ 102.977431110000055, -1.287918648999948, 0.0 ], [ 102.977424930000041, -1.287974218999977, 0.0 ], [ 102.976969490000045, -1.292067918999976, 0.0 ], [ 102.93426579000004, -1.292248868999934, 0.0 ], [ 102.934349310000073, -1.284520898999972, 0.0 ], [ 102.934349600000075, -1.284494518999963, 0.0 ], [ 102.93458352600004, -1.283319156999937, 0.0 ], [ 102.934588137000048, -1.283295988999953, 0.0 ], [ 102.934599750000075, -1.283237638999935, 0.0 ], [ 102.935286588000054, -1.279786621999961, 0.0 ], [ 102.935611350000045, -1.278154856999947, 0.0 ], [ 102.936182958000074, -1.27816028999996, 0.0 ], [ 102.939152001000082, -1.278188512999975, 0.0 ], [ 102.943593329000066, -1.278230730999951, 0.0 ], [ 102.944568920000052, -1.275748355999951, 0.0 ], [ 102.945501767000053, -1.27337474199993, 0.0 ] ] ] ] } },
{ "type": "Feature", "properties": { "fid": 21643.0, "gid": null, "kdprov": "15", "kdkab": "07", "kdkec": "014", "kddesa": "006", "iddesa": "1507014006", "nmprov": "JAMBI", "nmkab": "TANJUNG JABUNG BARAT", "nmkec": "RENAH MENDALUH", "nmdesa": "RANTAU BENAR", "luas": null, "sumber": null, "periode": null, "layer": null, "path": null, "idkec": "1507014" }, "geometry": { "type": "MultiPolygon", "coordinates": [ [ [ [ 102.934245610000062, -1.294115218999934, 0.0 ], [ 102.934240580000051, -1.29411536899994, 0.0 ], [ 102.930962010000087, -1.294212308999931, 0.0 ], [ 102.928117090000057, -1.294296438999936, 0.0 ], [ 102.92744950000008, -1.294316398999968, 0.0 ], [ 102.927440860000047, -1.294316328999969, 0.0 ], [ 102.924493280000036, -1.294403578999948, 0.0 ], [ 102.908893, -1.294495688999973, 0.0 ], [ 102.908693220000032, -1.294496868999943, 0.0 ], [ 102.908708490000038, -1.294445948999964, 0.0 ], [ 102.908717190000061, -1.294416938999973, 0.0 ], [ 102.910626396000055, -1.288049738999973, 0.0 ], [ 102.910780461000058, -1.288005853999948, 0.0 ], [ 102.910780461000058, -1.286165984999968, 0.0 ], [ 102.910780461000058, -1.286146237999958, 0.0 ], [ 102.910780461000058, -1.285927180999977, 0.0 ], [ 102.917663664000088, -1.285418762999939, 0.0 ], [ 102.918635666000057, -1.285346966999953, 0.0 ], [ 102.920398582000075, -1.277761085999941, 0.0 ], [ 102.920363866000059, -1.277779952999936, 0.0 ], [ 102.920390409000049, -1.277677865999976, 0.0 ], [ 102.91884275700005, -1.278407762999962, 0.0 ], [ 102.91771852100004, -1.278973811999947, 0.0 ], [ 102.917236331000083, -1.278942364999978, 0.0 ], [ 102.916950653000072, -1.27907296099994, 0.0 ], [ 102.916869448000057, -1.279110082999978, 0.0 ], [ 102.916695180000033, -1.279339256999947, 0.0 ], [ 102.916104233000056, -1.280116391999968, 0.0 ], [ 102.915601079000055, -1.280975947999934, 0.0 ], [ 102.915076959000032, -1.281772609999962, 0.0 ], [ 102.914626216000045, -1.281751644999929, 0.0 ], [ 102.914133544000038, -1.281363796999926, 0.0 ], [ 102.913796485000034, -1.281326345999958, 0.0 ], [ 102.913567495000052, -1.281300901999941, 0.0 ], [ 102.91301192800006, -1.281227524999963, 0.0 ], [ 102.912880265000069, -1.281237399999952, 0.0 ], [ 102.912592633000088, -1.281258972999979, 0.0 ], [ 102.912016101000063, -1.281154148999974, 0.0 ], [ 102.911839738000083, -1.281301118999977, 0.0 ], [ 102.911831282000037, -1.281337054999938, 0.0 ], [ 102.911974172000043, -1.282286246999945, 0.0 ], [ 102.911974172000043, -1.283533650999971, 0.0 ], [ 102.911906801000043, -1.283521619999931, 0.0 ], [ 102.911093651000044, -1.283376414999964, 0.0 ], [ 102.910629866000079, -1.283396150999977, 0.0 ], [ 102.910623968000039, -1.283363779999945, 0.0 ], [ 102.910592675000032, -1.283192017999966, 0.0 ], [ 102.910337900000059, -1.28179358899996, 0.0 ], [ 102.910009080000066, -1.280703058999961, 0.0 ], [ 102.909927750000065, -1.280433363999975, 0.0 ], [ 102.908655670000087, -1.276215038999965, 0.0 ], [ 102.908653320000042, -1.276207238999973, 0.0 ], [ 102.905058685000085, -1.271730009999942, 0.0 ], [ 102.903619886000058, -1.269937940999966, 0.0 ], [ 102.903596320000077, -1.269908588999954, 0.0 ], [ 102.89474092200004, -1.258878933999938, 0.0 ], [ 102.893260430000055, -1.257034937999947, 0.0 ], [ 102.888475830000061, -1.251075578999973, 0.0 ], [ 102.888318298000058, -1.250756599999931, 0.0 ], [ 102.887735676000034, -1.250016453999933, 0.0 ], [ 102.878589969000075, -1.231058165999968, 0.0 ], [ 102.877078310000059, -1.227997278999965, 0.0 ], [ 102.876547416000051, -1.226824123999961, 0.0 ], [ 102.876288170000066, -1.226251248999972, 0.0 ], [ 102.879164090000074, -1.226026288999947, 0.0 ], [ 102.881506940000065, -1.223671928999977, 0.0 ], [ 102.886286300000052, -1.22075732899998, 0.0 ], [ 102.892277170000057, -1.218597188999979, 0.0 ], [ 102.900408170000048, -1.214991438999959, 0.0 ], [ 102.909394740000039, -1.211446098999943, 0.0 ], [ 102.918190330000073, -1.209048778999943, 0.0 ], [ 102.926058996000052, -1.205721199999971, 0.0 ], [ 102.926095390000057, -1.205705808999937, 0.0 ], [ 102.928412330000072, -1.206174068999928, 0.0 ], [ 102.928764920000049, -1.20662176899998, 0.0 ], [ 102.934633340000062, -1.214073078999945, 0.0 ], [ 102.936319156000081, -1.21693948799998, 0.0 ], [ 102.954216891000044, -1.218259811999928, 0.0 ], [ 102.955830381000055, -1.232160646999944, 0.0 ], [ 102.955941084000074, -1.233114404999981, 0.0 ], [ 102.955320200000074, -1.233274588999961, 0.0 ], [ 102.946288500000037, -1.233267588999979, 0.0 ], [ 102.945531609000057, -1.232053923999956, 0.0 ], [ 102.930234022000036, -1.231895399999928, 0.0 ], [ 102.930205817000058, -1.231895107999947, 0.0 ], [ 102.930206808000037, -1.231901423999943, 0.0 ], [ 102.931246903000044, -1.23852831499994, 0.0 ], [ 102.932649280000078, -1.247463462999974, 0.0 ], [ 102.932898040000055, -1.249048418999962, 0.0 ], [ 102.933890810000037, -1.257389208999939, 0.0 ], [ 102.93475224000008, -1.264626418999967, 0.0 ], [ 102.934808183000087, -1.265096430999961, 0.0 ], [ 102.934979820000081, -1.265115910999953, 0.0 ], [ 102.937311744000056, -1.265380576999974, 0.0 ], [ 102.939589077000051, -1.265639046999979, 0.0 ], [ 102.945060306000073, -1.266260014999943, 0.0 ], [ 102.945533092000062, -1.269036376999964, 0.0 ], [ 102.945641996000063, -1.269675897999946, 0.0 ], [ 102.945649671000069, -1.269692642999928, 0.0 ], [ 102.946057761000077, -1.270583021999926, 0.0 ], [ 102.945785155000067, -1.270534091999934, 0.0 ], [ 102.945456446000037, -1.270538417999944, 0.0 ], [ 102.945097461000046, -1.270711421999977, 0.0 ], [ 102.946012674000087, -1.271782501999951, 0.0 ], [ 102.945825872000057, -1.272550060999947, 0.0 ], [ 102.945501767000053, -1.27337474199993, 0.0 ], [ 102.944568920000052, -1.275748355999951, 0.0 ], [ 102.943593329000066, -1.278230730999951, 0.0 ], [ 102.939152001000082, -1.278188512999975, 0.0 ], [ 102.936182958000074, -1.27816028999996, 0.0 ], [ 102.935611350000045, -1.278154856999947, 0.0 ], [ 102.935286588000054, -1.279786621999961, 0.0 ], [ 102.934599750000075, -1.283237638999935, 0.0 ], [ 102.934588137000048, -1.283295988999953, 0.0 ], [ 102.93458352600004, -1.283319156999937, 0.0 ], [ 102.934349600000075, -1.284494518999963, 0.0 ], [ 102.934349310000073, -1.284520898999972, 0.0 ], [ 102.93426579000004, -1.292248868999934, 0.0 ], [ 102.934245610000062, -1.294115218999934, 0.0 ] ] ] ] } },
{ "type": "Feature", "properties": { "fid": 21630.0, "gid": null, "kdprov": "15", "kdkab": "07", "kdkec": "014", "kddesa": "003", "iddesa": "1507014003", "nmprov": "JAMBI", "nmkab": "TANJUNG JABUNG BARAT", "nmkec": "RENAH MENDALUH", "nmdesa": "CINTA DAMAI", "luas": null, "sumber": null, "periode": null, "layer": null, "path": null, "idkec": "1507014" }, "geometry": { "type": "MultiPolygon", "coordinates": [ [ [ [ 102.917401170000062, -1.380548158999943, 0.0 ], [ 102.913956730000052, -1.38062765899997, 0.0 ], [ 102.910701070000073, -1.380326878999938, 0.0 ], [ 102.909425590000069, -1.380108618999941, 0.0 ], [ 102.907605, -1.379797088999965, 0.0 ], [ 102.90471425000004, -1.378809168999965, 0.0 ], [ 102.900981240000078, -1.377637178999976, 0.0 ], [ 102.898023520000038, -1.375136798999961, 0.0 ], [ 102.894998550000082, -1.371444778999944, 0.0 ], [ 102.893019250000066, -1.369678558999965, 0.0 ], [ 102.88910345000005, -1.369285528999967, 0.0 ], [ 102.88553096000004, -1.369228818999943, 0.0 ], [ 102.885531650000075, -1.369198048999976, 0.0 ], [ 102.885533242000065, -1.369126603999973, 0.0 ], [ 102.885554670000033, -1.368165167999962, 0.0 ], [ 102.888445656000044, -1.358421294999971, 0.0 ], [ 102.891065340000068, -1.349424470999963, 0.0 ], [ 102.891620284000055, -1.340764422999939, 0.0 ], [ 102.892204698000057, -1.33850543799997, 0.0 ], [ 102.89383717000004, -1.331607648999977, 0.0 ], [ 102.894655830000033, -1.324492618999955, 0.0 ], [ 102.894669133000036, -1.324376996999945, 0.0 ], [ 102.895417550000047, -1.317872318999946, 0.0 ], [ 102.896648150000033, -1.310225448999972, 0.0 ], [ 102.897458432000064, -1.305190313999958, 0.0 ], [ 102.897549424000033, -1.304473997999935, 0.0 ], [ 102.899203643000078, -1.302226540999925, 0.0 ], [ 102.901522550000038, -1.298899988999949, 0.0 ], [ 102.901758938000057, -1.298754863999932, 0.0 ], [ 102.90178452400005, -1.298720102999937, 0.0 ], [ 102.901882639000064, -1.29866334299993, 0.0 ], [ 102.902322539000068, -1.298408854999934, 0.0 ], [ 102.90869291000007, -1.29449791899998, 0.0 ], [ 102.908693220000032, -1.294496868999943, 0.0 ], [ 102.908893, -1.294495688999973, 0.0 ], [ 102.924493280000036, -1.294403578999948, 0.0 ], [ 102.927440860000047, -1.294316328999969, 0.0 ], [ 102.92744950000008, -1.294316398999968, 0.0 ], [ 102.927151600000059, -1.299895928999945, 0.0 ], [ 102.927069274000075, -1.301437730999965, 0.0 ], [ 102.927066290000084, -1.301493618999928, 0.0 ], [ 102.926944330000083, -1.303777428999979, 0.0 ], [ 102.926681040000062, -1.308707948999938, 0.0 ], [ 102.926448550000032, -1.313061608999931, 0.0 ], [ 102.926184490000082, -1.318006368999932, 0.0 ], [ 102.926077342000042, -1.320012886999962, 0.0 ], [ 102.926072690000069, -1.320099998999979, 0.0 ], [ 102.926048510000044, -1.320552878999933, 0.0 ], [ 102.927598780000039, -1.327864118999969, 0.0 ], [ 102.927961420000088, -1.329574368999943, 0.0 ], [ 102.928030053000043, -1.32992326599998, 0.0 ], [ 102.928052640000033, -1.33003808899997, 0.0 ], [ 102.928268820000085, -1.331137028999933, 0.0 ], [ 102.928402160000076, -1.331814858999962, 0.0 ], [ 102.928514730000074, -1.332387118999975, 0.0 ], [ 102.928951410000082, -1.334606938999968, 0.0 ], [ 102.928952750000064, -1.334613758999978, 0.0 ], [ 102.929448760000071, -1.337135158999956, 0.0 ], [ 102.929459790000067, -1.337217118999945, 0.0 ], [ 102.930212170000061, -1.342805458999976, 0.0 ], [ 102.929686850000053, -1.368456907999928, 0.0 ], [ 102.931672370000058, -1.390264558999945, 0.0 ], [ 102.931670290000056, -1.390263368999967, 0.0 ], [ 102.931669250000084, -1.390262738999979, 0.0 ], [ 102.930934350000086, -1.389785948999929, 0.0 ], [ 102.930060480000066, -1.389248188999943, 0.0 ], [ 102.925950950000072, -1.386321288999966, 0.0 ], [ 102.92392618000008, -1.384417508999945, 0.0 ], [ 102.922688060000041, -1.383044398999971, 0.0 ], [ 102.922333890000061, -1.382651608999936, 0.0 ], [ 102.921059930000069, -1.381390138999961, 0.0 ], [ 102.920949510000071, -1.381377508999947, 0.0 ], [ 102.919294690000072, -1.381188338999948, 0.0 ], [ 102.91778196000007, -1.380539368999962, 0.0 ], [ 102.917405634000033, -1.380548055999952, 0.0 ], [ 102.917401170000062, -1.380548158999943, 0.0 ] ] ] ] } },
{ "type": "Feature", "properties": { "fid": 21653.0, "gid": null, "kdprov": "15", "kdkab": "07", "kdkec": "014", "kddesa": "004", "iddesa": "1507014004", "nmprov": "JAMBI", "nmkab": "TANJUNG JABUNG BARAT", "nmkec": "RENAH MENDALUH", "nmdesa": "LAMPISI", "luas": null, "sumber": null, "periode": null, "layer": null, "path": null, "idkec": "1507014" }, "geometry": { "type": "MultiPolygon", "coordinates": [ [ [ [ 102.927961420000088, -1.329574368999943, 0.0 ], [ 102.927598780000039, -1.327864118999969, 0.0 ], [ 102.926048510000044, -1.320552878999933, 0.0 ], [ 102.926072690000069, -1.320099998999979, 0.0 ], [ 102.926077342000042, -1.320012886999962, 0.0 ], [ 102.926184490000082, -1.318006368999932, 0.0 ], [ 102.926448550000032, -1.313061608999931, 0.0 ], [ 102.926681040000062, -1.308707948999938, 0.0 ], [ 102.926944330000083, -1.303777428999979, 0.0 ], [ 102.927066290000084, -1.301493618999928, 0.0 ], [ 102.927069274000075, -1.301437730999965, 0.0 ], [ 102.927151600000059, -1.299895928999945, 0.0 ], [ 102.92744950000008, -1.294316398999968, 0.0 ], [ 102.928117090000057, -1.294296438999936, 0.0 ], [ 102.930962010000087, -1.294212308999931, 0.0 ], [ 102.934240580000051, -1.29411536899994, 0.0 ], [ 102.934245610000062, -1.294115218999934, 0.0 ], [ 102.93426579000004, -1.292248868999934, 0.0 ], [ 102.976969490000045, -1.292067918999976, 0.0 ], [ 102.976428120000037, -1.296933868999929, 0.0 ], [ 102.976129317000073, -1.297234541999956, 0.0 ], [ 102.973009840000032, -1.30037356899993, 0.0 ], [ 102.970699240000044, -1.30370888899995, 0.0 ], [ 102.969471375000069, -1.311517242999969, 0.0 ], [ 102.968523006000055, -1.317548181999939, 0.0 ], [ 102.966766886000073, -1.328481629999942, 0.0 ], [ 102.964246676000073, -1.328514815999938, 0.0 ], [ 102.964128175000042, -1.331126003999941, 0.0 ], [ 102.961905802000047, -1.330672091999929, 0.0 ], [ 102.961634763000063, -1.332689827999957, 0.0 ], [ 102.96027373700008, -1.332669025999962, 0.0 ], [ 102.960256525000034, -1.335830351999959, 0.0 ], [ 102.961599082000077, -1.335784452999974, 0.0 ], [ 102.962034795000079, -1.337773403999961, 0.0 ], [ 102.967050952000079, -1.340094002999933, 0.0 ], [ 102.967118118000087, -1.340059910999969, 0.0 ], [ 102.967457425000077, -1.343677701999979, 0.0 ], [ 102.965915523000035, -1.343312117999972, 0.0 ], [ 102.964915946000076, -1.344286318999934, 0.0 ], [ 102.96530761300005, -1.345135847999927, 0.0 ], [ 102.96689155200005, -1.345897708999928, 0.0 ], [ 102.966359040000043, -1.347912707999967, 0.0 ], [ 102.965929730000084, -1.352245897999978, 0.0 ], [ 102.965521310000042, -1.356368237999959, 0.0 ], [ 102.965861690000054, -1.363827077999929, 0.0 ], [ 102.964725500000043, -1.371783497999957, 0.0 ], [ 102.964795540000068, -1.372045637999975, 0.0 ], [ 102.965689803000032, -1.375392379999937, 0.0 ], [ 102.967459870000084, -1.382016777999979, 0.0 ], [ 102.96680334000007, -1.395007877999944, 0.0 ], [ 102.965669790000049, -1.399716367999929, 0.0 ], [ 102.963565260000053, -1.407671907999941, 0.0 ], [ 102.961417550000078, -1.420247758999949, 0.0 ], [ 102.960397770000043, -1.419505228999981, 0.0 ], [ 102.959851330000049, -1.419112998999935, 0.0 ], [ 102.958906930000069, -1.41807683899998, 0.0 ], [ 102.954276580000055, -1.410461748999978, 0.0 ], [ 102.952330690000053, -1.408699398999943, 0.0 ], [ 102.946167410000044, -1.405917488999933, 0.0 ], [ 102.944296730000076, -1.40424633899994, 0.0 ], [ 102.942851700000062, -1.402987348999943, 0.0 ], [ 102.942568880000067, -1.402730618999954, 0.0 ], [ 102.941875350000032, -1.40213302899997, 0.0 ], [ 102.941661870000075, -1.401939608999953, 0.0 ], [ 102.940299800000048, -1.399949168999967, 0.0 ], [ 102.939325180000083, -1.39862138899997, 0.0 ], [ 102.938706410000066, -1.39778266899998, 0.0 ], [ 102.938579470000036, -1.397622688999945, 0.0 ], [ 102.937697700000058, -1.396521098999926, 0.0 ], [ 102.937484630000085, -1.396249138999963, 0.0 ], [ 102.937348610000072, -1.396098278999943, 0.0 ], [ 102.935657350000042, -1.394274278999944, 0.0 ], [ 102.935447540000041, -1.39404916899997, 0.0 ], [ 102.934421770000085, -1.392948568999941, 0.0 ], [ 102.933408430000043, -1.39179889899998, 0.0 ], [ 102.932395090000057, -1.39064695899998, 0.0 ], [ 102.931672370000058, -1.390264558999945, 0.0 ], [ 102.929686850000053, -1.368456907999928, 0.0 ], [ 102.930212170000061, -1.342805458999976, 0.0 ], [ 102.929459790000067, -1.337217118999945, 0.0 ], [ 102.929448760000071, -1.337135158999956, 0.0 ], [ 102.928952750000064, -1.334613758999978, 0.0 ], [ 102.928951410000082, -1.334606938999968, 0.0 ], [ 102.928514730000074, -1.332387118999975, 0.0 ], [ 102.928402160000076, -1.331814858999962, 0.0 ], [ 102.928268820000085, -1.331137028999933, 0.0 ], [ 102.928052640000033, -1.33003808899997, 0.0 ], [ 102.928030053000043, -1.32992326599998, 0.0 ], [ 102.927961420000088, -1.329574368999943, 0.0 ] ] ] ] } },
{ "type": "Feature", "properties": { "fid": 21650.0, "gid": null, "kdprov": "15", "kdkab": "07", "kdkec": "014", "kddesa": "001", "iddesa": "1507014001", "nmprov": "JAMBI", "nmkab": "TANJUNG JABUNG BARAT", "nmkec": "RENAH MENDALUH", "nmdesa": "LUBUK KAMBING", "luas": null, "sumber": null, "periode": null, "layer": null, "path": null, "idkec": "1507014" }, "geometry": { "type": "MultiPolygon", "coordinates": [ [ [ [ 102.85737682000007, -1.289274378999949, 0.0 ], [ 102.858082300000035, -1.292033378999975, 0.0 ], [ 102.859066450000057, -1.291565198999933, 0.0 ], [ 102.860574630000087, -1.290270258999954, 0.0 ], [ 102.861641170000041, -1.289873708999949, 0.0 ], [ 102.861655865000046, -1.289833655999928, 0.0 ], [ 102.861656660000051, -1.289831488999937, 0.0 ], [ 102.86170922000008, -1.289688278999961, 0.0 ], [ 102.86327158000006, -1.285534328999972, 0.0 ], [ 102.864368240000033, -1.283283028999961, 0.0 ], [ 102.865735690000065, -1.28047584899997, 0.0 ], [ 102.866013850000058, -1.270953538999947, 0.0 ], [ 102.861917310000081, -1.255811398999924, 0.0 ], [ 102.861599776000048, -1.254659219999951, 0.0 ], [ 102.861559200000045, -1.25451198899998, 0.0 ], [ 102.861541320000072, -1.254447538999955, 0.0 ], [ 102.849916309000037, -1.247397756999931, 0.0 ], [ 102.845516530000054, -1.244729588999974, 0.0 ], [ 102.842948576000083, -1.242311514999926, 0.0 ], [ 102.837937940000074, -1.237593327999946, 0.0 ], [ 102.834399867000059, -1.234261755999967, 0.0 ], [ 102.821802190000085, -1.222399348999943, 0.0 ], [ 102.822504630000083, -1.220713548999925, 0.0 ], [ 102.820362100000068, -1.215651018999949, 0.0 ], [ 102.820362080000052, -1.215650978999975, 0.0 ], [ 102.819232560000046, -1.211286318999953, 0.0 ], [ 102.818214290000071, -1.206716748999952, 0.0 ], [ 102.817516230000081, -1.202924838999934, 0.0 ], [ 102.816816260000053, -1.201536898999962, 0.0 ], [ 102.81802040000008, -1.200476844999969, 0.0 ], [ 102.82334729300004, -1.20490286699993, 0.0 ], [ 102.86200322500008, -1.230557924999971, 0.0 ], [ 102.874177892000034, -1.245993662999979, 0.0 ], [ 102.875032501000078, -1.24845066599994, 0.0 ], [ 102.87939560600006, -1.260994590999928, 0.0 ], [ 102.87939560600006, -1.271563515999958, 0.0 ], [ 102.87939560600006, -1.281430637999961, 0.0 ], [ 102.879286163000074, -1.281687407999925, 0.0 ], [ 102.876644696000085, -1.287884695999935, 0.0 ], [ 102.876605054000038, -1.287977702999967, 0.0 ], [ 102.875263217000054, -1.287619879999966, 0.0 ], [ 102.874447949000057, -1.28778293299996, 0.0 ], [ 102.873523979000083, -1.289413468999953, 0.0 ], [ 102.872436955000069, -1.290391789999944, 0.0 ], [ 102.870552578000058, -1.290448892999962, 0.0 ], [ 102.868946513000083, -1.294491430999926, 0.0 ], [ 102.868049763000045, -1.296748590999925, 0.0 ], [ 102.859476314000062, -1.298840512999959, 0.0 ], [ 102.859273376000033, -1.299550796999938, 0.0 ], [ 102.859063734000074, -1.300284542999975, 0.0 ], [ 102.858221410000056, -1.303232674999947, 0.0 ], [ 102.852838524000049, -1.305136824999977, 0.0 ], [ 102.852072342000042, -1.305513868999981, 0.0 ], [ 102.851859906000072, -1.305618409999965, 0.0 ], [ 102.849737830000038, -1.306662698999958, 0.0 ], [ 102.848314640000069, -1.307241298999941, 0.0 ], [ 102.842326352000043, -1.309675805999973, 0.0 ], [ 102.841963625000062, -1.309981259999972, 0.0 ], [ 102.838356141000077, -1.317480750999948, 0.0 ], [ 102.838350600000069, -1.317492268999956, 0.0 ], [ 102.83806289000006, -1.318093233999946, 0.0 ], [ 102.838066425000079, -1.318317677999971, 0.0 ], [ 102.837750430000085, -1.319131514999924, 0.0 ], [ 102.837479604000066, -1.319829015999971, 0.0 ], [ 102.835905417000049, -1.323883292999938, 0.0 ], [ 102.834061826000038, -1.328631406999932, 0.0 ], [ 102.825025278000055, -1.318899739999949, 0.0 ], [ 102.820440019000046, -1.313961767999956, 0.0 ], [ 102.819364766000035, -1.314554170999941, 0.0 ], [ 102.819367810000074, -1.314389224999957, 0.0 ], [ 102.81937092000004, -1.314220748999958, 0.0 ], [ 102.808887004000042, -1.312376144999973, 0.0 ], [ 102.808879826000066, -1.312374881999972, 0.0 ], [ 102.807931523000036, -1.301711304999969, 0.0 ], [ 102.80774460300006, -1.299609411999938, 0.0 ], [ 102.807488141000078, -1.298981690999938, 0.0 ], [ 102.805755975000068, -1.294742008999947, 0.0 ], [ 102.82021771400008, -1.289418809999972, 0.0 ], [ 102.823116493000043, -1.285697988999971, 0.0 ], [ 102.824841497000079, -1.285697988999971, 0.0 ], [ 102.826404781000065, -1.285158924999962, 0.0 ], [ 102.828614942000058, -1.284997205999957, 0.0 ], [ 102.82973276000007, -1.285037127999942, 0.0 ], [ 102.830124320000039, -1.285051112999952, 0.0 ], [ 102.831364166000071, -1.28381126599993, 0.0 ], [ 102.834382922000032, -1.282733138999959, 0.0 ], [ 102.83502979900004, -1.281277667999973, 0.0 ], [ 102.837349277000044, -1.280373463999979, 0.0 ], [ 102.837388110000063, -1.27824716899994, 0.0 ], [ 102.83760318800006, -1.278248863999977, 0.0 ], [ 102.842805690000034, -1.278289862999941, 0.0 ], [ 102.843816633000074, -1.276225260999979, 0.0 ], [ 102.843810900000051, -1.274880708999945, 0.0 ], [ 102.843799140000044, -1.272123818999944, 0.0 ], [ 102.843787575000079, -1.269410845999971, 0.0 ], [ 102.843786930000078, -1.269259658999943, 0.0 ], [ 102.846100365000041, -1.269359846999976, 0.0 ], [ 102.848218405000068, -1.269276353999942, 0.0 ], [ 102.851250491000087, -1.269366034999962, 0.0 ], [ 102.852861120000057, -1.269413672999974, 0.0 ], [ 102.853892116000054, -1.269080942999949, 0.0 ], [ 102.853883848000066, -1.269443922999926, 0.0 ], [ 102.856589240000062, -1.269523941999978, 0.0 ], [ 102.857865741000069, -1.269561696999972, 0.0 ], [ 102.85784979400006, -1.269868670999927, 0.0 ], [ 102.857848589000071, -1.269891867999945, 0.0 ], [ 102.857291691000057, -1.272111345999974, 0.0 ], [ 102.855160270000056, -1.280605978999972, 0.0 ], [ 102.856331954000041, -1.285188157999926, 0.0 ], [ 102.856361220000053, -1.285302608999928, 0.0 ], [ 102.85737682000007, -1.289274378999949, 0.0 ] ] ] ] } },
{ "type": "Feature", "properties": { "fid": 21651.0, "gid": null, "kdprov": "15", "kdkab": "07", "kdkec": "014", "kddesa": "002", "iddesa": "1507014002", "nmprov": "JAMBI", "nmkab": "TANJUNG JABUNG BARAT", "nmkec": "RENAH MENDALUH", "nmdesa": "SUNGAI ROTAN", "luas": null, "sumber": null, "periode": null, "layer": null, "path": null, "idkec": "1507014" }, "geometry": { "type": "MultiPolygon", "coordinates": [ [ [ [ 102.89383717000004, -1.331607648999977, 0.0 ], [ 102.892204698000057, -1.33850543799997, 0.0 ], [ 102.891620284000055, -1.340764422999939, 0.0 ], [ 102.891065340000068, -1.349424470999963, 0.0 ], [ 102.888445656000044, -1.358421294999971, 0.0 ], [ 102.885554670000033, -1.368165167999962, 0.0 ], [ 102.885533242000065, -1.369126603999973, 0.0 ], [ 102.878381508000075, -1.369563350999954, 0.0 ], [ 102.871850376000054, -1.369962198999929, 0.0 ], [ 102.870254936000038, -1.370059630999947, 0.0 ], [ 102.86710051600005, -1.370994273999941, 0.0 ], [ 102.867149188000042, -1.371251540999936, 0.0 ], [ 102.867918329000076, -1.375316995999924, 0.0 ], [ 102.867813519000038, -1.37573623399993, 0.0 ], [ 102.86756783800007, -1.376718959999948, 0.0 ], [ 102.865863919000049, -1.378153839999925, 0.0 ], [ 102.865684780000038, -1.378304693999951, 0.0 ], [ 102.865642146000084, -1.37834059599993, 0.0 ], [ 102.865348061000077, -1.378588245999936, 0.0 ], [ 102.864520200000072, -1.378675388999966, 0.0 ], [ 102.86342432500004, -1.378790744999947, 0.0 ], [ 102.862062819000073, -1.37834059599993, 0.0 ], [ 102.859835960000055, -1.377604338999959, 0.0 ], [ 102.85905923200005, -1.377512932999934, 0.0 ], [ 102.85470487200007, -1.374133428999926, 0.0 ], [ 102.855506523000088, -1.350244230999976, 0.0 ], [ 102.847594666000077, -1.337264411999968, 0.0 ], [ 102.840134619000082, -1.325025808999953, 0.0 ], [ 102.838356141000077, -1.317480750999948, 0.0 ], [ 102.841963625000062, -1.309981259999972, 0.0 ], [ 102.842326352000043, -1.309675805999973, 0.0 ], [ 102.848314640000069, -1.307241298999941, 0.0 ], [ 102.849737830000038, -1.306662698999958, 0.0 ], [ 102.851859906000072, -1.305618409999965, 0.0 ], [ 102.852072342000042, -1.305513868999981, 0.0 ], [ 102.852838524000049, -1.305136824999977, 0.0 ], [ 102.858221410000056, -1.303232674999947, 0.0 ], [ 102.859063734000074, -1.300284542999975, 0.0 ], [ 102.859273376000033, -1.299550796999938, 0.0 ], [ 102.859476314000062, -1.298840512999959, 0.0 ], [ 102.868049763000045, -1.296748590999925, 0.0 ], [ 102.868946513000083, -1.294491430999926, 0.0 ], [ 102.870552578000058, -1.290448892999962, 0.0 ], [ 102.872436955000069, -1.290391789999944, 0.0 ], [ 102.873523979000083, -1.289413468999953, 0.0 ], [ 102.874447949000057, -1.28778293299996, 0.0 ], [ 102.875263217000054, -1.287619879999966, 0.0 ], [ 102.876605054000038, -1.287977702999967, 0.0 ], [ 102.876644696000085, -1.287884695999935, 0.0 ], [ 102.879286163000074, -1.281687407999925, 0.0 ], [ 102.87939560600006, -1.281430637999961, 0.0 ], [ 102.87939560600006, -1.271563515999958, 0.0 ], [ 102.87939560600006, -1.260994590999928, 0.0 ], [ 102.875032501000078, -1.24845066599994, 0.0 ], [ 102.874177892000034, -1.245993662999979, 0.0 ], [ 102.86200322500008, -1.230557924999971, 0.0 ], [ 102.82334729300004, -1.20490286699993, 0.0 ], [ 102.81802040000008, -1.200476844999969, 0.0 ], [ 102.818919361000042, -1.199685452999972, 0.0 ], [ 102.823608559000036, -1.194508887999973, 0.0 ], [ 102.824569092000047, -1.193648709999934, 0.0 ], [ 102.82868108200006, -1.193628769999975, 0.0 ], [ 102.832358093000039, -1.19387947499996, 0.0 ], [ 102.839835235000066, -1.192711171999974, 0.0 ], [ 102.844157958000039, -1.189907242999936, 0.0 ], [ 102.845968430000084, -1.190788012999974, 0.0 ], [ 102.848480681000069, -1.192010189999962, 0.0 ], [ 102.848655347000033, -1.192268695999928, 0.0 ], [ 102.851401439000085, -1.196332911999946, 0.0 ], [ 102.857700499000032, -1.199768763999941, 0.0 ], [ 102.857827108000038, -1.199837822999939, 0.0 ], [ 102.85801768400006, -1.200048817999971, 0.0 ], [ 102.860858680000035, -1.20255723899993, 0.0 ], [ 102.864419110000085, -1.20830105899995, 0.0 ], [ 102.868651626000087, -1.214611734999949, 0.0 ], [ 102.869871627000066, -1.215465734999952, 0.0 ], [ 102.870853770000053, -1.215948908999962, 0.0 ], [ 102.876288170000066, -1.226251248999972, 0.0 ], [ 102.876547416000051, -1.226824123999961, 0.0 ], [ 102.877078310000059, -1.227997278999965, 0.0 ], [ 102.878589969000075, -1.231058165999968, 0.0 ], [ 102.887735676000034, -1.250016453999933, 0.0 ], [ 102.888318298000058, -1.250756599999931, 0.0 ], [ 102.888475830000061, -1.251075578999973, 0.0 ], [ 102.893260430000055, -1.257034937999947, 0.0 ], [ 102.89474092200004, -1.258878933999938, 0.0 ], [ 102.903596320000077, -1.269908588999954, 0.0 ], [ 102.903619886000058, -1.269937940999966, 0.0 ], [ 102.905058685000085, -1.271730009999942, 0.0 ], [ 102.908653320000042, -1.276207238999973, 0.0 ], [ 102.908655670000087, -1.276215038999965, 0.0 ], [ 102.909927750000065, -1.280433363999975, 0.0 ], [ 102.910009080000066, -1.280703058999961, 0.0 ], [ 102.910337900000059, -1.28179358899996, 0.0 ], [ 102.910592675000032, -1.283192017999966, 0.0 ], [ 102.910623968000039, -1.283363779999945, 0.0 ], [ 102.910629866000079, -1.283396150999977, 0.0 ], [ 102.911093651000044, -1.283376414999964, 0.0 ], [ 102.911906801000043, -1.283521619999931, 0.0 ], [ 102.911974172000043, -1.283533650999971, 0.0 ], [ 102.911974172000043, -1.282286246999945, 0.0 ], [ 102.911831282000037, -1.281337054999938, 0.0 ], [ 102.911839738000083, -1.281301118999977, 0.0 ], [ 102.912016101000063, -1.281154148999974, 0.0 ], [ 102.912592633000088, -1.281258972999979, 0.0 ], [ 102.912880265000069, -1.281237399999952, 0.0 ], [ 102.91301192800006, -1.281227524999963, 0.0 ], [ 102.913567495000052, -1.281300901999941, 0.0 ], [ 102.913796485000034, -1.281326345999958, 0.0 ], [ 102.914133544000038, -1.281363796999926, 0.0 ], [ 102.914626216000045, -1.281751644999929, 0.0 ], [ 102.915076959000032, -1.281772609999962, 0.0 ], [ 102.915601079000055, -1.280975947999934, 0.0 ], [ 102.916104233000056, -1.280116391999968, 0.0 ], [ 102.916695180000033, -1.279339256999947, 0.0 ], [ 102.916869448000057, -1.279110082999978, 0.0 ], [ 102.916950653000072, -1.27907296099994, 0.0 ], [ 102.917236331000083, -1.278942364999978, 0.0 ], [ 102.91771852100004, -1.278973811999947, 0.0 ], [ 102.91884275700005, -1.278407762999962, 0.0 ], [ 102.920390409000049, -1.277677865999976, 0.0 ], [ 102.920363866000059, -1.277779952999936, 0.0 ], [ 102.920398582000075, -1.277761085999941, 0.0 ], [ 102.918635666000057, -1.285346966999953, 0.0 ], [ 102.917663664000088, -1.285418762999939, 0.0 ], [ 102.910780461000058, -1.285927180999977, 0.0 ], [ 102.910780461000058, -1.286146237999958, 0.0 ], [ 102.910780461000058, -1.286165984999968, 0.0 ], [ 102.910780461000058, -1.288005853999948, 0.0 ], [ 102.910626396000055, -1.288049738999973, 0.0 ], [ 102.908717190000061, -1.294416938999973, 0.0 ], [ 102.908708490000038, -1.294445948999964, 0.0 ], [ 102.908693220000032, -1.294496868999943, 0.0 ], [ 102.90869291000007, -1.29449791899998, 0.0 ], [ 102.902322539000068, -1.298408854999934, 0.0 ], [ 102.901882639000064, -1.29866334299993, 0.0 ], [ 102.90178452400005, -1.298720102999937, 0.0 ], [ 102.901758938000057, -1.298754863999932, 0.0 ], [ 102.901522550000038, -1.298899988999949, 0.0 ], [ 102.899203643000078, -1.302226540999925, 0.0 ], [ 102.897549424000033, -1.304473997999935, 0.0 ], [ 102.897458432000064, -1.305190313999958, 0.0 ], [ 102.896648150000033, -1.310225448999972, 0.0 ], [ 102.895417550000047, -1.317872318999946, 0.0 ], [ 102.894669133000036, -1.324376996999945, 0.0 ], [ 102.894655830000033, -1.324492618999955, 0.0 ], [ 102.89383717000004, -1.331607648999977, 0.0 ] ] ] ] } },
{ "type": "Feature", "properties": { "fid": 20788.0, "gid": null, "kdprov": "15", "kdkab": "07", "kdkec": "032", "kddesa": "001", "iddesa": "1507032001", "nmprov": "JAMBI", "nmkab": "TANJUNG JABUNG BARAT", "nmkec": "SEBERANG KOTA", "nmdesa": "TELUK PULAI RAYA", "luas": null, "sumber": null, "periode": null, "layer": null, "path": null, "idkec": "1507032" }, "geometry": { "type": "MultiPolygon", "coordinates": [ [ [ [ 103.263247646000082, -0.769405511999935, 0.0 ], [ 103.263249339000083, -0.76940349399996, 0.0 ], [ 103.272805428000083, -0.771526876999928, 0.0 ], [ 103.272808788000077, -0.77152762399993, 0.0 ], [ 103.272910073000048, -0.771661647999963, 0.0 ], [ 103.274011516000087, -0.773119114999929, 0.0 ], [ 103.274104933000046, -0.773118831999966, 0.0 ], [ 103.279887654000049, -0.773101333999932, 0.0 ], [ 103.279891084000042, -0.773101323999924, 0.0 ], [ 103.279900010000063, -0.773132415999953, 0.0 ], [ 103.280351216000042, -0.774704038999971, 0.0 ], [ 103.280520799000044, -0.774693944999967, 0.0 ], [ 103.280627426000081, -0.774687597999957, 0.0 ], [ 103.285672958000077, -0.774387283999943, 0.0 ], [ 103.28578428700007, -0.774382696999965, 0.0 ], [ 103.28575793400006, -0.775079172999938, 0.0 ], [ 103.285844736000058, -0.775785925999969, 0.0 ], [ 103.288252442000044, -0.776728408999929, 0.0 ], [ 103.289692698000067, -0.777311701999963, 0.0 ], [ 103.289958075000072, -0.781557335999935, 0.0 ], [ 103.293135111000083, -0.781617273999927, 0.0 ], [ 103.293336164000038, -0.782300201999931, 0.0 ], [ 103.293360560000053, -0.782305108999935, 0.0 ], [ 103.293361250000032, -0.782307498999955, 0.0 ], [ 103.295727219000071, -0.790540719999967, 0.0 ], [ 103.301513650000061, -0.810676638999951, 0.0 ], [ 103.301510100000087, -0.810681788999943, 0.0 ], [ 103.300230286000044, -0.812523642999963, 0.0 ], [ 103.299144514000034, -0.814086238999948, 0.0 ], [ 103.299059450000073, -0.814208658999974, 0.0 ], [ 103.298202820000085, -0.81544146899995, 0.0 ], [ 103.297323640000059, -0.816706738999926, 0.0 ], [ 103.29722530500004, -0.816848257999936, 0.0 ], [ 103.297202040000059, -0.816881738999939, 0.0 ], [ 103.297128300000054, -0.816987858999937, 0.0 ], [ 103.296746050000081, -0.81786343899995, 0.0 ], [ 103.296212103000073, -0.819086454999933, 0.0 ], [ 103.295259270000088, -0.821268938999935, 0.0 ], [ 103.295044220000079, -0.821761528999957, 0.0 ], [ 103.294880253000088, -0.822167834999959, 0.0 ], [ 103.294866010000078, -0.822203128999945, 0.0 ], [ 103.294865710000067, -0.822203868999964, 0.0 ], [ 103.294789690000073, -0.822392258999969, 0.0 ], [ 103.293741870000076, -0.821771608999939, 0.0 ], [ 103.293132110000045, -0.821477978999951, 0.0 ], [ 103.291962400000045, -0.820971448999956, 0.0 ], [ 103.291282430000081, -0.820197268999948, 0.0 ], [ 103.291114250000078, -0.819691908999971, 0.0 ], [ 103.291270510000061, -0.819201628999963, 0.0 ], [ 103.291659630000083, -0.818727658999933, 0.0 ], [ 103.292082360000052, -0.818183398999963, 0.0 ], [ 103.292156080000041, -0.817814858999952, 0.0 ], [ 103.291984330000048, -0.817556238999941, 0.0 ], [ 103.291950670000062, -0.817103248999956, 0.0 ], [ 103.292155310000055, -0.816732628999944, 0.0 ], [ 103.292103594000082, -0.816506812999933, 0.0 ], [ 103.291856920000043, -0.815429718999951, 0.0 ], [ 103.289938680000034, -0.814709658999959, 0.0 ], [ 103.289383290000046, -0.815232488999925, 0.0 ], [ 103.288710390000062, -0.815088468999932, 0.0 ], [ 103.288683190000086, -0.814430478999952, 0.0 ], [ 103.287836200000072, -0.814006768999946, 0.0 ], [ 103.28732406000006, -0.813968748999969, 0.0 ], [ 103.287249510000038, -0.813901598999962, 0.0 ], [ 103.287083990000042, -0.813606488999937, 0.0 ], [ 103.287109200000032, -0.813282068999968, 0.0 ], [ 103.287070030000052, -0.813117628999976, 0.0 ], [ 103.286906440000052, -0.812912938999943, 0.0 ], [ 103.286849679000056, -0.812386777999961, 0.0 ], [ 103.286848320000047, -0.81237417899996, 0.0 ], [ 103.285518490000072, -0.812680038999929, 0.0 ], [ 103.284436820000053, -0.812316578999969, 0.0 ], [ 103.284296760000075, -0.812214388999962, 0.0 ], [ 103.284288590000074, -0.812208428999952, 0.0 ], [ 103.282394210000064, -0.810826298999928, 0.0 ], [ 103.279295360000049, -0.807917098999951, 0.0 ], [ 103.275953315000038, -0.805486806999966, 0.0 ], [ 103.275949990000072, -0.805484388999957, 0.0 ], [ 103.275918102000048, -0.805461200999957, 0.0 ], [ 103.275813460000052, -0.805385108999928, 0.0 ], [ 103.275633150000033, -0.805253988999937, 0.0 ], [ 103.272766710000042, -0.801938098999926, 0.0 ], [ 103.272624250000035, -0.801773308999941, 0.0 ], [ 103.272623510000074, -0.801772558999971, 0.0 ], [ 103.272622800000079, -0.801771728999938, 0.0 ], [ 103.272528770000065, -0.801675028999966, 0.0 ], [ 103.268497620000062, -0.79752906899995, 0.0 ], [ 103.265121067000052, -0.795240412999931, 0.0 ], [ 103.265004730000044, -0.795161558999951, 0.0 ], [ 103.264975750000076, -0.795141918999946, 0.0 ], [ 103.263941360000047, -0.795144328999925, 0.0 ], [ 103.261565476000044, -0.795478134999939, 0.0 ], [ 103.260418380000033, -0.795639298999959, 0.0 ], [ 103.260418200000061, -0.795639278999943, 0.0 ], [ 103.26005342600007, -0.795612417999962, 0.0 ], [ 103.257874410000056, -0.795451958999934, 0.0 ], [ 103.257829160000085, -0.795448628999964, 0.0 ], [ 103.256543300000033, -0.79535392899993, 0.0 ], [ 103.256543210000075, -0.795353908999971, 0.0 ], [ 103.256438250000087, -0.795335216999945, 0.0 ], [ 103.251753620000045, -0.794500938999931, 0.0 ], [ 103.250168059000032, -0.794068000999971, 0.0 ], [ 103.252728855000043, -0.787909787999979, 0.0 ], [ 103.252187505000052, -0.787466596999934, 0.0 ], [ 103.250794277000068, -0.786736879999978, 0.0 ], [ 103.250683091000042, -0.78670933199993, 0.0 ], [ 103.24699597700004, -0.785800104999964, 0.0 ], [ 103.246513164000078, -0.785743426999943, 0.0 ], [ 103.24318151500006, -0.78530339799994, 0.0 ], [ 103.239690019000079, -0.784791795999979, 0.0 ], [ 103.240930672000047, -0.776740218999976, 0.0 ], [ 103.241962624000053, -0.770043064999925, 0.0 ], [ 103.242146042000059, -0.768852723999942, 0.0 ], [ 103.243117674000075, -0.769290910999928, 0.0 ], [ 103.245160173000045, -0.769700899999975, 0.0 ], [ 103.247756516000038, -0.771178944999974, 0.0 ], [ 103.250559914000064, -0.772774862999938, 0.0 ], [ 103.251981061000038, -0.773875001999954, 0.0 ], [ 103.256896426000083, -0.776313346999927, 0.0 ], [ 103.257474886000068, -0.776461347999941, 0.0 ], [ 103.257601448000059, -0.776313347999974, 0.0 ], [ 103.258203442000081, -0.775561331999938, 0.0 ], [ 103.260704759000078, -0.77243666399994, 0.0 ], [ 103.263247646000082, -0.769405511999935, 0.0 ] ] ] ] } },
{ "type": "Feature", "properties": { "fid": 20816.0, "gid": null, "kdprov": "15", "kdkab": "07", "kdkec": "032", "kddesa": "002", "iddesa": "1507032002", "nmprov": "JAMBI", "nmkab": "TANJUNG JABUNG BARAT", "nmkec": "SEBERANG KOTA", "nmdesa": "TUNGKAL V", "luas": null, "sumber": null, "periode": null, "layer": null, "path": null, "idkec": "1507032" }, "geometry": { "type": "MultiPolygon", "coordinates": [ [ [ [ 103.358519802000046, -0.828495744999941, 0.0 ], [ 103.35827794000005, -0.828576788999953, 0.0 ], [ 103.353035955000053, -0.830333268999937, 0.0 ], [ 103.352964480000082, -0.83035721899995, 0.0 ], [ 103.352768, -0.830423058999941, 0.0 ], [ 103.352730033000057, -0.830435780999949, 0.0 ], [ 103.351115719000063, -0.830976704999955, 0.0 ], [ 103.347955830000046, -0.83203551899993, 0.0 ], [ 103.347756250000032, -0.83210239899995, 0.0 ], [ 103.342195610000033, -0.833965608999961, 0.0 ], [ 103.341071097000054, -0.834258611999928, 0.0 ], [ 103.340617544000054, -0.834376789999965, 0.0 ], [ 103.338787341000057, -0.834853666999948, 0.0 ], [ 103.334828970000046, -0.835885058999963, 0.0 ], [ 103.333771714000079, -0.835515316999931, 0.0 ], [ 103.333608870000035, -0.835458366999944, 0.0 ], [ 103.330915970000035, -0.834516608999934, 0.0 ], [ 103.328813377000074, -0.832542371999978, 0.0 ], [ 103.327698636000036, -0.831495692999965, 0.0 ], [ 103.327102418000038, -0.831045193999955, 0.0 ], [ 103.323173360000055, -0.827246678999927, 0.0 ], [ 103.327198310000085, -0.820789368999954, 0.0 ], [ 103.332819074000042, -0.805786318999935, 0.0 ], [ 103.333493956000041, -0.80398490999994, 0.0 ], [ 103.33488691000008, -0.800266808999936, 0.0 ], [ 103.337496963000035, -0.793299996999963, 0.0 ], [ 103.33752905700004, -0.793214329999955, 0.0 ], [ 103.338455249000049, -0.790134498999976, 0.0 ], [ 103.338372658000083, -0.790107319999947, 0.0 ], [ 103.338584916000059, -0.788303292999956, 0.0 ], [ 103.340802060000044, -0.783468953999943, 0.0 ], [ 103.341642076000085, -0.781291134999947, 0.0 ], [ 103.341649648000043, -0.781244225999956, 0.0 ], [ 103.345898398000088, -0.781985386999963, 0.0 ], [ 103.345975728000042, -0.781998876999978, 0.0 ], [ 103.346806278000088, -0.78214375999994, 0.0 ], [ 103.347199131000082, -0.782272239999941, 0.0 ], [ 103.347203669000066, -0.782273723999936, 0.0 ], [ 103.348279516000048, -0.791257488999975, 0.0 ], [ 103.348590354000066, -0.793557464999935, 0.0 ], [ 103.348590354000066, -0.794187673999943, 0.0 ], [ 103.348908957000049, -0.795106359999977, 0.0 ], [ 103.349741551000079, -0.797507129999929, 0.0 ], [ 103.350724414000069, -0.799397248999981, 0.0 ], [ 103.350724722000052, -0.799397841999962, 0.0 ], [ 103.351707892000036, -0.800002869999958, 0.0 ], [ 103.353598604000069, -0.800305383999955, 0.0 ], [ 103.355564945000083, -0.79985161299993, 0.0 ], [ 103.356706179000071, -0.799177320999945, 0.0 ], [ 103.357535225000049, -0.798687482999981, 0.0 ], [ 103.357539699000085, -0.798684839999964, 0.0 ], [ 103.358437689000084, -0.798327922999931, 0.0 ], [ 103.359231728000054, -0.79793107699993, 0.0 ], [ 103.363631301000055, -0.795844384999953, 0.0 ], [ 103.364825088000032, -0.800548128999935, 0.0 ], [ 103.365385650000064, -0.80300602899996, 0.0 ], [ 103.370182620000037, -0.822995648999949, 0.0 ], [ 103.370181040000034, -0.826870428999939, 0.0 ], [ 103.368430747000048, -0.826994574999958, 0.0 ], [ 103.366969641000082, -0.827098209999974, 0.0 ], [ 103.361541550000084, -0.82748321899993, 0.0 ], [ 103.361466239000038, -0.82750845399994, 0.0 ], [ 103.359074776000057, -0.828309783999941, 0.0 ], [ 103.358537059000071, -0.828437811999947, 0.0 ], [ 103.358519802000046, -0.828495744999941, 0.0 ] ] ] ] } },
{ "type": "Feature", "properties": { "fid": 20894.0, "gid": null, "kdprov": "15", "kdkab": "07", "kdkec": "021", "kddesa": "001", "iddesa": "1507021001", "nmprov": "JAMBI", "nmkab": "TANJUNG JABUNG BARAT", "nmkec": "SENYERANG", "nmdesa": "MARGO RUKUN", "luas": null, "sumber": null, "periode": null, "layer": null, "path": null, "idkec": "1507021" }, "geometry": { "type": "MultiPolygon", "coordinates": [ [ [ [ 103.030867896000075, -0.86734241299996, 0.0 ], [ 103.030878570000084, -0.867349958999966, 0.0 ], [ 103.030881090000037, -0.867352968999967, 0.0 ], [ 103.032821888000058, -0.869694959999947, 0.0 ], [ 103.032948710000085, -0.869847998999944, 0.0 ], [ 103.032943230000058, -0.869875038999965, 0.0 ], [ 103.032237580000071, -0.871860678999951, 0.0 ], [ 103.030699300000038, -0.873693918999948, 0.0 ], [ 103.030106820000071, -0.874399978999975, 0.0 ], [ 103.030105150000054, -0.874401948999946, 0.0 ], [ 103.030088560000081, -0.874421598999959, 0.0 ], [ 103.030088270000078, -0.874421938999944, 0.0 ], [ 103.029722670000069, -0.874857768999959, 0.0 ], [ 103.029719154000077, -0.874854167999956, 0.0 ], [ 103.025511771000083, -0.870545386999936, 0.0 ], [ 103.023647717000074, -0.870994140999926, 0.0 ], [ 103.019784566000055, -0.865688746999979, 0.0 ], [ 103.015606909000041, -0.861314493999942, 0.0 ], [ 103.014865966000059, -0.86157292799993, 0.0 ], [ 103.014381374000038, -0.860119151999925, 0.0 ], [ 103.014033065000035, -0.857805384999949, 0.0 ], [ 103.014011465000067, -0.857771225999954, 0.0 ], [ 103.006908287000044, -0.84653811499993, 0.0 ], [ 103.006704650000074, -0.84621607899993, 0.0 ], [ 102.980476710000062, -0.804739558999927, 0.0 ], [ 102.979301516000078, -0.802881173999936, 0.0 ], [ 102.97942682200005, -0.802697024999929, 0.0 ], [ 102.979837276000069, -0.799989685999947, 0.0 ], [ 102.980073732000051, -0.796671147999973, 0.0 ], [ 102.981204489000049, -0.795009380999943, 0.0 ], [ 102.982578859000057, -0.793005010999934, 0.0 ], [ 102.982729415000051, -0.792785440999978, 0.0 ], [ 102.983947719000071, -0.791008670999929, 0.0 ], [ 102.986880930000041, -0.786730876999968, 0.0 ], [ 102.98943857200004, -0.783000810999965, 0.0 ], [ 102.991429439000058, -0.780097330999979, 0.0 ], [ 102.991665662000059, -0.779750829999955, 0.0 ], [ 102.99201572000004, -0.779237351999939, 0.0 ], [ 102.993412944000056, -0.777187850999951, 0.0 ], [ 102.994382819000066, -0.775765200999956, 0.0 ], [ 102.994691049000039, -0.775313080999979, 0.0 ], [ 102.994997523000052, -0.774870581999949, 0.0 ], [ 102.995865098000081, -0.773617943999966, 0.0 ], [ 102.996449142000074, -0.772774677999962, 0.0 ], [ 102.99647475900008, -0.772737690999975, 0.0 ], [ 102.997249246000081, -0.771675015999961, 0.0 ], [ 102.997325511000042, -0.771570371999928, 0.0 ], [ 102.997689853000054, -0.771070456999951, 0.0 ], [ 102.998147680000045, -0.770442270999979, 0.0 ], [ 102.998220115000038, -0.770342882999955, 0.0 ], [ 102.999005239000041, -0.76926561099998, 0.0 ], [ 102.999348628000064, -0.768793851999931, 0.0 ], [ 103.001632609000069, -0.765656050999951, 0.0 ], [ 103.001722408000035, -0.765532682999947, 0.0 ], [ 103.003577804000088, -0.762983706999933, 0.0 ], [ 103.003614989000084, -0.762932620999948, 0.0 ], [ 103.003818509000041, -0.762727360999975, 0.0 ], [ 103.005058200000065, -0.761538912999924, 0.0 ], [ 103.005408877000036, -0.761202730999969, 0.0 ], [ 103.005683829000077, -0.760939143999963, 0.0 ], [ 103.007323004000057, -0.759367724999947, 0.0 ], [ 103.008585389000075, -0.75815752099993, 0.0 ], [ 103.008722594000062, -0.758051895999927, 0.0 ], [ 103.008850304000077, -0.757953580999924, 0.0 ], [ 103.013378230000058, -0.76275944899993, 0.0 ], [ 103.026272400000039, -0.776445128999967, 0.0 ], [ 103.030889282000032, -0.78126746099997, 0.0 ], [ 103.030949750000048, -0.781330618999959, 0.0 ], [ 103.043452530000081, -0.794389768999963, 0.0 ], [ 103.043480310000064, -0.79441879899997, 0.0 ], [ 103.043590680000079, -0.794534078999959, 0.0 ], [ 103.045155300000033, -0.795469855999954, 0.0 ], [ 103.045224077000057, -0.795510989999968, 0.0 ], [ 103.049428406000061, -0.792254695999929, 0.0 ], [ 103.051703506000081, -0.799386255999934, 0.0 ], [ 103.051811076000035, -0.79945059299996, 0.0 ], [ 103.062539950000087, -0.805867408999973, 0.0 ], [ 103.062763296000071, -0.806049708999979, 0.0 ], [ 103.066983570000048, -0.809494386999972, 0.0 ], [ 103.067669222000063, -0.809810507999941, 0.0 ], [ 103.073032536000085, -0.812283277999938, 0.0 ], [ 103.073004763000085, -0.812431211999979, 0.0 ], [ 103.070536541000081, -0.825578268999948, 0.0 ], [ 103.073966411000072, -0.828723730999968, 0.0 ], [ 103.075053103000073, -0.829742504999956, 0.0 ], [ 103.077022731000056, -0.830829195999968, 0.0 ], [ 103.077837749000082, -0.831236704999981, 0.0 ], [ 103.078300002000049, -0.831076694999979, 0.0 ], [ 103.077892310000038, -0.831341058999953, 0.0 ], [ 103.077773542000045, -0.831345287999966, 0.0 ], [ 103.077665960000047, -0.831349118999924, 0.0 ], [ 103.07654062000006, -0.831389238999975, 0.0 ], [ 103.075617180000052, -0.831422148999934, 0.0 ], [ 103.071374879000075, -0.82772439699994, 0.0 ], [ 103.071027810000032, -0.827421878999928, 0.0 ], [ 103.070248230000061, -0.82674236899993, 0.0 ], [ 103.066847930000051, -0.826122768999937, 0.0 ], [ 103.066841945000078, -0.826121677999936, 0.0 ], [ 103.066128130000038, -0.825991608999971, 0.0 ], [ 103.06152792000006, -0.827485188999958, 0.0 ], [ 103.060052823000035, -0.828267194999967, 0.0 ], [ 103.059932470000035, -0.828330998999945, 0.0 ], [ 103.055644260000065, -0.830604348999941, 0.0 ], [ 103.055640080000046, -0.830604738999966, 0.0 ], [ 103.054821200000049, -0.830669088999969, 0.0 ], [ 103.054516590000048, -0.830693018999966, 0.0 ], [ 103.053549706000069, -0.830768993999925, 0.0 ], [ 103.051976280000076, -0.830892628999948, 0.0 ], [ 103.05065318000004, -0.830996618999961, 0.0 ], [ 103.048129291000066, -0.83045638699997, 0.0 ], [ 103.048088890000088, -0.830447738999965, 0.0 ], [ 103.047124280000048, -0.830241268999941, 0.0 ], [ 103.045203730000082, -0.830528228999924, 0.0 ], [ 103.043767700000046, -0.830747138999925, 0.0 ], [ 103.043119520000062, -0.831373578999944, 0.0 ], [ 103.04262553500007, -0.831850991999943, 0.0 ], [ 103.04210334000004, -0.83235566899998, 0.0 ], [ 103.041023860000053, -0.833403628999974, 0.0 ], [ 103.040884042000073, -0.833767017999946, 0.0 ], [ 103.040467798000066, -0.83484883899996, 0.0 ], [ 103.039944340000034, -0.836209308999969, 0.0 ], [ 103.039276903000086, -0.837953616999926, 0.0 ], [ 103.038528090000057, -0.839890138999976, 0.0 ], [ 103.038367484000048, -0.840247209999973, 0.0 ], [ 103.037618466000083, -0.841912484999966, 0.0 ], [ 103.037616220000075, -0.84191747899996, 0.0 ], [ 103.037608500000033, -0.841934628999979, 0.0 ], [ 103.036480442000084, -0.844411462999972, 0.0 ], [ 103.036194077000061, -0.845040222999955, 0.0 ], [ 103.036129266000046, -0.845182589999979, 0.0 ], [ 103.036014050000063, -0.84543550199993, 0.0 ], [ 103.036007630000086, -0.845449598999949, 0.0 ], [ 103.035963280000033, -0.845546978999948, 0.0 ], [ 103.035962847000064, -0.845547929999952, 0.0 ], [ 103.035280420000049, -0.84704630899995, 0.0 ], [ 103.035273361000066, -0.847061808999968, 0.0 ], [ 103.035230570000067, -0.847155758999975, 0.0 ], [ 103.034122470000057, -0.849249854999925, 0.0 ], [ 103.033529910000084, -0.850369678999925, 0.0 ], [ 103.033527548000052, -0.850374142999954, 0.0 ], [ 103.033118482000077, -0.851147181999977, 0.0 ], [ 103.033100270000034, -0.851181598999972, 0.0 ], [ 103.032620029000043, -0.852086034999957, 0.0 ], [ 103.032364020000045, -0.852572958999929, 0.0 ], [ 103.032124410000051, -0.852875750999942, 0.0 ], [ 103.030720545000065, -0.854649793999954, 0.0 ], [ 103.03023402000008, -0.85526460899996, 0.0 ], [ 103.030139280000071, -0.85538368899995, 0.0 ], [ 103.030107090000058, -0.85542414899993, 0.0 ], [ 103.026826160000041, -0.857826758999977, 0.0 ], [ 103.02634917000006, -0.858572808999952, 0.0 ], [ 103.025862870000083, -0.859333428999946, 0.0 ], [ 103.025785420000034, -0.86026315099997, 0.0 ], [ 103.025612820000049, -0.862335078999934, 0.0 ], [ 103.026297050000039, -0.863334188999943, 0.0 ], [ 103.027357280000047, -0.864860508999925, 0.0 ], [ 103.030867896000075, -0.86734241299996, 0.0 ] ] ] ] } },
{ "type": "Feature", "properties": { "fid": 20911.0, "gid": null, "kdprov": "15", "kdkab": "07", "kdkec": "021", "kddesa": "002", "iddesa": "1507021002", "nmprov": "JAMBI", "nmkab": "TANJUNG JABUNG BARAT", "nmkec": "SENYERANG", "nmdesa": "SUNGAI RAMBAI", "luas": null, "sumber": null, "periode": null, "layer": null, "path": null, "idkec": "1507021" }, "geometry": { "type": "MultiPolygon", "coordinates": [ [ [ [ 103.030881090000037, -0.867352968999967, 0.0 ], [ 103.030878570000084, -0.867349958999966, 0.0 ], [ 103.030867896000075, -0.86734241299996, 0.0 ], [ 103.027357280000047, -0.864860508999925, 0.0 ], [ 103.026297050000039, -0.863334188999943, 0.0 ], [ 103.025612820000049, -0.862335078999934, 0.0 ], [ 103.025785420000034, -0.86026315099997, 0.0 ], [ 103.025862870000083, -0.859333428999946, 0.0 ], [ 103.02634917000006, -0.858572808999952, 0.0 ], [ 103.026826160000041, -0.857826758999977, 0.0 ], [ 103.030107090000058, -0.85542414899993, 0.0 ], [ 103.030139280000071, -0.85538368899995, 0.0 ], [ 103.03023402000008, -0.85526460899996, 0.0 ], [ 103.030720545000065, -0.854649793999954, 0.0 ], [ 103.032124410000051, -0.852875750999942, 0.0 ], [ 103.032364020000045, -0.852572958999929, 0.0 ], [ 103.032620029000043, -0.852086034999957, 0.0 ], [ 103.033100270000034, -0.851181598999972, 0.0 ], [ 103.033118482000077, -0.851147181999977, 0.0 ], [ 103.033527548000052, -0.850374142999954, 0.0 ], [ 103.033529910000084, -0.850369678999925, 0.0 ], [ 103.034122470000057, -0.849249854999925, 0.0 ], [ 103.035230570000067, -0.847155758999975, 0.0 ], [ 103.035273361000066, -0.847061808999968, 0.0 ], [ 103.035280420000049, -0.84704630899995, 0.0 ], [ 103.035962847000064, -0.845547929999952, 0.0 ], [ 103.035963280000033, -0.845546978999948, 0.0 ], [ 103.036007630000086, -0.845449598999949, 0.0 ], [ 103.036014050000063, -0.84543550199993, 0.0 ], [ 103.036129266000046, -0.845182589999979, 0.0 ], [ 103.036194077000061, -0.845040222999955, 0.0 ], [ 103.036480442000084, -0.844411462999972, 0.0 ], [ 103.037608500000033, -0.841934628999979, 0.0 ], [ 103.037616220000075, -0.84191747899996, 0.0 ], [ 103.037618466000083, -0.841912484999966, 0.0 ], [ 103.038367484000048, -0.840247209999973, 0.0 ], [ 103.038528090000057, -0.839890138999976, 0.0 ], [ 103.039276903000086, -0.837953616999926, 0.0 ], [ 103.039944340000034, -0.836209308999969, 0.0 ], [ 103.040467798000066, -0.83484883899996, 0.0 ], [ 103.040884042000073, -0.833767017999946, 0.0 ], [ 103.041023860000053, -0.833403628999974, 0.0 ], [ 103.04210334000004, -0.83235566899998, 0.0 ], [ 103.04262553500007, -0.831850991999943, 0.0 ], [ 103.043119520000062, -0.831373578999944, 0.0 ], [ 103.043767700000046, -0.830747138999925, 0.0 ], [ 103.045203730000082, -0.830528228999924, 0.0 ], [ 103.047124280000048, -0.830241268999941, 0.0 ], [ 103.048088890000088, -0.830447738999965, 0.0 ], [ 103.048129291000066, -0.83045638699997, 0.0 ], [ 103.05065318000004, -0.830996618999961, 0.0 ], [ 103.051976280000076, -0.830892628999948, 0.0 ], [ 103.053549706000069, -0.830768993999925, 0.0 ], [ 103.054516590000048, -0.830693018999966, 0.0 ], [ 103.058057240000039, -0.835064148999948, 0.0 ], [ 103.058166282000059, -0.835360120999951, 0.0 ], [ 103.058477383000081, -0.836204536999958, 0.0 ], [ 103.059738550000077, -0.839627708999956, 0.0 ], [ 103.061014690000036, -0.841663119999964, 0.0 ], [ 103.062529580000046, -0.844079328999953, 0.0 ], [ 103.063889180000047, -0.847429588999944, 0.0 ], [ 103.06391724000008, -0.847498738999946, 0.0 ], [ 103.063967349000052, -0.84831229699995, 0.0 ], [ 103.064000770000064, -0.848854898999946, 0.0 ], [ 103.064106013000071, -0.850199165999925, 0.0 ], [ 103.065073790000042, -0.862560588999941, 0.0 ], [ 103.06699092000008, -0.874850028999958, 0.0 ], [ 103.068727599000056, -0.878701285999966, 0.0 ], [ 103.068758860000059, -0.878770608999957, 0.0 ], [ 103.063066245000073, -0.88031372599994, 0.0 ], [ 103.063055940000083, -0.880316518999962, 0.0 ], [ 103.063055930000075, -0.880316488999938, 0.0 ], [ 103.060593747000041, -0.880983899999933, 0.0 ], [ 103.060512110000047, -0.881006028999934, 0.0 ], [ 103.058666550000055, -0.883048544999951, 0.0 ], [ 103.058620880000035, -0.883099088999927, 0.0 ], [ 103.056796380000037, -0.886188588999971, 0.0 ], [ 103.056247018000079, -0.890227959999947, 0.0 ], [ 103.055534, -0.895470668999963, 0.0 ], [ 103.053948110000078, -0.894544288999953, 0.0 ], [ 103.050633590000075, -0.892800868999927, 0.0 ], [ 103.050630340000055, -0.892798528999947, 0.0 ], [ 103.050628570000072, -0.892797598999948, 0.0 ], [ 103.048099150000041, -0.890976878999936, 0.0 ], [ 103.047412360000067, -0.890567868999938, 0.0 ], [ 103.044953837000037, -0.889103723999938, 0.0 ], [ 103.044204529000069, -0.886742268999967, 0.0 ], [ 103.043058708000046, -0.88683978499995, 0.0 ], [ 103.039579149000076, -0.879440215999978, 0.0 ], [ 103.031845580000038, -0.873190412999975, 0.0 ], [ 103.030128919000049, -0.874429015999965, 0.0 ], [ 103.030105330000083, -0.874402158999942, 0.0 ], [ 103.030105150000054, -0.874401948999946, 0.0 ], [ 103.030106820000071, -0.874399978999975, 0.0 ], [ 103.030699300000038, -0.873693918999948, 0.0 ], [ 103.032237580000071, -0.871860678999951, 0.0 ], [ 103.032943230000058, -0.869875038999965, 0.0 ], [ 103.032948710000085, -0.869847998999944, 0.0 ], [ 103.032821888000058, -0.869694959999947, 0.0 ], [ 103.030881090000037, -0.867352968999967, 0.0 ] ] ] ] } },
{ "type": "Feature", "properties": { "fid": 21536.0, "gid": null, "kdprov": "15", "kdkab": "07", "kdkec": "040", "kddesa": "010", "iddesa": "1507040010", "nmprov": "JAMBI", "nmkab": "TANJUNG JABUNG BARAT", "nmkec": "BETARA", "nmdesa": "TERJUN GAJAH", "luas": null, "sumber": null, "periode": null, "layer": null, "path": null, "idkec": "1507040" }, "geometry": { "type": "MultiPolygon", "coordinates": [ [ [ [ 103.374099877000049, -1.23564461199993, 0.0 ], [ 103.373985522000055, -1.237385355999947, 0.0 ], [ 103.346766551000087, -1.237385355999947, 0.0 ], [ 103.342628372000036, -1.237385356999937, 0.0 ], [ 103.343787949000046, -1.232738058999928, 0.0 ], [ 103.344771155000046, -1.228797612999927, 0.0 ], [ 103.344758031000083, -1.228797735999933, 0.0 ], [ 103.344699026000058, -1.228798286999961, 0.0 ], [ 103.344676270000036, -1.228798498999936, 0.0 ], [ 103.340313750000064, -1.228839198999935, 0.0 ], [ 103.314603310000052, -1.229217788999961, 0.0 ], [ 103.304301505000069, -1.229275739999935, 0.0 ], [ 103.303537230000074, -1.229280038999946, 0.0 ], [ 103.287859250000054, -1.229368158999932, 0.0 ], [ 103.284122310000043, -1.22944261899994, 0.0 ], [ 103.279918440000074, -1.229526378999935, 0.0 ], [ 103.272739970000032, -1.229669398999931, 0.0 ], [ 103.264359250000041, -1.23076550899998, 0.0 ], [ 103.263987410000084, -1.230814138999961, 0.0 ], [ 103.261702230000083, -1.231113008999955, 0.0 ], [ 103.261220050000077, -1.231176078999965, 0.0 ], [ 103.261026690000051, -1.231201368999962, 0.0 ], [ 103.260826510000072, -1.231227548999925, 0.0 ], [ 103.260771370000043, -1.23123475899996, 0.0 ], [ 103.260609630000033, -1.23125590899997, 0.0 ], [ 103.260592440000039, -1.231258158999935, 0.0 ], [ 103.260581680000087, -1.231259568999974, 0.0 ], [ 103.260558850000052, -1.23126254899995, 0.0 ], [ 103.260543910000081, -1.231264508999971, 0.0 ], [ 103.245990008000035, -1.178716349999945, 0.0 ], [ 103.245986640000069, -1.178704188999973, 0.0 ], [ 103.244653460000052, -1.173890648999929, 0.0 ], [ 103.244635681000034, -1.172727442999928, 0.0 ], [ 103.244630020000045, -1.172357088999945, 0.0 ], [ 103.244585260000065, -1.169428908999976, 0.0 ], [ 103.244478550000053, -1.162448258999973, 0.0 ], [ 103.244284370000059, -1.149746558999936, 0.0 ], [ 103.244280950000075, -1.149522408999928, 0.0 ], [ 103.244233767000082, -1.14643640099996, 0.0 ], [ 103.244233720000068, -1.146433328999933, 0.0 ], [ 103.24417421000004, -1.142542668999965, 0.0 ], [ 103.244091260000062, -1.137120428999935, 0.0 ], [ 103.244086370000048, -1.136800438999956, 0.0 ], [ 103.244070690000058, -1.135775638999974, 0.0 ], [ 103.256724490000067, -1.135838728999943, 0.0 ], [ 103.264203630000054, -1.13587618899993, 0.0 ], [ 103.279145340000071, -1.134688798999946, 0.0 ], [ 103.28420852000005, -1.132890698999972, 0.0 ], [ 103.287139310000043, -1.131850008999947, 0.0 ], [ 103.352737660000059, -1.136764128999971, 0.0 ], [ 103.357125210000049, -1.13678916899994, 0.0 ], [ 103.36350372000004, -1.136825538999972, 0.0 ], [ 103.366634076000082, -1.136843394999971, 0.0 ], [ 103.378057679000051, -1.136908558999949, 0.0 ], [ 103.380341667000039, -1.138978331999965, 0.0 ], [ 103.390541627000061, -1.140169579999963, 0.0 ], [ 103.394908333000046, -1.140541665999933, 0.0 ], [ 103.395229750000055, -1.140645295999946, 0.0 ], [ 103.396100712000077, -1.140446654999948, 0.0 ], [ 103.397598157000061, -1.140202173999967, 0.0 ], [ 103.398667629000045, -1.138278172999946, 0.0 ], [ 103.40022872600008, -1.135881558999927, 0.0 ], [ 103.405907127000035, -1.138926227999946, 0.0 ], [ 103.406015274000083, -1.138935907999951, 0.0 ], [ 103.415718315000049, -1.13980448999996, 0.0 ], [ 103.41929016000006, -1.14012422899998, 0.0 ], [ 103.434107080000047, -1.14145058899993, 0.0 ], [ 103.434118270000056, -1.141583428999979, 0.0 ], [ 103.444599879000066, -1.141981899999962, 0.0 ], [ 103.444581701000061, -1.142357574999949, 0.0 ], [ 103.444569582000042, -1.142606005999937, 0.0 ], [ 103.444569582000042, -1.142854435999936, 0.0 ], [ 103.444527167000047, -1.143733031999943, 0.0 ], [ 103.44452110800006, -1.144435908999981, 0.0 ], [ 103.444539286000065, -1.14535086099994, 0.0 ], [ 103.444551231000048, -1.14575100899998, 0.0 ], [ 103.444551405000084, -1.14575683299995, 0.0 ], [ 103.444581701000061, -1.146211278999942, 0.0 ], [ 103.444618057000071, -1.146774791999974, 0.0 ], [ 103.444611997000038, -1.14715046799995, 0.0 ], [ 103.444569582000042, -1.147938174999979, 0.0 ], [ 103.444454456000074, -1.148816770999929, 0.0 ], [ 103.444363567000039, -1.149271216999978, 0.0 ], [ 103.444333270000072, -1.149889263999967, 0.0 ], [ 103.444339330000048, -1.150307353999949, 0.0 ], [ 103.444345389000034, -1.150695148999944, 0.0 ], [ 103.444339330000048, -1.151034467999978, 0.0 ], [ 103.444357507000063, -1.151349550999953, 0.0 ], [ 103.444375685000068, -1.151640396999937, 0.0 ], [ 103.444430219000083, -1.151907004999941, 0.0 ], [ 103.444464659000062, -1.152061985999978, 0.0 ], [ 103.444502930000056, -1.152234205999946, 0.0 ], [ 103.444575642000075, -1.152791660999981, 0.0 ], [ 103.444605938000052, -1.153324876999932, 0.0 ], [ 103.444587760000047, -1.153670256999931, 0.0 ], [ 103.444569582000042, -1.154136820999952, 0.0 ], [ 103.444575642000075, -1.154712452999945, 0.0 ], [ 103.444563523000056, -1.154997239999943, 0.0 ], [ 103.44452110800006, -1.155403210999964, 0.0 ], [ 103.444508990000088, -1.155706175999967, 0.0 ], [ 103.44452110800006, -1.155972783999971, 0.0 ], [ 103.444545345000051, -1.15651811999993, 0.0 ], [ 103.444593819000033, -1.157142225999962, 0.0 ], [ 103.444630175000043, -1.157845102999943, 0.0 ], [ 103.444630175000043, -1.158535860999962, 0.0 ], [ 103.444636234000086, -1.159390219999977, 0.0 ], [ 103.444654412000034, -1.160026443999925, 0.0 ], [ 103.444642294000062, -1.16062025399998, 0.0 ], [ 103.444636234000086, -1.161141352999948, 0.0 ], [ 103.444636234000086, -1.161414019999938, 0.0 ], [ 103.444654412000034, -1.161662450999927, 0.0 ], [ 103.444684709000057, -1.161929058999931, 0.0 ], [ 103.444739242000082, -1.162189608999938, 0.0 ], [ 103.444763479000073, -1.16240774299996, 0.0 ], [ 103.444787717000054, -1.162777358999961, 0.0 ], [ 103.44483013200005, -1.163019729999974, 0.0 ], [ 103.444908902000066, -1.163274219999948, 0.0 ], [ 103.445139155000049, -1.163886207999951, 0.0 ], [ 103.445375467000076, -1.164383068999939, 0.0 ], [ 103.445557246000078, -1.164770862999944, 0.0 ], [ 103.445739024000034, -1.165170775999968, 0.0 ], [ 103.445860210000035, -1.165455561999977, 0.0 ], [ 103.445902625000087, -1.165637340999979, 0.0 ], [ 103.445993514000065, -1.165800940999929, 0.0 ], [ 103.446354041000063, -1.166112993999946, 0.0 ], [ 103.446799399000042, -1.166400809999971, 0.0 ], [ 103.447081155000035, -1.16661288499995, 0.0 ], [ 103.447390179000081, -1.166821929999969, 0.0 ], [ 103.447617402000049, -1.166937056999927, 0.0 ], [ 103.447880981000083, -1.167073390999974, 0.0 ], [ 103.448256656000069, -1.167270316999975, 0.0 ], [ 103.448729280000066, -1.16752177799998, 0.0 ], [ 103.448877733000074, -1.167600547999939, 0.0 ], [ 103.449056481000071, -1.167712644999938, 0.0 ], [ 103.449153430000081, -1.167782326999941, 0.0 ], [ 103.449344297000039, -1.167973193999956, 0.0 ], [ 103.449541224000086, -1.168185268999935, 0.0 ], [ 103.449680588000035, -1.168430669999964, 0.0 ], [ 103.449716943000055, -1.168663951999974, 0.0 ], [ 103.449650291000069, -1.168894204999958, 0.0 ], [ 103.449480631000085, -1.169200198999931, 0.0 ], [ 103.449277645000052, -1.169478925999954, 0.0 ], [ 103.449129193000033, -1.169775830999924, 0.0 ], [ 103.44902012600005, -1.169993964999946, 0.0 ], [ 103.448904999000035, -1.170299958999976, 0.0 ], [ 103.448832288000062, -1.170548388999975, 0.0 ], [ 103.448753517000057, -1.17083923499996, 0.0 ], [ 103.44872322100008, -1.171090694999975, 0.0 ], [ 103.448708073000034, -1.171260354999959, 0.0 ], [ 103.448744428000055, -1.171457281999949, 0.0 ], [ 103.448805021000055, -1.171745097999974, 0.0 ], [ 103.448908029000052, -1.172072298999979, 0.0 ], [ 103.44903224400008, -1.172475240999972, 0.0 ], [ 103.449120104000087, -1.172714582999959, 0.0 ], [ 103.449292793000041, -1.173265977999961, 0.0 ], [ 103.449459424000054, -1.173699216999978, 0.0 ], [ 103.449662410000087, -1.174044595999931, 0.0 ], [ 103.449789655000075, -1.174274848999971, 0.0 ], [ 103.449938107000037, -1.174553575999937, 0.0 ], [ 103.449986581000076, -1.174705057999972, 0.0 ], [ 103.450010819000056, -1.174826242999927, 0.0 ], [ 103.450019907000069, -1.175014080999972, 0.0 ], [ 103.450025967000045, -1.175171621999937, 0.0 ], [ 103.450041115000033, -1.17574422499996, 0.0 ], [ 103.450065352000081, -1.176353182999947, 0.0 ], [ 103.450070510000046, -1.176572409999949, 0.0 ], [ 103.45005212500007, -1.176572722999936, 0.0 ], [ 103.449777536000056, -1.176577375999955, 0.0 ], [ 103.449432157000047, -1.17655919799995, 0.0 ], [ 103.449232201000086, -1.17655919799995, 0.0 ], [ 103.448892881000063, -1.176510723999968, 0.0 ], [ 103.448680806000084, -1.176492545999963, 0.0 ], [ 103.448480850000067, -1.176468308999972, 0.0 ], [ 103.448293012000079, -1.176456189999953, 0.0 ], [ 103.448111233000077, -1.176419834999933, 0.0 ], [ 103.44787492100005, -1.176347122999971, 0.0 ], [ 103.447499246000064, -1.176189581999949, 0.0 ], [ 103.447141748000035, -1.176086573999953, 0.0 ], [ 103.44686302100007, -1.175941150999961, 0.0 ], [ 103.446620650000057, -1.175826024999935, 0.0 ], [ 103.446487345000037, -1.175759372999948, 0.0 ], [ 103.446263152000085, -1.17564424699998, 0.0 ], [ 103.446117729000036, -1.175601831999927, 0.0 ], [ 103.445917773000076, -1.17557153499996, 0.0 ], [ 103.445766291000041, -1.175589712999965, 0.0 ], [ 103.445554216000062, -1.175583653999979, 0.0 ], [ 103.445402734000083, -1.175595771999951, 0.0 ], [ 103.445257311000034, -1.175613949999956, 0.0 ], [ 103.444869517000086, -1.175613949999956, 0.0 ], [ 103.444639264000045, -1.17560789099997, 0.0 ], [ 103.444415071000037, -1.17560789099997, 0.0 ], [ 103.444136344000071, -1.175589712999965, 0.0 ], [ 103.443960624000056, -1.175601831999927, 0.0 ], [ 103.443803083000034, -1.175577593999947, 0.0 ], [ 103.443427408000048, -1.175517001999935, 0.0 ], [ 103.443154740000068, -1.17551094199996, 0.0 ], [ 103.441809579000051, -1.175462467999978, 0.0 ], [ 103.441403607000041, -1.17543823099993, 0.0 ], [ 103.440846153000052, -1.175444289999973, 0.0 ], [ 103.440415944000051, -1.175432171999944, 0.0 ], [ 103.439785778000044, -1.175395815999934, 0.0 ], [ 103.439240443000074, -1.175386726999932, 0.0 ], [ 103.439046546000043, -1.175392785999975, 0.0 ], [ 103.438519388000088, -1.175371578999943, 0.0 ], [ 103.43833458000006, -1.175359459999925, 0.0 ], [ 103.438164920000077, -1.175356430999955, 0.0 ], [ 103.438055853000037, -1.175368548999927, 0.0 ], [ 103.437743800000078, -1.175356430999955, 0.0 ], [ 103.437277235000067, -1.175356430999955, 0.0 ], [ 103.436986390000072, -1.17533825299995, 0.0 ], [ 103.436386521000088, -1.175341281999977, 0.0 ], [ 103.436297535000051, -1.175344422999956, 0.0 ], [ 103.43612900100004, -1.175350370999979, 0.0 ], [ 103.435538221000058, -1.175344311999936, 0.0 ], [ 103.435129219000032, -1.175350370999979, 0.0 ], [ 103.434808077000071, -1.175350370999979, 0.0 ], [ 103.434547528000053, -1.17533825299995, 0.0 ], [ 103.434347572000036, -1.175356430999955, 0.0 ], [ 103.434135497000057, -1.175386726999932, 0.0 ], [ 103.434044608000079, -1.175380667999946, 0.0 ], [ 103.433914333000075, -1.175389756999948, 0.0 ], [ 103.433696199000053, -1.175371578999943, 0.0 ], [ 103.433356879000087, -1.175353400999938, 0.0 ], [ 103.433035737000068, -1.175323104999961, 0.0 ], [ 103.432687328000043, -1.175286748999952, 0.0 ], [ 103.432411631000036, -1.175244333999956, 0.0 ], [ 103.432148052000059, -1.175214036999932, 0.0 ], [ 103.43189962200006, -1.175168592999967, 0.0 ], [ 103.431748139000035, -1.175153444999978, 0.0 ], [ 103.431645132000085, -1.175141325999959, 0.0 ], [ 103.431560302000037, -1.175138295999943, 0.0 ], [ 103.43149365000005, -1.175132236999957, 0.0 ], [ 103.431402760000083, -1.175117088999968, 0.0 ], [ 103.431275515000038, -1.175092851999977, 0.0 ], [ 103.431183437000072, -1.175077215999977, 0.0 ], [ 103.431114944000058, -1.17506558499997, 0.0 ], [ 103.431121052000037, -1.175077215999977, 0.0 ], [ 103.431128683000054, -1.175091745999964, 0.0 ], [ 103.43106784400004, -1.175077251999937, 0.0 ], [ 103.430920130000061, -1.175582827999961, 0.0 ], [ 103.429140165000035, -1.18167508099998, 0.0 ], [ 103.427405779000082, -1.187611329999925, 0.0 ], [ 103.425426371000071, -1.191450810999925, 0.0 ], [ 103.424057812000058, -1.194105420999961, 0.0 ], [ 103.423382720000063, -1.195414905999939, 0.0 ], [ 103.423313919000066, -1.195548358999929, 0.0 ], [ 103.423296614000037, -1.195605200999978, 0.0 ], [ 103.423317951000058, -1.195717705999925, 0.0 ], [ 103.423346176000052, -1.19581044399996, 0.0 ], [ 103.423406657000044, -1.195935437999935, 0.0 ], [ 103.423507459000064, -1.196112849999963, 0.0 ], [ 103.423616325000069, -1.196278164999967, 0.0 ], [ 103.42362064200006, -1.196282979999978, 0.0 ], [ 103.423721159000081, -1.196395094999957, 0.0 ], [ 103.423850185000049, -1.196592666999948, 0.0 ], [ 103.423955019000061, -1.196830558999977, 0.0 ], [ 103.423963083000046, -1.196939425999972, 0.0 ], [ 103.423967115000039, -1.197112804999961, 0.0 ], [ 103.423926795000057, -1.197318440999936, 0.0 ], [ 103.423842121000064, -1.197624878999932, 0.0 ], [ 103.423828299000036, -1.197666344999959, 0.0 ], [ 103.423317951000058, -1.199701397999945, 0.0 ], [ 103.423253438000074, -1.200084445999948, 0.0 ], [ 103.423259486000063, -1.200225567999951, 0.0 ], [ 103.423315935000062, -1.200455396999928, 0.0 ], [ 103.423331258000076, -1.20063160899997, 0.0 ], [ 103.423334319000048, -1.200648928999954, 0.0 ], [ 103.423444961000087, -1.201044079999974, 0.0 ], [ 103.423565924000059, -1.201390838999941, 0.0 ], [ 103.423662694000086, -1.20188275199996, 0.0 ], [ 103.423719143000085, -1.202358536999952, 0.0 ], [ 103.423694950000083, -1.202689167999949, 0.0 ], [ 103.423614309000072, -1.20312463199997, 0.0 ], [ 103.423501411000075, -1.203382684999951, 0.0 ], [ 103.423436897000045, -1.203608480999947, 0.0 ], [ 103.423396577000062, -1.203793956999959, 0.0 ], [ 103.42342883300006, -1.204043945999956, 0.0 ], [ 103.423525603000087, -1.204600371999959, 0.0 ], [ 103.42354576300005, -1.20566484099993, 0.0 ], [ 103.423380448000046, -1.206160785999941, 0.0 ], [ 103.423190941000087, -1.206539800999963, 0.0 ], [ 103.423049818000038, -1.206757533999962, 0.0 ], [ 103.421525289000044, -1.206994506999933, 0.0 ], [ 103.421493436000048, -1.206999457999927, 0.0 ], [ 103.420461224000064, -1.208031669999968, 0.0 ], [ 103.419396756000083, -1.208241337999937, 0.0 ], [ 103.418840329000034, -1.208410684999933, 0.0 ], [ 103.418009721000033, -1.208692930999973, 0.0 ], [ 103.417783925000037, -1.208773571999927, 0.0 ], [ 103.417477487000042, -1.208967111999925, 0.0 ], [ 103.416956806000087, -1.209245615999976, 0.0 ], [ 103.417009686000085, -1.215353217999962, 0.0 ], [ 103.417036221000046, -1.21841797999997, 0.0 ], [ 103.413475772000083, -1.219758384999977, 0.0 ], [ 103.411933246000046, -1.220339099999933, 0.0 ], [ 103.409458645000086, -1.221270713999957, 0.0 ], [ 103.408741943000052, -1.221126242999958, 0.0 ], [ 103.404975038000032, -1.218671770999947, 0.0 ], [ 103.403645446000041, -1.217805424999938, 0.0 ], [ 103.399129520000088, -1.216386133999947, 0.0 ], [ 103.375148280000076, -1.217605742999979, 0.0 ], [ 103.375129154000035, -1.218544256999962, 0.0 ], [ 103.374568616000033, -1.228509369999927, 0.0 ], [ 103.374099877000049, -1.23564461199993, 0.0 ] ] ] ] } },
{ "type": "Feature", "properties": { "fid": 21194.0, "gid": null, "kdprov": "15", "kdkab": "07", "kdkec": "013", "kddesa": "010", "iddesa": "1507013010", "nmprov": "JAMBI", "nmkab": "TANJUNG JABUNG BARAT", "nmkec": "TEBING TINGGI", "nmdesa": "TELUK PENGKAH", "luas": null, "sumber": null, "periode": null, "layer": null, "path": null, "idkec": "1507013" }, "geometry": { "type": "MultiPolygon", "coordinates": [ [ [ [ 103.080900620000079, -1.032575148999967, 0.0 ], [ 103.080663291000064, -1.034294064999926, 0.0 ], [ 103.080550620000054, -1.035110108999959, 0.0 ], [ 103.070314560000043, -1.035073428999965, 0.0 ], [ 103.069788450000033, -1.038037548999966, 0.0 ], [ 103.07058604000008, -1.040190018999965, 0.0 ], [ 103.071787990000075, -1.04803058899995, 0.0 ], [ 103.072709040000063, -1.054038868999953, 0.0 ], [ 103.072812119000048, -1.054469887999971, 0.0 ], [ 103.070412274000034, -1.054469887999971, 0.0 ], [ 103.066513999000051, -1.054469887999971, 0.0 ], [ 103.066397190000032, -1.054402788999937, 0.0 ], [ 103.05869172000007, -1.053929018999952, 0.0 ], [ 103.058683360000032, -1.053924958999971, 0.0 ], [ 103.058671320000087, -1.053919108999935, 0.0 ], [ 103.058671170000082, -1.053919048999944, 0.0 ], [ 103.058421530000032, -1.053833098999974, 0.0 ], [ 103.058377090000079, -1.053817798999944, 0.0 ], [ 103.058365940000044, -1.053813958999967, 0.0 ], [ 103.058365930000036, -1.053813918999936, 0.0 ], [ 103.043613840000035, -1.048733038999956, 0.0 ], [ 103.041643090000036, -1.048054268999977, 0.0 ], [ 103.034865600000046, -1.048841568999933, 0.0 ], [ 103.030500130000064, -1.049348668999926, 0.0 ], [ 103.025411730000087, -1.045276078999962, 0.0 ], [ 103.024814190000086, -1.043046038999933, 0.0 ], [ 103.025774990000059, -1.041963348999957, 0.0 ], [ 103.025830080000048, -1.041901268999936, 0.0 ], [ 103.025836780000077, -1.041893718999972, 0.0 ], [ 103.025836820000052, -1.041893668999933, 0.0 ], [ 103.025836860000084, -1.041893628999958, 0.0 ], [ 103.025836900000058, -1.041893588999926, 0.0 ], [ 103.025836860000084, -1.041893508999976, 0.0 ], [ 103.025835820000054, -1.041891308999936, 0.0 ], [ 103.025835680000057, -1.041891018999934, 0.0 ], [ 103.025825420000047, -1.041869418999966, 0.0 ], [ 103.025824840000041, -1.041868208999972, 0.0 ], [ 103.025795170000038, -1.04180576899995, 0.0 ], [ 103.025790780000079, -1.041796518999945, 0.0 ], [ 103.025694780000038, -1.041594518999943, 0.0 ], [ 103.025668060000044, -1.041538268999943, 0.0 ], [ 103.025537820000068, -1.041264208999962, 0.0 ], [ 103.025315330000069, -1.041244578999965, 0.0 ], [ 103.025284640000052, -1.041241868999975, 0.0 ], [ 103.024090480000041, -1.041136508999955, 0.0 ], [ 103.022799930000076, -1.04113568899993, 0.0 ], [ 103.02187586000008, -1.040381518999936, 0.0 ], [ 103.022052260000066, -1.039537138999947, 0.0 ], [ 103.023341490000064, -1.037844178999933, 0.0 ], [ 103.02389117000007, -1.036772758999973, 0.0 ], [ 103.023948680000046, -1.036135618999936, 0.0 ], [ 103.023977330000037, -1.035818278999955, 0.0 ], [ 103.02365216000004, -1.035097978999943, 0.0 ], [ 103.022844350000071, -1.034671638999953, 0.0 ], [ 103.021872140000085, -1.034881548999977, 0.0 ], [ 103.021663310000065, -1.034369458999947, 0.0 ], [ 103.022601240000085, -1.031925088999969, 0.0 ], [ 103.023468870000045, -1.031712718999927, 0.0 ], [ 103.024076780000087, -1.032569548999959, 0.0 ], [ 103.024515960000087, -1.033402358999979, 0.0 ], [ 103.025661610000043, -1.033285848999981, 0.0 ], [ 103.027064620000033, -1.032066638999936, 0.0 ], [ 103.026288700000066, -1.030020698999977, 0.0 ], [ 103.025422448000086, -1.026690615999939, 0.0 ], [ 103.026684899000088, -1.025561805999928, 0.0 ], [ 103.027358370000059, -1.025892188999933, 0.0 ], [ 103.028779, -1.026940918999969, 0.0 ], [ 103.030972370000086, -1.027490128999943, 0.0 ], [ 103.03429519000008, -1.026976788999946, 0.0 ], [ 103.03510588000006, -1.026851538999949, 0.0 ], [ 103.037691950000067, -1.026527778999935, 0.0 ], [ 103.042929310000034, -1.028152028999955, 0.0 ], [ 103.043992950000074, -1.027258078999978, 0.0 ], [ 103.042437440000072, -1.023992418999967, 0.0 ], [ 103.037958150000065, -1.022606878999966, 0.0 ], [ 103.036582420000059, -1.021960098999955, 0.0 ], [ 103.03622603000008, -1.021768488999953, 0.0 ], [ 103.035394610000083, -1.021057448999954, 0.0 ], [ 103.034579970000038, -1.020123928999965, 0.0 ], [ 103.034003090000056, -1.019018308999932, 0.0 ], [ 103.031364030000077, -1.014069648999964, 0.0 ], [ 103.028905610000038, -1.009459718999949, 0.0 ], [ 103.026126830000067, -1.006216398999925, 0.0 ], [ 103.021422620000067, -1.003498238999953, 0.0 ], [ 103.019605400000046, -1.001918198999931, 0.0 ], [ 103.019356530000039, -1.000793648999945, 0.0 ], [ 103.020426540000074, -0.999945018999938, 0.0 ], [ 103.020140994000087, -0.997783283999979, 0.0 ], [ 103.020226195000077, -0.992662268999936, 0.0 ], [ 103.023563470000056, -0.992526588999965, 0.0 ], [ 103.022458830000062, -0.97950377899997, 0.0 ], [ 103.022459230000038, -0.97950377899997, 0.0 ], [ 103.035254136000049, -0.979557101999944, 0.0 ], [ 103.044822630000056, -0.97959697899995, 0.0 ], [ 103.046387090000053, -0.97960349899995, 0.0 ], [ 103.052624030000061, -0.979726488999972, 0.0 ], [ 103.055405560000054, -0.984890008999969, 0.0 ], [ 103.075504920000071, -0.98893204899997, 0.0 ], [ 103.069288290000088, -0.993648158999974, 0.0 ], [ 103.068350330000044, -0.995054368999945, 0.0 ], [ 103.068257610000046, -0.998395278999965, 0.0 ], [ 103.068284020000078, -0.999380708999979, 0.0 ], [ 103.068155760000082, -1.001722708999978, 0.0 ], [ 103.067988670000034, -1.005454898999972, 0.0 ], [ 103.066487510000059, -1.007746388999976, 0.0 ], [ 103.075070750000066, -1.007233208999935, 0.0 ], [ 103.075465130000055, -1.007276488999935, 0.0 ], [ 103.076684860000057, -1.007410338999932, 0.0 ], [ 103.077506930000084, -1.007833838999943, 0.0 ], [ 103.077836020000063, -1.008644318999927, 0.0 ], [ 103.077362906000076, -1.009412004999945, 0.0 ], [ 103.077391440000042, -1.010704558999976, 0.0 ], [ 103.077544433000071, -1.011420905999955, 0.0 ], [ 103.077793480000082, -1.012032688999966, 0.0 ], [ 103.078757920000044, -1.01293796899995, 0.0 ], [ 103.079351910000071, -1.013214328999936, 0.0 ], [ 103.079653660000076, -1.013310278999938, 0.0 ], [ 103.079753525000058, -1.013342031999969, 0.0 ], [ 103.080281030000037, -1.01350975899993, 0.0 ], [ 103.080836651000084, -1.013893490999976, 0.0 ], [ 103.081452544000058, -1.014318849999938, 0.0 ], [ 103.081571100000076, -1.014400728999931, 0.0 ], [ 103.082045917000073, -1.014553109999952, 0.0 ], [ 103.08270962000006, -1.014766108999936, 0.0 ], [ 103.083667870000056, -1.015623728999969, 0.0 ], [ 103.083176850000086, -1.016345268999942, 0.0 ], [ 103.082610670000065, -1.017101878999938, 0.0 ], [ 103.082484900000054, -1.017258668999943, 0.0 ], [ 103.081557316000044, -1.016764780999949, 0.0 ], [ 103.081356369000048, -1.016691887999968, 0.0 ], [ 103.080893432000039, -1.016525882999929, 0.0 ], [ 103.080488866000053, -1.016366303999973, 0.0 ], [ 103.080371810000088, -1.016320130999929, 0.0 ], [ 103.080364969000073, -1.016317432999926, 0.0 ], [ 103.080363005000038, -1.016316657999937, 0.0 ], [ 103.080362875000048, -1.016316606999965, 0.0 ], [ 103.079812537000066, -1.016810289999967, 0.0 ], [ 103.079352552000046, -1.01729200699998, 0.0 ], [ 103.079309567000053, -1.017432281999959, 0.0 ], [ 103.079053320000071, -1.017220323999936, 0.0 ], [ 103.078823999000065, -1.017417554999952, 0.0 ], [ 103.078642380000076, -1.017573758999958, 0.0 ], [ 103.078661897000075, -1.018326886999944, 0.0 ], [ 103.079746907000072, -1.018906805999961, 0.0 ], [ 103.080056482000032, -1.019072268999935, 0.0 ], [ 103.080412980000062, -1.019554325999934, 0.0 ], [ 103.080480244000057, -1.019861496999965, 0.0 ], [ 103.080487905000041, -1.019899803999976, 0.0 ], [ 103.080284809000034, -1.019938380999974, 0.0 ], [ 103.080052331000047, -1.019982538999955, 0.0 ], [ 103.079817901000069, -1.020118405999938, 0.0 ], [ 103.07980610900006, -1.020114117999924, 0.0 ], [ 103.079725701000086, -1.020126798999968, 0.0 ], [ 103.079730095000059, -1.020176013999958, 0.0 ], [ 103.079658249000033, -1.020281317999945, 0.0 ], [ 103.079612702000077, -1.020361572999946, 0.0 ], [ 103.079494830000044, -1.02054198299993, 0.0 ], [ 103.079369510000049, -1.020586503999937, 0.0 ], [ 103.079235144000052, -1.020753000999946, 0.0 ], [ 103.078984257000059, -1.021234703999937, 0.0 ], [ 103.078920991000075, -1.021564548999947, 0.0 ], [ 103.078875322000044, -1.021802651999963, 0.0 ], [ 103.078911366000057, -1.024181591999934, 0.0 ], [ 103.078875322000044, -1.025010615999975, 0.0 ], [ 103.078136409000081, -1.025821617999952, 0.0 ], [ 103.078010253000059, -1.026254152999968, 0.0 ], [ 103.078929389000052, -1.027119221999953, 0.0 ], [ 103.079318873000034, -1.027508705999935, 0.0 ], [ 103.079228132000082, -1.02754759499993, 0.0 ], [ 103.079197021000084, -1.027578706999975, 0.0 ], [ 103.079129613000077, -1.02767204099996, 0.0 ], [ 103.078851340000085, -1.027915418999953, 0.0 ], [ 103.077460301000087, -1.029151235999962, 0.0 ], [ 103.080900620000079, -1.032575148999967, 0.0 ] ] ] ] } },
{ "type": "Feature", "properties": { "fid": 21600.0, "gid": null, "kdprov": "15", "kdkab": "07", "kdkec": "014", "kddesa": "009", "iddesa": "1507014009", "nmprov": "JAMBI", "nmkab": "TANJUNG JABUNG BARAT", "nmkec": "RENAH MENDALUH", "nmdesa": "SUNGAI PAUR", "luas": null, "sumber": null, "periode": null, "layer": null, "path": null, "idkec": "1507014" }, "geometry": { "type": "MultiPolygon", "coordinates": [ [ [ [ 102.820977532000086, -1.356869100999972, 0.0 ], [ 102.815498252000054, -1.355516192999971, 0.0 ], [ 102.814184944000033, -1.355191918999935, 0.0 ], [ 102.813183506000087, -1.355144976999952, 0.0 ], [ 102.808817961000045, -1.354940341999963, 0.0 ], [ 102.807473466000033, -1.354757001999928, 0.0 ], [ 102.803545013000075, -1.354221303999964, 0.0 ], [ 102.797333224000056, -1.353374240999926, 0.0 ], [ 102.795047176000082, -1.353062507999937, 0.0 ], [ 102.794661336000047, -1.353009893999968, 0.0 ], [ 102.79467376000008, -1.352895859999933, 0.0 ], [ 102.794699397000045, -1.352660543999946, 0.0 ], [ 102.791060793000042, -1.351376329999937, 0.0 ], [ 102.791060705000064, -1.351366304999942, 0.0 ], [ 102.791009455000051, -1.345523862999926, 0.0 ], [ 102.790980826000066, -1.342260107999948, 0.0 ], [ 102.790911090000066, -1.342098508999925, 0.0 ], [ 102.790005690000044, -1.33538327399998, 0.0 ], [ 102.790003959000046, -1.335370433999969, 0.0 ], [ 102.797295195000061, -1.335306023999976, 0.0 ], [ 102.80009427400006, -1.335281296999938, 0.0 ], [ 102.800847801000032, -1.335274639999966, 0.0 ], [ 102.803666507000059, -1.331906524999965, 0.0 ], [ 102.808296029000076, -1.326374638999937, 0.0 ], [ 102.808643109000059, -1.326372576999972, 0.0 ], [ 102.819333870000037, -1.316228059999958, 0.0 ], [ 102.819364766000035, -1.314554170999941, 0.0 ], [ 102.820440019000046, -1.313961767999956, 0.0 ], [ 102.825025278000055, -1.318899739999949, 0.0 ], [ 102.834061826000038, -1.328631406999932, 0.0 ], [ 102.835905417000049, -1.323883292999938, 0.0 ], [ 102.837479604000066, -1.319829015999971, 0.0 ], [ 102.837750430000085, -1.319131514999924, 0.0 ], [ 102.838066425000079, -1.318317677999971, 0.0 ], [ 102.83806289000006, -1.318093233999946, 0.0 ], [ 102.838350600000069, -1.317492268999956, 0.0 ], [ 102.838356141000077, -1.317480750999948, 0.0 ], [ 102.840134619000082, -1.325025808999953, 0.0 ], [ 102.847594666000077, -1.337264411999968, 0.0 ], [ 102.855506523000088, -1.350244230999976, 0.0 ], [ 102.85470487200007, -1.374133428999926, 0.0 ], [ 102.85905923200005, -1.377512932999934, 0.0 ], [ 102.858975670000063, -1.377503098999966, 0.0 ], [ 102.858931345000087, -1.377581901999974, 0.0 ], [ 102.85751520000008, -1.380099568999981, 0.0 ], [ 102.857993200000067, -1.381128598999965, 0.0 ], [ 102.859371940000074, -1.382703638999942, 0.0 ], [ 102.860658480000041, -1.385398488999954, 0.0 ], [ 102.860477780000053, -1.386789318999945, 0.0 ], [ 102.859954364000032, -1.387608696999962, 0.0 ], [ 102.859806590000062, -1.38784002899996, 0.0 ], [ 102.858695020000084, -1.388312648999943, 0.0 ], [ 102.857839280000064, -1.389086298999928, 0.0 ], [ 102.856470890000082, -1.389038678999952, 0.0 ], [ 102.85607492400004, -1.388814000999957, 0.0 ], [ 102.850117745000034, -1.392785453999977, 0.0 ], [ 102.848570414000051, -1.393817007999928, 0.0 ], [ 102.841221575000077, -1.396015378999948, 0.0 ], [ 102.824384502000044, -1.370329624999954, 0.0 ], [ 102.825987495000049, -1.36965110899996, 0.0 ], [ 102.831096507000041, -1.367531412999938, 0.0 ], [ 102.833087119000083, -1.366743320999944, 0.0 ], [ 102.833387816000084, -1.365332355999954, 0.0 ], [ 102.833389503000035, -1.365324438999949, 0.0 ], [ 102.833362483000087, -1.365322489999926, 0.0 ], [ 102.833344367000052, -1.365315433999967, 0.0 ], [ 102.828021698000043, -1.36324239399994, 0.0 ], [ 102.821009910000043, -1.356898395999963, 0.0 ], [ 102.820977532000086, -1.356869100999972, 0.0 ] ] ] ] } },
{ "type": "Feature", "properties": { "fid": 21570.0, "gid": null, "kdprov": "15", "kdkab": "07", "kdkec": "014", "kddesa": "007", "iddesa": "1507014007", "nmprov": "JAMBI", "nmkab": "TANJUNG JABUNG BARAT", "nmkec": "RENAH MENDALUH", "nmdesa": "MUARA DANAU", "luas": null, "sumber": null, "periode": null, "layer": null, "path": null, "idkec": "1507014" }, "geometry": { "type": "MultiPolygon", "coordinates": [ [ [ [ 102.824841497000079, -1.285697988999971, 0.0 ], [ 102.823116493000043, -1.285697988999971, 0.0 ], [ 102.82021771400008, -1.289418809999972, 0.0 ], [ 102.805755975000068, -1.294742008999947, 0.0 ], [ 102.805489632000047, -1.294090102999974, 0.0 ], [ 102.804891166000061, -1.292625284999929, 0.0 ], [ 102.803899257000069, -1.292978566999977, 0.0 ], [ 102.80180673600006, -1.293426964999981, 0.0 ], [ 102.80173265500008, -1.293511146999947, 0.0 ], [ 102.795763376000082, -1.295007597999927, 0.0 ], [ 102.795562410000059, -1.295057978999978, 0.0 ], [ 102.790920010000036, -1.293411728999956, 0.0 ], [ 102.790717460000053, -1.293339897999942, 0.0 ], [ 102.790683880000074, -1.293327988999977, 0.0 ], [ 102.790704699000059, -1.292189965999967, 0.0 ], [ 102.790771130000053, -1.288558578999925, 0.0 ], [ 102.785896741000045, -1.288524110999958, 0.0 ], [ 102.775179836000063, -1.288448327999959, 0.0 ], [ 102.767639690000067, -1.288395008999942, 0.0 ], [ 102.767645040000048, -1.288178168999934, 0.0 ], [ 102.76742481000008, -1.286245678999933, 0.0 ], [ 102.767231910000078, -1.285946468999953, 0.0 ], [ 102.766488460000062, -1.284793288999936, 0.0 ], [ 102.764800420000086, -1.283766438999976, 0.0 ], [ 102.763558990000035, -1.283371469999963, 0.0 ], [ 102.762784560000057, -1.282522418999974, 0.0 ], [ 102.76236490000008, -1.28045415899993, 0.0 ], [ 102.762332281000056, -1.280075124999939, 0.0 ], [ 102.762208440000052, -1.278636088999974, 0.0 ], [ 102.761315150000087, -1.275984168999969, 0.0 ], [ 102.759631390000038, -1.273634548999951, 0.0 ], [ 102.759509722000075, -1.273510272999943, 0.0 ], [ 102.756759050000085, -1.270700638999926, 0.0 ], [ 102.75381856000007, -1.268259028999978, 0.0 ], [ 102.753325550000056, -1.268012748999979, 0.0 ], [ 102.751448960000062, -1.267075308999949, 0.0 ], [ 102.746327520000079, -1.262889648999931, 0.0 ], [ 102.742378340000073, -1.260757738999928, 0.0 ], [ 102.739365460000045, -1.259872848999976, 0.0 ], [ 102.73924844000004, -1.259838478999939, 0.0 ], [ 102.735244880000039, -1.259706209999933, 0.0 ], [ 102.732956320000085, -1.260575278999966, 0.0 ], [ 102.730984370000044, -1.260838658999944, 0.0 ], [ 102.727348790000065, -1.261623218999944, 0.0 ], [ 102.725354430000039, -1.261704778999956, 0.0 ], [ 102.723172570000088, -1.261036308999962, 0.0 ], [ 102.721826320000048, -1.260080728999981, 0.0 ], [ 102.719171970000048, -1.257563678999929, 0.0 ], [ 102.718120010000064, -1.255691858999967, 0.0 ], [ 102.717249180000067, -1.253221818999975, 0.0 ], [ 102.716017740000041, -1.250047048999932, 0.0 ], [ 102.715333990000033, -1.248796658999936, 0.0 ], [ 102.712461830000052, -1.245794668999963, 0.0 ], [ 102.712042530000076, -1.245467898999948, 0.0 ], [ 102.710717181000064, -1.244435017999933, 0.0 ], [ 102.710574190000045, -1.244323578999968, 0.0 ], [ 102.708813730000088, -1.24373881899993, 0.0 ], [ 102.705917040000088, -1.243016718999968, 0.0 ], [ 102.703441330000032, -1.242810038999949, 0.0 ], [ 102.701229720000072, -1.241800708999961, 0.0 ], [ 102.699951450000071, -1.240580118999958, 0.0 ], [ 102.698959280000054, -1.238430248999975, 0.0 ], [ 102.698479220000081, -1.237390028999926, 0.0 ], [ 102.69629961000004, -1.234184168999946, 0.0 ], [ 102.694670720000033, -1.22938819899997, 0.0 ], [ 102.69340236000005, -1.225387848999958, 0.0 ], [ 102.691688260000035, -1.223424608999949, 0.0 ], [ 102.68961266000008, -1.221786768999948, 0.0 ], [ 102.688349020000032, -1.221066108999935, 0.0 ], [ 102.687634870000068, -1.219706388999953, 0.0 ], [ 102.687726480000038, -1.217527958999938, 0.0 ], [ 102.688179800000057, -1.216536528999939, 0.0 ], [ 102.684792640000069, -1.208595758999934, 0.0 ], [ 102.68390708000004, -1.205731918999959, 0.0 ], [ 102.683985490000055, -1.201997868999968, 0.0 ], [ 102.684393740000075, -1.199756228999945, 0.0 ], [ 102.685314150000067, -1.196977248999929, 0.0 ], [ 102.685729880000054, -1.194781058999979, 0.0 ], [ 102.685444810000035, -1.193720418999931, 0.0 ], [ 102.684468720000041, -1.191098888999932, 0.0 ], [ 102.683469400000035, -1.18926506899993, 0.0 ], [ 102.682138470000041, -1.188029338999968, 0.0 ], [ 102.679588510000087, -1.186724408999964, 0.0 ], [ 102.676617880000038, -1.184548088999975, 0.0 ], [ 102.675956970000072, -1.182987238999942, 0.0 ], [ 102.675769720000062, -1.181926688999965, 0.0 ], [ 102.67499784000006, -1.178063178999935, 0.0 ], [ 102.673782250000045, -1.176647128999946, 0.0 ], [ 102.672772550000047, -1.175470928999971, 0.0 ], [ 102.671199830000035, -1.173077728999942, 0.0 ], [ 102.671119110000063, -1.172954898999933, 0.0 ], [ 102.669643230000077, -1.168912, 0.0 ], [ 102.669531300000074, -1.168605388999936, 0.0 ], [ 102.672392320000085, -1.17148986899997, 0.0 ], [ 102.686107080000056, -1.181499018999943, 0.0 ], [ 102.708751010000071, -1.198786988999927, 0.0 ], [ 102.739187650000076, -1.204576918999976, 0.0 ], [ 102.789186870000037, -1.215799248999929, 0.0 ], [ 102.793385130000047, -1.216741538999941, 0.0 ], [ 102.793421300000034, -1.216749658999959, 0.0 ], [ 102.813153790000058, -1.221178438999971, 0.0 ], [ 102.819417930000043, -1.222395748999929, 0.0 ], [ 102.821802190000085, -1.222399348999943, 0.0 ], [ 102.834399867000059, -1.234261755999967, 0.0 ], [ 102.837937940000074, -1.237593327999946, 0.0 ], [ 102.842948576000083, -1.242311514999926, 0.0 ], [ 102.845516530000054, -1.244729588999974, 0.0 ], [ 102.849916309000037, -1.247397756999931, 0.0 ], [ 102.861541320000072, -1.254447538999955, 0.0 ], [ 102.861559200000045, -1.25451198899998, 0.0 ], [ 102.861599776000048, -1.254659219999951, 0.0 ], [ 102.861917310000081, -1.255811398999924, 0.0 ], [ 102.866013850000058, -1.270953538999947, 0.0 ], [ 102.865735690000065, -1.28047584899997, 0.0 ], [ 102.864368240000033, -1.283283028999961, 0.0 ], [ 102.86327158000006, -1.285534328999972, 0.0 ], [ 102.86170922000008, -1.289688278999961, 0.0 ], [ 102.861656660000051, -1.289831488999937, 0.0 ], [ 102.861655865000046, -1.289833655999928, 0.0 ], [ 102.861641170000041, -1.289873708999949, 0.0 ], [ 102.860574630000087, -1.290270258999954, 0.0 ], [ 102.859066450000057, -1.291565198999933, 0.0 ], [ 102.858082300000035, -1.292033378999975, 0.0 ], [ 102.85737682000007, -1.289274378999949, 0.0 ], [ 102.856361220000053, -1.285302608999928, 0.0 ], [ 102.856331954000041, -1.285188157999926, 0.0 ], [ 102.855160270000056, -1.280605978999972, 0.0 ], [ 102.857291691000057, -1.272111345999974, 0.0 ], [ 102.857848589000071, -1.269891867999945, 0.0 ], [ 102.85784979400006, -1.269868670999927, 0.0 ], [ 102.857865741000069, -1.269561696999972, 0.0 ], [ 102.856589240000062, -1.269523941999978, 0.0 ], [ 102.853883848000066, -1.269443922999926, 0.0 ], [ 102.853892116000054, -1.269080942999949, 0.0 ], [ 102.852861120000057, -1.269413672999974, 0.0 ], [ 102.851250491000087, -1.269366034999962, 0.0 ], [ 102.848218405000068, -1.269276353999942, 0.0 ], [ 102.846100365000041, -1.269359846999976, 0.0 ], [ 102.843786930000078, -1.269259658999943, 0.0 ], [ 102.843787575000079, -1.269410845999971, 0.0 ], [ 102.843799140000044, -1.272123818999944, 0.0 ], [ 102.843810900000051, -1.274880708999945, 0.0 ], [ 102.843816633000074, -1.276225260999979, 0.0 ], [ 102.842805690000034, -1.278289862999941, 0.0 ], [ 102.83760318800006, -1.278248863999977, 0.0 ], [ 102.837388110000063, -1.27824716899994, 0.0 ], [ 102.837349277000044, -1.280373463999979, 0.0 ], [ 102.83502979900004, -1.281277667999973, 0.0 ], [ 102.834382922000032, -1.282733138999959, 0.0 ], [ 102.831364166000071, -1.28381126599993, 0.0 ], [ 102.830124320000039, -1.285051112999952, 0.0 ], [ 102.82973276000007, -1.285037127999942, 0.0 ], [ 102.828614942000058, -1.284997205999957, 0.0 ], [ 102.826404781000065, -1.285158924999962, 0.0 ], [ 102.824841497000079, -1.285697988999971, 0.0 ] ] ] ] } },
{ "type": "Feature", "properties": { "fid": 21580.0, "gid": null, "kdprov": "15", "kdkab": "07", "kdkec": "014", "kddesa": "008", "iddesa": "1507014008", "nmprov": "JAMBI", "nmkab": "TANJUNG JABUNG BARAT", "nmkec": "RENAH MENDALUH", "nmdesa": "TANAH TUMBUH", "luas": null, "sumber": null, "periode": null, "layer": null, "path": null, "idkec": "1507014" }, "geometry": { "type": "MultiPolygon", "coordinates": [ [ [ [ 102.789736930000061, -1.333389918999956, 0.0 ], [ 102.789601478000066, -1.332970811999928, 0.0 ], [ 102.789059340000051, -1.331293358999972, 0.0 ], [ 102.788247485000056, -1.329824044999953, 0.0 ], [ 102.786554440000032, -1.326759928999934, 0.0 ], [ 102.786477170000069, -1.326609459999929, 0.0 ], [ 102.786404, -1.326466948999951, 0.0 ], [ 102.78505135000006, -1.323832638999932, 0.0 ], [ 102.78432784000006, -1.322055368999941, 0.0 ], [ 102.783927993000077, -1.320905385999936, 0.0 ], [ 102.783514039000067, -1.31969275299997, 0.0 ], [ 102.781852866000065, -1.31482652699998, 0.0 ], [ 102.781185735000065, -1.313018476999957, 0.0 ], [ 102.781185722000032, -1.31301844099994, 0.0 ], [ 102.78114478100008, -1.312900688999946, 0.0 ], [ 102.780954360000067, -1.312353008999935, 0.0 ], [ 102.780795208000086, -1.311571739999977, 0.0 ], [ 102.780777420000049, -1.311504118999949, 0.0 ], [ 102.780360653000059, -1.309454900999924, 0.0 ], [ 102.779753787000061, -1.307816272999958, 0.0 ], [ 102.779385957000045, -1.306823078999969, 0.0 ], [ 102.777509253000062, -1.30421337699994, 0.0 ], [ 102.773897400000067, -1.303346056999942, 0.0 ], [ 102.773834947000068, -1.303223042999946, 0.0 ], [ 102.773673202000055, -1.30290445299994, 0.0 ], [ 102.773231598000052, -1.30256475799996, 0.0 ], [ 102.773122896000075, -1.302415292999967, 0.0 ], [ 102.773000606000039, -1.302272620999929, 0.0 ], [ 102.772939460000032, -1.302143536999949, 0.0 ], [ 102.772837552000055, -1.301885367999944, 0.0 ], [ 102.772610171000053, -1.301311475999967, 0.0 ], [ 102.772606504000066, -1.301302219999968, 0.0 ], [ 102.772579015000076, -1.301299456999971, 0.0 ], [ 102.771940757000039, -1.301498115999948, 0.0 ], [ 102.771505948000083, -1.301457352999932, 0.0 ], [ 102.770989612000051, -1.301280710999947, 0.0 ], [ 102.770473275000086, -1.30117200899997, 0.0 ], [ 102.76979388500007, -1.301131245999954, 0.0 ], [ 102.769030332000057, -1.300966334999941, 0.0 ], [ 102.76902735200008, -1.300957861999962, 0.0 ], [ 102.769021718000033, -1.300941844999954, 0.0 ], [ 102.768181617000039, -1.298553236999965, 0.0 ], [ 102.76800570000006, -1.298471298999971, 0.0 ], [ 102.767244070000061, -1.29768385899996, 0.0 ], [ 102.766414650000058, -1.296826318999933, 0.0 ], [ 102.766052480000042, -1.295336008999925, 0.0 ], [ 102.766089421000061, -1.29436523499993, 0.0 ], [ 102.766092550000053, -1.294283018999977, 0.0 ], [ 102.766096830000038, -1.294170698999949, 0.0 ], [ 102.767600130000062, -1.289995198999975, 0.0 ], [ 102.767639690000067, -1.288395008999942, 0.0 ], [ 102.775179836000063, -1.288448327999959, 0.0 ], [ 102.785896741000045, -1.288524110999958, 0.0 ], [ 102.790771130000053, -1.288558578999925, 0.0 ], [ 102.790704699000059, -1.292189965999967, 0.0 ], [ 102.790683880000074, -1.293327988999977, 0.0 ], [ 102.790717460000053, -1.293339897999942, 0.0 ], [ 102.790920010000036, -1.293411728999956, 0.0 ], [ 102.795562410000059, -1.295057978999978, 0.0 ], [ 102.795763376000082, -1.295007597999927, 0.0 ], [ 102.80173265500008, -1.293511146999947, 0.0 ], [ 102.80180673600006, -1.293426964999981, 0.0 ], [ 102.803899257000069, -1.292978566999977, 0.0 ], [ 102.804891166000061, -1.292625284999929, 0.0 ], [ 102.805489632000047, -1.294090102999974, 0.0 ], [ 102.805755975000068, -1.294742008999947, 0.0 ], [ 102.807488141000078, -1.298981690999938, 0.0 ], [ 102.80774460300006, -1.299609411999938, 0.0 ], [ 102.807931523000036, -1.301711304999969, 0.0 ], [ 102.808879826000066, -1.312374881999972, 0.0 ], [ 102.808887004000042, -1.312376144999973, 0.0 ], [ 102.81937092000004, -1.314220748999958, 0.0 ], [ 102.819367810000074, -1.314389224999957, 0.0 ], [ 102.819364766000035, -1.314554170999941, 0.0 ], [ 102.819333870000037, -1.316228059999958, 0.0 ], [ 102.808643109000059, -1.326372576999972, 0.0 ], [ 102.808296029000076, -1.326374638999937, 0.0 ], [ 102.803666507000059, -1.331906524999965, 0.0 ], [ 102.800847801000032, -1.335274639999966, 0.0 ], [ 102.80009427400006, -1.335281296999938, 0.0 ], [ 102.797295195000061, -1.335306023999976, 0.0 ], [ 102.790003959000046, -1.335370433999969, 0.0 ], [ 102.789736930000061, -1.333389918999956, 0.0 ] ] ] ] } },
{ "type": "Feature", "properties": { "fid": 20775.0, "gid": null, "kdprov": "15", "kdkab": "07", "kdkec": "032", "kddesa": "007", "iddesa": "1507032007", "nmprov": "JAMBI", "nmkab": "TANJUNG JABUNG BARAT", "nmkec": "SEBERANG KOTA", "nmdesa": "MEKAR ALAM", "luas": null, "sumber": null, "periode": null, "layer": null, "path": null, "idkec": "1507032" }, "geometry": { "type": "MultiPolygon", "coordinates": [ [ [ [ 103.37859780000008, -0.826273428999968, 0.0 ], [ 103.376643060000049, -0.826412078999965, 0.0 ], [ 103.376413650000075, -0.826428348999968, 0.0 ], [ 103.375812008000082, -0.826471023999943, 0.0 ], [ 103.370181040000034, -0.826870428999939, 0.0 ], [ 103.370182620000037, -0.822995648999949, 0.0 ], [ 103.365385650000064, -0.80300602899996, 0.0 ], [ 103.364825088000032, -0.800548128999935, 0.0 ], [ 103.363631301000055, -0.795844384999953, 0.0 ], [ 103.363634794000063, -0.795842727999968, 0.0 ], [ 103.364984252000056, -0.795339281999929, 0.0 ], [ 103.36752722600005, -0.794169705999934, 0.0 ], [ 103.367534799000055, -0.794166222999934, 0.0 ], [ 103.368375231000073, -0.793894127999977, 0.0 ], [ 103.368805359000078, -0.793722294999952, 0.0 ], [ 103.369073703000083, -0.793646222999939, 0.0 ], [ 103.371312080000052, -0.793398356999944, 0.0 ], [ 103.376564772000052, -0.792816700999936, 0.0 ], [ 103.376659769000071, -0.79280677099996, 0.0 ], [ 103.378843754000059, -0.793323590999933, 0.0 ], [ 103.381713980000086, -0.794311433999951, 0.0 ], [ 103.381718939000052, -0.794313140999975, 0.0 ], [ 103.381780964000086, -0.794289620999962, 0.0 ], [ 103.384239327000046, -0.793357399999934, 0.0 ], [ 103.384625887000084, -0.793208810999943, 0.0 ], [ 103.386785854000038, -0.792378547999931, 0.0 ], [ 103.387982526000087, -0.791918563999957, 0.0 ], [ 103.390256513000054, -0.789921178999975, 0.0 ], [ 103.390358214000059, -0.789831848999938, 0.0 ], [ 103.390362032000041, -0.789828494999938, 0.0 ], [ 103.391976200000045, -0.788921220999953, 0.0 ], [ 103.393612632000043, -0.787891492999961, 0.0 ], [ 103.393723444000045, -0.787837858999978, 0.0 ], [ 103.398403734000055, -0.785572541999954, 0.0 ], [ 103.399713621000046, -0.787217546999955, 0.0 ], [ 103.400477270000067, -0.788543358999959, 0.0 ], [ 103.400649010000052, -0.788867738999954, 0.0 ], [ 103.400953740000034, -0.789182828999969, 0.0 ], [ 103.405558170000063, -0.79399776899993, 0.0 ], [ 103.405559034000078, -0.793999476999943, 0.0 ], [ 103.407001610000066, -0.799217508999959, 0.0 ], [ 103.407962590000068, -0.803786688999935, 0.0 ], [ 103.408235840000032, -0.808494048999933, 0.0 ], [ 103.408784630000071, -0.811955488999956, 0.0 ], [ 103.408507930000042, -0.81610883899998, 0.0 ], [ 103.408230230000072, -0.822754258999964, 0.0 ], [ 103.40795367000004, -0.826492258999963, 0.0 ], [ 103.407745290000037, -0.828997338999955, 0.0 ], [ 103.403983330000074, -0.829156108999939, 0.0 ], [ 103.403983230000051, -0.82915608899998, 0.0 ], [ 103.401576990000081, -0.828802878999966, 0.0 ], [ 103.401557109000066, -0.828799960999959, 0.0 ], [ 103.399926274000052, -0.828560565999965, 0.0 ], [ 103.394889600000056, -0.827821218999929, 0.0 ], [ 103.394874896000033, -0.827819060999957, 0.0 ], [ 103.394294340000044, -0.827733848999969, 0.0 ], [ 103.392509110000049, -0.827471818999925, 0.0 ], [ 103.392495830000087, -0.82746986899997, 0.0 ], [ 103.390636340000071, -0.827196938999975, 0.0 ], [ 103.390626981000082, -0.827195564999954, 0.0 ], [ 103.388502840000058, -0.826883748999933, 0.0 ], [ 103.388480600000037, -0.826880488999961, 0.0 ], [ 103.387535440000079, -0.826741738999942, 0.0 ], [ 103.387535360000072, -0.826741738999942, 0.0 ], [ 103.385590034000074, -0.826639812999929, 0.0 ], [ 103.385428110000078, -0.826631328999952, 0.0 ], [ 103.38540579000005, -0.826630158999933, 0.0 ], [ 103.382940020000035, -0.826500968999937, 0.0 ], [ 103.382939134000083, -0.826500922999969, 0.0 ], [ 103.382883130000039, -0.826497988999961, 0.0 ], [ 103.38134976200007, -0.826417660999937, 0.0 ], [ 103.381337510000037, -0.826417018999962, 0.0 ], [ 103.37859780000008, -0.826273428999968, 0.0 ] ] ] ] } },
{ "type": "Feature", "properties": { "fid": 20962.0, "gid": null, "kdprov": "15", "kdkab": "07", "kdkec": "021", "kddesa": "009", "iddesa": "1507021009", "nmprov": "JAMBI", "nmkab": "TANJUNG JABUNG BARAT", "nmkec": "SENYERANG", "nmdesa": "SUNGAI KEPAYANG", "luas": null, "sumber": null, "periode": null, "layer": null, "path": null, "idkec": "1507021" }, "geometry": { "type": "MultiPolygon", "coordinates": [ [ [ [ 103.110959531000049, -0.836973549999925, 0.0 ], [ 103.109293896000054, -0.838509056999953, 0.0 ], [ 103.109254282000052, -0.838545576999934, 0.0 ], [ 103.106130438000037, -0.841332873999932, 0.0 ], [ 103.105861448000041, -0.841572883999959, 0.0 ], [ 103.102286849000052, -0.837926792999951, 0.0 ], [ 103.103339303000041, -0.837052445999973, 0.0 ], [ 103.10622098500005, -0.834658433999948, 0.0 ], [ 103.111188716000072, -0.83053139499998, 0.0 ], [ 103.109122390000039, -0.825770858999931, 0.0 ], [ 103.108714916000054, -0.824538379999979, 0.0 ], [ 103.106136760000084, -0.81674027899993, 0.0 ], [ 103.104965796000045, -0.81024083899996, 0.0 ], [ 103.104823440000075, -0.809450688999959, 0.0 ], [ 103.104493781000087, -0.807620917999941, 0.0 ], [ 103.103775360000043, -0.803633318999971, 0.0 ], [ 103.103852380000035, -0.803605188999938, 0.0 ], [ 103.104860720000033, -0.80323687899994, 0.0 ], [ 103.106945200000041, -0.801406598999961, 0.0 ], [ 103.107269819000066, -0.80112156499996, 0.0 ], [ 103.107773700000052, -0.800679128999946, 0.0 ], [ 103.108874450000087, -0.80028090899998, 0.0 ], [ 103.11041447000008, -0.79972375899996, 0.0 ], [ 103.110503337000068, -0.799691608999979, 0.0 ], [ 103.112111700000071, -0.799109748999967, 0.0 ], [ 103.112733784000056, -0.799075897999955, 0.0 ], [ 103.113498420000042, -0.799034288999962, 0.0 ], [ 103.116009260000055, -0.798897678999936, 0.0 ], [ 103.116208650000033, -0.798892618999957, 0.0 ], [ 103.11739343000005, -0.798862588999953, 0.0 ], [ 103.11741894000005, -0.798861938999949, 0.0 ], [ 103.117501810000078, -0.798859838999931, 0.0 ], [ 103.118414060000077, -0.798882608999975, 0.0 ], [ 103.118511506000061, -0.798885049999967, 0.0 ], [ 103.119822470000088, -0.798917888999938, 0.0 ], [ 103.119957770000042, -0.798883538999974, 0.0 ], [ 103.119959810000069, -0.798883028999967, 0.0 ], [ 103.120538646000057, -0.798736106999968, 0.0 ], [ 103.122080580000045, -0.79834472899995, 0.0 ], [ 103.123307902000079, -0.797905625999931, 0.0 ], [ 103.125558943000044, -0.804688761999955, 0.0 ], [ 103.125671579000084, -0.804644804999953, 0.0 ], [ 103.126726450000035, -0.807674700999939, 0.0 ], [ 103.126126270000043, -0.809184018999929, 0.0 ], [ 103.125134610000032, -0.811676268999975, 0.0 ], [ 103.12592539700006, -0.816613957999948, 0.0 ], [ 103.127553960000057, -0.826782728999945, 0.0 ], [ 103.127558115000056, -0.826808681999978, 0.0 ], [ 103.127575540000066, -0.826917518999949, 0.0 ], [ 103.124773266000034, -0.83062820899994, 0.0 ], [ 103.123604330000035, -0.832176078999964, 0.0 ], [ 103.123210664000055, -0.832697356999972, 0.0 ], [ 103.122755398000038, -0.832842213999925, 0.0 ], [ 103.122703267000077, -0.832880127999942, 0.0 ], [ 103.121942231000048, -0.83343360899994, 0.0 ], [ 103.118286657000056, -0.834272599999963, 0.0 ], [ 103.118248710000046, -0.834281308999948, 0.0 ], [ 103.113445355000067, -0.83538372199996, 0.0 ], [ 103.113349600000049, -0.835405698999978, 0.0 ], [ 103.113340850000043, -0.835386003999929, 0.0 ], [ 103.110959531000049, -0.836973549999925, 0.0 ] ] ] ] } },
{ "type": "Feature", "properties": { "fid": 20787.0, "gid": null, "kdprov": "15", "kdkab": "07", "kdkec": "032", "kddesa": "008", "iddesa": "1507032008", "nmprov": "JAMBI", "nmkab": "TANJUNG JABUNG BARAT", "nmkec": "SEBERANG KOTA", "nmdesa": "MUARA SEBERANG", "luas": null, "sumber": null, "periode": null, "layer": null, "path": null, "idkec": "1507032" }, "geometry": { "type": "MultiPolygon", "coordinates": [ [ [ [ 103.462945310000066, -0.808091908999927, 0.0 ], [ 103.462884320000057, -0.808117718999938, 0.0 ], [ 103.462755730000083, -0.808172118999948, 0.0 ], [ 103.46187032000006, -0.808547848999979, 0.0 ], [ 103.461311, -0.808785198999942, 0.0 ], [ 103.461306080000043, -0.808787278999944, 0.0 ], [ 103.460768310000049, -0.809013998999944, 0.0 ], [ 103.460157700000082, -0.80927141899997, 0.0 ], [ 103.460157540000068, -0.80927147899996, 0.0 ], [ 103.460155420000035, -0.809272378999935, 0.0 ], [ 103.460155330000077, -0.809272418999967, 0.0 ], [ 103.460155220000047, -0.80927246899995, 0.0 ], [ 103.460153790000049, -0.809273118999954, 0.0 ], [ 103.459983770000065, -0.809345058999952, 0.0 ], [ 103.459695630000056, -0.809466968999971, 0.0 ], [ 103.458845482000072, -0.809826675999943, 0.0 ], [ 103.458832240000049, -0.809832278999977, 0.0 ], [ 103.458832240000049, -0.809832248999953, 0.0 ], [ 103.45822669000006, -0.808471058999942, 0.0 ], [ 103.457232350000083, -0.80623591899996, 0.0 ], [ 103.457238380000035, -0.805631278999954, 0.0 ], [ 103.457279100000051, -0.801545848999979, 0.0 ], [ 103.455427360000044, -0.799680418999969, 0.0 ], [ 103.453344410000057, -0.797904858999971, 0.0 ], [ 103.446803830000079, -0.79185248899995, 0.0 ], [ 103.445639270000072, -0.790752638999948, 0.0 ], [ 103.444200940000087, -0.789443878999975, 0.0 ], [ 103.437438470000075, -0.78329064899998, 0.0 ], [ 103.436787957000035, -0.782975483999962, 0.0 ], [ 103.429778282000086, -0.77957939199996, 0.0 ], [ 103.430649609000056, -0.778686010999934, 0.0 ], [ 103.431314119000035, -0.778065760999937, 0.0 ], [ 103.432819613000049, -0.776305158999946, 0.0 ], [ 103.434349250000082, -0.774654676999944, 0.0 ], [ 103.434719286000075, -0.774255406999941, 0.0 ], [ 103.43498156000004, -0.774002903999929, 0.0 ], [ 103.436384613000087, -0.772652120999965, 0.0 ], [ 103.437013229000058, -0.772468480999976, 0.0 ], [ 103.439728999000067, -0.771246380999969, 0.0 ], [ 103.440587116000074, -0.770577138999954, 0.0 ], [ 103.440873622000083, -0.770101660999956, 0.0 ], [ 103.441038210000045, -0.769827347999978, 0.0 ], [ 103.441330812000047, -0.769818203999932, 0.0 ], [ 103.441656941000076, -0.769839538999975, 0.0 ], [ 103.442197617000033, -0.768962988999931, 0.0 ], [ 103.442260431000079, -0.768861152999932, 0.0 ], [ 103.443430837000051, -0.766636161999941, 0.0 ], [ 103.443744774000038, -0.766151540999942, 0.0 ], [ 103.444189772000072, -0.766163732999928, 0.0 ], [ 103.444470182000032, -0.766157636999935, 0.0 ], [ 103.444781071000079, -0.765712638999958, 0.0 ], [ 103.445372370000086, -0.764706820999947, 0.0 ], [ 103.445274836000067, -0.764377643999978, 0.0 ], [ 103.44528093200006, -0.76371319499998, 0.0 ], [ 103.445189494000033, -0.763384018999943, 0.0 ], [ 103.445506479000073, -0.762859773999935, 0.0 ], [ 103.445561342000076, -0.762445254999932, 0.0 ], [ 103.445274836000067, -0.762000256999954, 0.0 ], [ 103.445530863000045, -0.760025196999948, 0.0 ], [ 103.445899662000045, -0.758290923999937, 0.0 ], [ 103.446045963000074, -0.756291479999959, 0.0 ], [ 103.446387332000086, -0.754182310999965, 0.0 ], [ 103.44557848900007, -0.752218020999976, 0.0 ], [ 103.44553139900006, -0.750925840999969, 0.0 ], [ 103.445238461000088, -0.748346258999959, 0.0 ], [ 103.443912411000042, -0.745782208999969, 0.0 ], [ 103.443874859000061, -0.745709596999973, 0.0 ], [ 103.442886761000068, -0.743798948999938, 0.0 ], [ 103.441933559000063, -0.741221430999929, 0.0 ], [ 103.442278669000075, -0.739953330999924, 0.0 ], [ 103.442413649000059, -0.739609030999929, 0.0 ], [ 103.443527459000052, -0.737572850999925, 0.0 ], [ 103.447121352000067, -0.734055619999936, 0.0 ], [ 103.447121801000037, -0.734051829999942, 0.0 ], [ 103.447252064000054, -0.732952128999955, 0.0 ], [ 103.447591851000084, -0.733184946999927, 0.0 ], [ 103.449719361000064, -0.732835295999962, 0.0 ], [ 103.45003517400005, -0.732468726999969, 0.0 ], [ 103.450236787000051, -0.732351706999964, 0.0 ], [ 103.450372136000055, -0.732388363999974, 0.0 ], [ 103.450520173000086, -0.732677389999935, 0.0 ], [ 103.450875463000045, -0.732711226999925, 0.0 ], [ 103.451941333000036, -0.732474366999952, 0.0 ], [ 103.453328656000053, -0.732265704999975, 0.0 ], [ 103.453621911000084, -0.732085239999947, 0.0 ], [ 103.454073073000075, -0.731397217999927, 0.0 ], [ 103.454242258000079, -0.732378494999978, 0.0 ], [ 103.454715978000081, -0.732761982999932, 0.0 ], [ 103.455279931000064, -0.732942446999971, 0.0 ], [ 103.455911557000036, -0.732547680999971, 0.0 ], [ 103.457050741000046, -0.732739424999977, 0.0 ], [ 103.459159922000083, -0.733455643999946, 0.0 ], [ 103.461204249000048, -0.734067531999926, 0.0 ], [ 103.463206280000065, -0.735014971999931, 0.0 ], [ 103.464977090000048, -0.735962411999935, 0.0 ], [ 103.466657668000039, -0.737191827999936, 0.0 ], [ 103.468236734000072, -0.738658103999967, 0.0 ], [ 103.469973707000065, -0.739876240999934, 0.0 ], [ 103.470876031000046, -0.74075600599997, 0.0 ], [ 103.472116726000081, -0.742132049999952, 0.0 ], [ 103.472951376000083, -0.743417860999955, 0.0 ], [ 103.473921373000053, -0.744387858999971, 0.0 ], [ 103.476177183000061, -0.745515763999947, 0.0 ], [ 103.476741135000054, -0.745831576999933, 0.0 ], [ 103.478523224000071, -0.746824132999961, 0.0 ], [ 103.481049730000052, -0.748922034999964, 0.0 ], [ 103.482019728000068, -0.750298078999947, 0.0 ], [ 103.482937039000035, -0.752018035999924, 0.0 ], [ 103.483824376000086, -0.753681792999942, 0.0 ], [ 103.48336101700005, -0.75404611099998, 0.0 ], [ 103.484666913000069, -0.757295370999941, 0.0 ], [ 103.486098517000073, -0.760512788999961, 0.0 ], [ 103.487692467000045, -0.76371544899996, 0.0 ], [ 103.488710825000055, -0.769663245999936, 0.0 ], [ 103.488733842000045, -0.775419320999958, 0.0 ], [ 103.488969850000046, -0.776745668999979, 0.0 ], [ 103.485862376000057, -0.786325932999944, 0.0 ], [ 103.482202193000035, -0.792111382999963, 0.0 ], [ 103.480135961000087, -0.793823403999966, 0.0 ], [ 103.48208412300005, -0.796716128999947, 0.0 ], [ 103.484242272000074, -0.798493448999977, 0.0 ], [ 103.480451627000036, -0.800265971999977, 0.0 ], [ 103.480438290000052, -0.800272208999957, 0.0 ], [ 103.480269800000087, -0.800350998999932, 0.0 ], [ 103.47529922700005, -0.802675238999939, 0.0 ], [ 103.472875340000087, -0.803808648999961, 0.0 ], [ 103.472875110000075, -0.803808758999935, 0.0 ], [ 103.47287483000008, -0.803808888999924, 0.0 ], [ 103.472847200000047, -0.803821528999947, 0.0 ], [ 103.471882658000084, -0.804262564999931, 0.0 ], [ 103.471842890000062, -0.804280748999929, 0.0 ], [ 103.471842850000087, -0.804280658999971, 0.0 ], [ 103.471013440000036, -0.804660008999974, 0.0 ], [ 103.468635970000037, -0.805678798999963, 0.0 ], [ 103.468089170000042, -0.80591310899996, 0.0 ], [ 103.467662780000069, -0.80609581899995, 0.0 ], [ 103.467662160000032, -0.806096078999929, 0.0 ], [ 103.467615270000067, -0.806115918999978, 0.0 ], [ 103.467438650000076, -0.806190648999973, 0.0 ], [ 103.466145900000072, -0.806737648999956, 0.0 ], [ 103.464400070000067, -0.80747638899993, 0.0 ], [ 103.464379700000052, -0.807484988999931, 0.0 ], [ 103.46362576000007, -0.807803988999979, 0.0 ], [ 103.463622300000054, -0.807805452999958, 0.0 ], [ 103.463554640000041, -0.807834088999925, 0.0 ], [ 103.463024180000048, -0.808058538999944, 0.0 ], [ 103.462945310000066, -0.808091908999927, 0.0 ] ] ], [ [ [ 103.429481062000036, -0.77942719999993, 0.0 ], [ 103.429744590000041, -0.779563068999948, 0.0 ], [ 103.42976169700006, -0.779571888999953, 0.0 ], [ 103.429465442000037, -0.779437861999952, 0.0 ], [ 103.429481062000036, -0.77942719999993, 0.0 ] ] ] ] } },
{ "type": "Feature", "properties": { "fid": 21402.0, "gid": null, "kdprov": "15", "kdkab": "07", "kdkec": "040", "kddesa": "017", "iddesa": "1507040017", "nmprov": "JAMBI", "nmkab": "TANJUNG JABUNG BARAT", "nmkec": "BETARA", "nmdesa": "BUNGA TANJUNG", "luas": null, "sumber": null, "periode": null, "layer": null, "path": null, "idkec": "1507040" }, "geometry": { "type": "MultiPolygon", "coordinates": [ [ [ [ 103.361470240000074, -0.96411558899996, 0.0 ], [ 103.355606450000039, -0.96646052899996, 0.0 ], [ 103.355614823000053, -0.966428913999948, 0.0 ], [ 103.351554847000045, -0.967525088999935, 0.0 ], [ 103.351380118000066, -0.966221897999958, 0.0 ], [ 103.351177649000078, -0.96529884399996, 0.0 ], [ 103.349612852000064, -0.962659099999939, 0.0 ], [ 103.349551919000078, -0.96258897599995, 0.0 ], [ 103.346784742000068, -0.959404377999931, 0.0 ], [ 103.346542358000079, -0.955702513999938, 0.0 ], [ 103.34636236700004, -0.952953552999929, 0.0 ], [ 103.347264714000062, -0.950592090999976, 0.0 ], [ 103.347264346000088, -0.95057626199997, 0.0 ], [ 103.34716872000007, -0.946464330999959, 0.0 ], [ 103.35097969800006, -0.944371651999973, 0.0 ], [ 103.35301478000008, -0.942701349999936, 0.0 ], [ 103.356883355000036, -0.940474278999943, 0.0 ], [ 103.361537962000057, -0.938756284999954, 0.0 ], [ 103.363094015000058, -0.938181951999979, 0.0 ], [ 103.363099820000059, -0.93816002899996, 0.0 ], [ 103.363292290000061, -0.937995828999931, 0.0 ], [ 103.364250030000051, -0.937178818999939, 0.0 ], [ 103.364970010000036, -0.936564628999975, 0.0 ], [ 103.365046301000064, -0.936499547999972, 0.0 ], [ 103.365461850000088, -0.936145058999955, 0.0 ], [ 103.366433860000086, -0.935315878999972, 0.0 ], [ 103.366718460000072, -0.935073088999957, 0.0 ], [ 103.367263880000053, -0.934607808999942, 0.0 ], [ 103.368132400000036, -0.933866918999968, 0.0 ], [ 103.368679800000052, -0.933399948999977, 0.0 ], [ 103.369774960000086, -0.932465708999928, 0.0 ], [ 103.377919180000049, -0.930454288999954, 0.0 ], [ 103.381215120000036, -0.929888658999971, 0.0 ], [ 103.381820043000062, -0.92978484899993, 0.0 ], [ 103.386335660000043, -0.92900992899996, 0.0 ], [ 103.386406470000054, -0.929019878999952, 0.0 ], [ 103.38653491000008, -0.929037938999954, 0.0 ], [ 103.387541304000081, -0.929179923999925, 0.0 ], [ 103.400403530000062, -0.930994558999942, 0.0 ], [ 103.405548510000074, -0.931656088999944, 0.0 ], [ 103.406572330000074, -0.930813908999937, 0.0 ], [ 103.406572440000048, -0.930813808999972, 0.0 ], [ 103.406579010000087, -0.93081873899996, 0.0 ], [ 103.406607210000061, -0.930839878999961, 0.0 ], [ 103.40747022100004, -0.931642332999957, 0.0 ], [ 103.407859934000044, -0.932004699999936, 0.0 ], [ 103.408018780000077, -0.93215239899996, 0.0 ], [ 103.408507220000047, -0.932897668999942, 0.0 ], [ 103.408959580000044, -0.933587858999942, 0.0 ], [ 103.408609290000072, -0.93475548899994, 0.0 ], [ 103.407452370000044, -0.935563738999974, 0.0 ], [ 103.406322430000046, -0.936023518999946, 0.0 ], [ 103.405084450000061, -0.93745797899993, 0.0 ], [ 103.404826622000087, -0.938150750999966, 0.0 ], [ 103.404748870000049, -0.938359668999965, 0.0 ], [ 103.40468044000005, -0.93854351899995, 0.0 ], [ 103.404455220000045, -0.93914867899997, 0.0 ], [ 103.404423575000067, -0.940308156999947, 0.0 ], [ 103.404365555000084, -0.94243400199997, 0.0 ], [ 103.40435892000005, -0.942677088999972, 0.0 ], [ 103.404893160000086, -0.944064468999954, 0.0 ], [ 103.405931900000041, -0.945443108999939, 0.0 ], [ 103.406693822000079, -0.946581662999961, 0.0 ], [ 103.406716800000083, -0.94661599899996, 0.0 ], [ 103.407419980000043, -0.947666758999958, 0.0 ], [ 103.40749849000008, -0.948860428999978, 0.0 ], [ 103.407526830000052, -0.949291378999931, 0.0 ], [ 103.40744619600008, -0.950014379999971, 0.0 ], [ 103.407300440000085, -0.950424408999936, 0.0 ], [ 103.407290860000046, -0.95043211899997, 0.0 ], [ 103.406350070000087, -0.951188998999953, 0.0 ], [ 103.406080775000078, -0.951173078999943, 0.0 ], [ 103.404916830000047, -0.951104268999927, 0.0 ], [ 103.403787230000034, -0.950805908999939, 0.0 ], [ 103.402146380000033, -0.950886368999932, 0.0 ], [ 103.400343860000078, -0.951562428999978, 0.0 ], [ 103.400055254000051, -0.951720714999965, 0.0 ], [ 103.398272150000082, -0.952698658999964, 0.0 ], [ 103.39649632000004, -0.953835018999939, 0.0 ], [ 103.396104661000038, -0.954423816999963, 0.0 ], [ 103.395008210000071, -0.956072158999973, 0.0 ], [ 103.39483725000008, -0.95639665899995, 0.0 ], [ 103.392472720000058, -0.960884668999938, 0.0 ], [ 103.392418710000072, -0.960987168999964, 0.0 ], [ 103.391940154000054, -0.961720849999949, 0.0 ], [ 103.391892970000072, -0.961793188999934, 0.0 ], [ 103.39038448000008, -0.966422448999936, 0.0 ], [ 103.390289430000053, -0.967089918999932, 0.0 ], [ 103.388713200000041, -0.966818258999979, 0.0 ], [ 103.385869190000051, -0.965820988999951, 0.0 ], [ 103.375632470000085, -0.96284395999993, 0.0 ], [ 103.375623320000045, -0.962841298999933, 0.0 ], [ 103.37528340700004, -0.962836037999978, 0.0 ], [ 103.369619817000057, -0.962748371999965, 0.0 ], [ 103.369524630000058, -0.962746898999967, 0.0 ], [ 103.361470240000074, -0.96411558899996, 0.0 ] ] ] ] } },
{ "type": "Feature", "properties": { "fid": 20771.0, "gid": null, "kdprov": "15", "kdkab": "07", "kdkec": "032", "kddesa": "005", "iddesa": "1507032005", "nmprov": "JAMBI", "nmkab": "TANJUNG JABUNG BARAT", "nmkec": "SEBERANG KOTA", "nmdesa": "KUALA KAHAR", "luas": null, "sumber": null, "periode": null, "layer": null, "path": null, "idkec": "1507032" }, "geometry": { "type": "MultiPolygon", "coordinates": [ [ [ [ 103.303165870000043, -0.810167708999927, 0.0 ], [ 103.301510100000087, -0.810681788999943, 0.0 ], [ 103.301513650000061, -0.810676638999951, 0.0 ], [ 103.295727219000071, -0.790540719999967, 0.0 ], [ 103.293361250000032, -0.782307498999955, 0.0 ], [ 103.293360560000053, -0.782305108999935, 0.0 ], [ 103.293336164000038, -0.782300201999931, 0.0 ], [ 103.293135111000083, -0.781617273999927, 0.0 ], [ 103.289958075000072, -0.781557335999935, 0.0 ], [ 103.289692698000067, -0.777311701999963, 0.0 ], [ 103.288252442000044, -0.776728408999929, 0.0 ], [ 103.285844736000058, -0.775785925999969, 0.0 ], [ 103.28575793400006, -0.775079172999938, 0.0 ], [ 103.28578428700007, -0.774382696999965, 0.0 ], [ 103.285672958000077, -0.774387283999943, 0.0 ], [ 103.285677276000058, -0.774387026999932, 0.0 ], [ 103.28492067600007, -0.768226707999929, 0.0 ], [ 103.288730408000049, -0.768320527999947, 0.0 ], [ 103.292081439000071, -0.768293081999957, 0.0 ], [ 103.292085847000067, -0.76829304599994, 0.0 ], [ 103.292732452000052, -0.774492279999947, 0.0 ], [ 103.29281611600004, -0.775294394999946, 0.0 ], [ 103.293213397000045, -0.779103274999954, 0.0 ], [ 103.293213698000045, -0.779106160999959, 0.0 ], [ 103.296419209000078, -0.77942668299994, 0.0 ], [ 103.296423491000041, -0.779427110999961, 0.0 ], [ 103.296441769000069, -0.779428938999956, 0.0 ], [ 103.298775135000085, -0.779662253999959, 0.0 ], [ 103.302081312000041, -0.779992840999967, 0.0 ], [ 103.302085667000085, -0.779993275999971, 0.0 ], [ 103.302185497000039, -0.780000401999928, 0.0 ], [ 103.302541231000077, -0.780025794999972, 0.0 ], [ 103.303511220000075, -0.780095033999942, 0.0 ], [ 103.303818188000037, -0.780116944999975, 0.0 ], [ 103.303856330000087, -0.780119667999941, 0.0 ], [ 103.303682936000087, -0.778212331999953, 0.0 ], [ 103.303682610000067, -0.778208745999962, 0.0 ], [ 103.303100046000054, -0.771800534999954, 0.0 ], [ 103.303211915000077, -0.766980115999957, 0.0 ], [ 103.30322639700006, -0.766356065999958, 0.0 ], [ 103.303326931000072, -0.762024080999936, 0.0 ], [ 103.30532757800006, -0.762024080999936, 0.0 ], [ 103.306637332000037, -0.762024080999936, 0.0 ], [ 103.308070133000058, -0.762024080999936, 0.0 ], [ 103.308074794000049, -0.762024080999936, 0.0 ], [ 103.308436957000083, -0.774336534999975, 0.0 ], [ 103.308472781000035, -0.775554434999947, 0.0 ], [ 103.308472859000062, -0.775557073999948, 0.0 ], [ 103.308560167000053, -0.775570007999931, 0.0 ], [ 103.308565259000034, -0.775570761999973, 0.0 ], [ 103.315629322000063, -0.776617193999925, 0.0 ], [ 103.315632866000044, -0.776617718999944, 0.0 ], [ 103.315632442000037, -0.77662040599995, 0.0 ], [ 103.314301029000035, -0.785065775999954, 0.0 ], [ 103.314073693000068, -0.786507802999949, 0.0 ], [ 103.310801790000085, -0.804469298999948, 0.0 ], [ 103.308712770000056, -0.813131268999939, 0.0 ], [ 103.307415530000071, -0.812023198999952, 0.0 ], [ 103.307397326000057, -0.812007649999941, 0.0 ], [ 103.305687680000062, -0.810547308999958, 0.0 ], [ 103.305192292000072, -0.810472741999945, 0.0 ], [ 103.305184300000064, -0.810471538999934, 0.0 ], [ 103.303165870000043, -0.810167708999927, 0.0 ] ] ] ] } },
{ "type": "Feature", "properties": { "fid": 20947.0, "gid": null, "kdprov": "15", "kdkab": "07", "kdkec": "021", "kddesa": "007", "iddesa": "1507021007", "nmprov": "JAMBI", "nmkab": "TANJUNG JABUNG BARAT", "nmkec": "SENYERANG", "nmdesa": "KEMPAS JAYA", "luas": null, "sumber": null, "periode": null, "layer": null, "path": null, "idkec": "1507021" }, "geometry": { "type": "MultiPolygon", "coordinates": [ [ [ [ 103.073966411000072, -0.828723730999968, 0.0 ], [ 103.070536541000081, -0.825578268999948, 0.0 ], [ 103.073004763000085, -0.812431211999979, 0.0 ], [ 103.073032536000085, -0.812283277999938, 0.0 ], [ 103.067669222000063, -0.809810507999941, 0.0 ], [ 103.066983570000048, -0.809494386999972, 0.0 ], [ 103.062763296000071, -0.806049708999979, 0.0 ], [ 103.062539950000087, -0.805867408999973, 0.0 ], [ 103.051811076000035, -0.79945059299996, 0.0 ], [ 103.051703506000081, -0.799386255999934, 0.0 ], [ 103.049428406000061, -0.792254695999929, 0.0 ], [ 103.045224077000057, -0.795510989999968, 0.0 ], [ 103.045155300000033, -0.795469855999954, 0.0 ], [ 103.043590680000079, -0.794534078999959, 0.0 ], [ 103.043480310000064, -0.79441879899997, 0.0 ], [ 103.043452530000081, -0.794389768999963, 0.0 ], [ 103.030949750000048, -0.781330618999959, 0.0 ], [ 103.030889282000032, -0.78126746099997, 0.0 ], [ 103.026272400000039, -0.776445128999967, 0.0 ], [ 103.013378230000058, -0.76275944899993, 0.0 ], [ 103.008850304000077, -0.757953580999924, 0.0 ], [ 103.00885123900008, -0.757952860999978, 0.0 ], [ 103.009305631000075, -0.757603048999954, 0.0 ], [ 103.010068468000043, -0.757015781999939, 0.0 ], [ 103.010368724000045, -0.75678463099996, 0.0 ], [ 103.011280382000052, -0.756082794999941, 0.0 ], [ 103.011406711000063, -0.755985540999973, 0.0 ], [ 103.012055919000034, -0.755485750999981, 0.0 ], [ 103.012235269000087, -0.755347670999925, 0.0 ], [ 103.013605794000057, -0.755299439999931, 0.0 ], [ 103.014182909000056, -0.755279130999952, 0.0 ], [ 103.01419676200004, -0.755278643999929, 0.0 ], [ 103.016576390000068, -0.755194904999939, 0.0 ], [ 103.01718167100006, -0.755173604999925, 0.0 ], [ 103.018770029000052, -0.755117710999968, 0.0 ], [ 103.018925259000071, -0.755120450999925, 0.0 ], [ 103.021628441000075, -0.755168049999952, 0.0 ], [ 103.022356579000075, -0.755180870999936, 0.0 ], [ 103.023564926000063, -0.755202148999956, 0.0 ], [ 103.024380423000082, -0.755216508999979, 0.0 ], [ 103.024382819000039, -0.755216550999933, 0.0 ], [ 103.024397227000065, -0.755216804999975, 0.0 ], [ 103.025262859000065, -0.75523205099995, 0.0 ], [ 103.025943958000084, -0.755244049999931, 0.0 ], [ 103.026389004000066, -0.755251890999943, 0.0 ], [ 103.026512600000046, -0.755254068999932, 0.0 ], [ 103.02749433200006, -0.755271364999942, 0.0 ], [ 103.029690179000056, -0.755310050999924, 0.0 ], [ 103.033986842000047, -0.765133531999936, 0.0 ], [ 103.03482994400008, -0.765148386999954, 0.0 ], [ 103.038400248000073, -0.766876948999936, 0.0 ], [ 103.038881520000075, -0.767728554999962, 0.0 ], [ 103.043020914000067, -0.771436655999935, 0.0 ], [ 103.044605838000052, -0.771704873999965, 0.0 ], [ 103.048175193000077, -0.773379243999955, 0.0 ], [ 103.049714173000041, -0.773253223999973, 0.0 ], [ 103.051013083000043, -0.773430513999926, 0.0 ], [ 103.051811151000038, -0.773186168999928, 0.0 ], [ 103.053571584000053, -0.773622113999977, 0.0 ], [ 103.054989843000044, -0.77397332399994, 0.0 ], [ 103.055613903000051, -0.774001523999971, 0.0 ], [ 103.059345639000071, -0.77233274799994, 0.0 ], [ 103.059622887000046, -0.771408320999967, 0.0 ], [ 103.061041713000066, -0.768792570999949, 0.0 ], [ 103.061496067000064, -0.76795492399998, 0.0 ], [ 103.061948574000041, -0.768022971999926, 0.0 ], [ 103.063363634000041, -0.766137036999964, 0.0 ], [ 103.064722572000051, -0.763262820999955, 0.0 ], [ 103.065679243000034, -0.762487925999949, 0.0 ], [ 103.065709722000065, -0.759824033999962, 0.0 ], [ 103.068294369000057, -0.759897183999954, 0.0 ], [ 103.069398392000039, -0.756768073999979, 0.0 ], [ 103.071698507000065, -0.756911792999972, 0.0 ], [ 103.07285973900008, -0.756984350999971, 0.0 ], [ 103.075166209000088, -0.756883696999978, 0.0 ], [ 103.075333421000039, -0.756876399999953, 0.0 ], [ 103.075748477000047, -0.756858286999943, 0.0 ], [ 103.076003709000076, -0.756847148999952, 0.0 ], [ 103.076234530000079, -0.756837075999954, 0.0 ], [ 103.076898622000044, -0.75680809499994, 0.0 ], [ 103.080173157000047, -0.756665194999925, 0.0 ], [ 103.080660429000034, -0.756643930999928, 0.0 ], [ 103.082102431000067, -0.756580998999937, 0.0 ], [ 103.082627789000071, -0.756558070999972, 0.0 ], [ 103.083201575000032, -0.75668086099995, 0.0 ], [ 103.084488728000053, -0.756956309999964, 0.0 ], [ 103.084526209000046, -0.756964330999949, 0.0 ], [ 103.085033014000032, -0.757072783999945, 0.0 ], [ 103.085793959000057, -0.75723562099995, 0.0 ], [ 103.086142427000084, -0.757310191999977, 0.0 ], [ 103.087333049000051, -0.757564980999973, 0.0 ], [ 103.087347008000052, -0.757566304999955, 0.0 ], [ 103.088009491000037, -0.757629125999927, 0.0 ], [ 103.088499699000067, -0.757675610999968, 0.0 ], [ 103.089614509000057, -0.757781320999925, 0.0 ], [ 103.09011113300005, -0.75790058299998, 0.0 ], [ 103.090578719000064, -0.758012870999949, 0.0 ], [ 103.091736055000069, -0.758290802999966, 0.0 ], [ 103.092318689000081, -0.758430720999968, 0.0 ], [ 103.092351096000073, -0.758438503999969, 0.0 ], [ 103.09250194100008, -0.758474729999932, 0.0 ], [ 103.092608749000078, -0.758500380999976, 0.0 ], [ 103.092795244000058, -0.758467029999963, 0.0 ], [ 103.092951589000052, -0.758439070999941, 0.0 ], [ 103.093816419000063, -0.758284431999925, 0.0 ], [ 103.094989299000076, -0.758074710999949, 0.0 ], [ 103.095595248000052, -0.757966365999948, 0.0 ], [ 103.095640859000071, -0.757958210999959, 0.0 ], [ 103.097033779000071, -0.757709140999964, 0.0 ], [ 103.09781397900008, -0.757569630999967, 0.0 ], [ 103.099533548000068, -0.756633827999963, 0.0 ], [ 103.099535399000047, -0.756632820999926, 0.0 ], [ 103.099641852000047, -0.756574888999978, 0.0 ], [ 103.099644101000081, -0.756573664999962, 0.0 ], [ 103.101131745000032, -0.755764079999949, 0.0 ], [ 103.103875849000076, -0.754270720999955, 0.0 ], [ 103.104046949000065, -0.754159610999977, 0.0 ], [ 103.105298992000087, -0.753346566999937, 0.0 ], [ 103.105811879000044, -0.753013510999949, 0.0 ], [ 103.106012455000041, -0.75288325799994, 0.0 ], [ 103.106032853000045, -0.75287001199996, 0.0 ], [ 103.106468679000045, -0.75258699099993, 0.0 ], [ 103.108624317000078, -0.751107685999955, 0.0 ], [ 103.113613375000057, -0.746816674999934, 0.0 ], [ 103.114033567000035, -0.74645527399997, 0.0 ], [ 103.114037111000073, -0.746452225999974, 0.0 ], [ 103.114096163000056, -0.746369528999935, 0.0 ], [ 103.11411313800005, -0.746345754999936, 0.0 ], [ 103.114096140000072, -0.746580825999956, 0.0 ], [ 103.114107619000038, -0.746844199999941, 0.0 ], [ 103.114375627000072, -0.748251788999937, 0.0 ], [ 103.11720676300007, -0.761397329999966, 0.0 ], [ 103.11863145500007, -0.768012466999949, 0.0 ], [ 103.118110478000062, -0.768179378999946, 0.0 ], [ 103.120449305000079, -0.779131116999963, 0.0 ], [ 103.120866013000068, -0.779033909999953, 0.0 ], [ 103.122804865000035, -0.788596850999966, 0.0 ], [ 103.125200186000086, -0.79053872999998, 0.0 ], [ 103.125277550000078, -0.790601448999951, 0.0 ], [ 103.125288140000066, -0.790610028999936, 0.0 ], [ 103.125839080000048, -0.793357298999979, 0.0 ], [ 103.126205800000037, -0.795185648999961, 0.0 ], [ 103.123543580000046, -0.797783938999942, 0.0 ], [ 103.12352173000005, -0.797805108999967, 0.0 ], [ 103.123483060000069, -0.797842958999979, 0.0 ], [ 103.123307902000079, -0.797905625999931, 0.0 ], [ 103.122080580000045, -0.79834472899995, 0.0 ], [ 103.120538646000057, -0.798736106999968, 0.0 ], [ 103.119959810000069, -0.798883028999967, 0.0 ], [ 103.119957770000042, -0.798883538999974, 0.0 ], [ 103.119822470000088, -0.798917888999938, 0.0 ], [ 103.118511506000061, -0.798885049999967, 0.0 ], [ 103.118414060000077, -0.798882608999975, 0.0 ], [ 103.117501810000078, -0.798859838999931, 0.0 ], [ 103.11741894000005, -0.798861938999949, 0.0 ], [ 103.11739343000005, -0.798862588999953, 0.0 ], [ 103.116208650000033, -0.798892618999957, 0.0 ], [ 103.116009260000055, -0.798897678999936, 0.0 ], [ 103.113498420000042, -0.799034288999962, 0.0 ], [ 103.112733784000056, -0.799075897999955, 0.0 ], [ 103.112111700000071, -0.799109748999967, 0.0 ], [ 103.110503337000068, -0.799691608999979, 0.0 ], [ 103.11041447000008, -0.79972375899996, 0.0 ], [ 103.108874450000087, -0.80028090899998, 0.0 ], [ 103.107773700000052, -0.800679128999946, 0.0 ], [ 103.107269819000066, -0.80112156499996, 0.0 ], [ 103.106945200000041, -0.801406598999961, 0.0 ], [ 103.104860720000033, -0.80323687899994, 0.0 ], [ 103.103852380000035, -0.803605188999938, 0.0 ], [ 103.103775360000043, -0.803633318999971, 0.0 ], [ 103.101122812000085, -0.804602183999975, 0.0 ], [ 103.100534120000077, -0.804817208999964, 0.0 ], [ 103.100351430000046, -0.804883938999978, 0.0 ], [ 103.100348198000063, -0.804885118999948, 0.0 ], [ 103.100311110000064, -0.804898664999939, 0.0 ], [ 103.100359240000046, -0.803624649999961, 0.0 ], [ 103.099766442000032, -0.803432284999928, 0.0 ], [ 103.099051943000063, -0.803098589999934, 0.0 ], [ 103.098845727000082, -0.804237958999977, 0.0 ], [ 103.097313270000086, -0.803453088999959, 0.0 ], [ 103.095612610000046, -0.800912818999961, 0.0 ], [ 103.095317450000039, -0.800471948999927, 0.0 ], [ 103.095038200000033, -0.799408018999941, 0.0 ], [ 103.094205258000045, -0.796234494999965, 0.0 ], [ 103.093825400000071, -0.794787228999951, 0.0 ], [ 103.091853241000081, -0.793024235999951, 0.0 ], [ 103.090665750000085, -0.791962688999945, 0.0 ], [ 103.089623750000044, -0.791715378999925, 0.0 ], [ 103.089564090000067, -0.791701218999947, 0.0 ], [ 103.087835980000079, -0.791390798999942, 0.0 ], [ 103.087824910000052, -0.791396038999949, 0.0 ], [ 103.087768664000066, -0.791422626999974, 0.0 ], [ 103.085686180000039, -0.792407018999938, 0.0 ], [ 103.08537375800006, -0.792554702999951, 0.0 ], [ 103.084671300000082, -0.792886758999941, 0.0 ], [ 103.084343333000049, -0.794075501999941, 0.0 ], [ 103.084009620000074, -0.795285068999931, 0.0 ], [ 103.084103389000063, -0.795566747999942, 0.0 ], [ 103.084110570000064, -0.795588318999933, 0.0 ], [ 103.085081070000058, -0.79850275299998, 0.0 ], [ 103.085096110000052, -0.79854791899993, 0.0 ], [ 103.086240560000078, -0.801984898999933, 0.0 ], [ 103.08727741000007, -0.806064693999929, 0.0 ], [ 103.087362300000052, -0.806398718999958, 0.0 ], [ 103.088110865000033, -0.809344188999944, 0.0 ], [ 103.08816212000005, -0.809545868999976, 0.0 ], [ 103.087826250000035, -0.811134508999942, 0.0 ], [ 103.087423720000061, -0.813038458999927, 0.0 ], [ 103.086103460000061, -0.814780618999976, 0.0 ], [ 103.086021850000066, -0.814888308999969, 0.0 ], [ 103.084731269000088, -0.816591287999927, 0.0 ], [ 103.084724190000088, -0.816600628999936, 0.0 ], [ 103.083117430000073, -0.818720823999968, 0.0 ], [ 103.082585410000036, -0.819422848999977, 0.0 ], [ 103.082580030000088, -0.819478928999956, 0.0 ], [ 103.082113614000036, -0.824344197999949, 0.0 ], [ 103.082039700000053, -0.825115208999932, 0.0 ], [ 103.080730380000034, -0.82849676799998, 0.0 ], [ 103.080236700000057, -0.829771788999949, 0.0 ], [ 103.08023785000006, -0.829799578999939, 0.0 ], [ 103.080238430000065, -0.829819738999959, 0.0 ], [ 103.080214570000066, -0.829835207999963, 0.0 ], [ 103.080100275000063, -0.830162748999953, 0.0 ], [ 103.079603623000082, -0.830625441999928, 0.0 ], [ 103.078300002000049, -0.831076694999979, 0.0 ], [ 103.077837749000082, -0.831236704999981, 0.0 ], [ 103.077022731000056, -0.830829195999968, 0.0 ], [ 103.075053103000073, -0.829742504999956, 0.0 ], [ 103.073966411000072, -0.828723730999968, 0.0 ] ] ] ] } },
{ "type": "Feature", "properties": { "fid": 20753.0, "gid": null, "kdprov": "15", "kdkab": "07", "kdkec": "032", "kddesa": "006", "iddesa": "1507032006", "nmprov": "JAMBI", "nmkab": "TANJUNG JABUNG BARAT", "nmkec": "SEBERANG KOTA", "nmdesa": "HARAPAN JAYA", "luas": null, "sumber": null, "periode": null, "layer": null, "path": null, "idkec": "1507032" }, "geometry": { "type": "MultiPolygon", "coordinates": [ [ [ [ 103.319341630000054, -0.823648878999961, 0.0 ], [ 103.319179930000075, -0.823497058999976, 0.0 ], [ 103.317908470000077, -0.822226498999953, 0.0 ], [ 103.316997693000076, -0.821316369999977, 0.0 ], [ 103.31667546400007, -0.820994370999927, 0.0 ], [ 103.316363946000081, -0.820683074999977, 0.0 ], [ 103.315869289000034, -0.820188769999959, 0.0 ], [ 103.315168780000079, -0.819488758999967, 0.0 ], [ 103.315114531000063, -0.819434547999947, 0.0 ], [ 103.312045083000044, -0.816367252999953, 0.0 ], [ 103.312017610000055, -0.816339798999934, 0.0 ], [ 103.309360320000053, -0.81368436899993, 0.0 ], [ 103.308712770000056, -0.813131268999939, 0.0 ], [ 103.310801790000085, -0.804469298999948, 0.0 ], [ 103.314073693000068, -0.786507802999949, 0.0 ], [ 103.314301029000035, -0.785065775999954, 0.0 ], [ 103.315632442000037, -0.77662040599995, 0.0 ], [ 103.315632866000044, -0.776617718999944, 0.0 ], [ 103.315638030000059, -0.776618483999926, 0.0 ], [ 103.318783376000056, -0.776874440999961, 0.0 ], [ 103.32010080200007, -0.777038438999966, 0.0 ], [ 103.320892179000055, -0.777136952999967, 0.0 ], [ 103.326152787000069, -0.777791814999944, 0.0 ], [ 103.326174257000048, -0.777794487999927, 0.0 ], [ 103.329712372000074, -0.778234925999925, 0.0 ], [ 103.335483977000081, -0.779843594999932, 0.0 ], [ 103.335557157000039, -0.779863991999946, 0.0 ], [ 103.338601356000083, -0.780712474999973, 0.0 ], [ 103.341594592000035, -0.781234621999943, 0.0 ], [ 103.341649648000043, -0.781244225999956, 0.0 ], [ 103.341642076000085, -0.781291134999947, 0.0 ], [ 103.340802060000044, -0.783468953999943, 0.0 ], [ 103.338584916000059, -0.788303292999956, 0.0 ], [ 103.338372658000083, -0.790107319999947, 0.0 ], [ 103.338455249000049, -0.790134498999976, 0.0 ], [ 103.33752905700004, -0.793214329999955, 0.0 ], [ 103.337496963000035, -0.793299996999963, 0.0 ], [ 103.33488691000008, -0.800266808999936, 0.0 ], [ 103.333493956000041, -0.80398490999994, 0.0 ], [ 103.332819074000042, -0.805786318999935, 0.0 ], [ 103.327198310000085, -0.820789368999954, 0.0 ], [ 103.323173360000055, -0.827246678999927, 0.0 ], [ 103.319909285000051, -0.824181877999933, 0.0 ], [ 103.319341630000054, -0.823648878999961, 0.0 ] ] ] ] } },
{ "type": "Feature", "properties": { "fid": 20953.0, "gid": null, "kdprov": "15", "kdkab": "07", "kdkec": "021", "kddesa": "008", "iddesa": "1507021008", "nmprov": "JAMBI", "nmkab": "TANJUNG JABUNG BARAT", "nmkec": "SENYERANG", "nmdesa": "SUNGSANG", "luas": null, "sumber": null, "periode": null, "layer": null, "path": null, "idkec": "1507021" }, "geometry": { "type": "MultiPolygon", "coordinates": [ [ [ [ 103.095032420000052, -0.876079514999958, 0.0 ], [ 103.094686244000059, -0.88362940899998, 0.0 ], [ 103.09449770100008, -0.89045463399998, 0.0 ], [ 103.094610827000054, -0.891284219999932, 0.0 ], [ 103.094606973000054, -0.891372854999929, 0.0 ], [ 103.094573118000085, -0.892151513999977, 0.0 ], [ 103.094912494000084, -0.896412565999924, 0.0 ], [ 103.094799369000043, -0.904633003999948, 0.0 ], [ 103.094723952000038, -0.905198629999973, 0.0 ], [ 103.094761660000074, -0.906970925999929, 0.0 ], [ 103.094421690000047, -0.928377477999959, 0.0 ], [ 103.094421690000047, -0.930712383999946, 0.0 ], [ 103.091162260000033, -0.930223794999961, 0.0 ], [ 103.088737990000084, -0.927634698999952, 0.0 ], [ 103.081982430000039, -0.920419868999943, 0.0 ], [ 103.08198187000005, -0.920419268999979, 0.0 ], [ 103.073710918000074, -0.911632759999975, 0.0 ], [ 103.070958080000082, -0.908708328999978, 0.0 ], [ 103.062121680000075, -0.899321158999953, 0.0 ], [ 103.059067410000068, -0.897535648999963, 0.0 ], [ 103.056869610000035, -0.896250828999939, 0.0 ], [ 103.055534, -0.895470668999963, 0.0 ], [ 103.056247018000079, -0.890227959999947, 0.0 ], [ 103.056796380000037, -0.886188588999971, 0.0 ], [ 103.058620880000035, -0.883099088999927, 0.0 ], [ 103.058666550000055, -0.883048544999951, 0.0 ], [ 103.060512110000047, -0.881006028999934, 0.0 ], [ 103.060593747000041, -0.880983899999933, 0.0 ], [ 103.063055930000075, -0.880316488999938, 0.0 ], [ 103.063055940000083, -0.880316518999962, 0.0 ], [ 103.063066245000073, -0.88031372599994, 0.0 ], [ 103.068758860000059, -0.878770608999957, 0.0 ], [ 103.068727599000056, -0.878701285999966, 0.0 ], [ 103.06699092000008, -0.874850028999958, 0.0 ], [ 103.065073790000042, -0.862560588999941, 0.0 ], [ 103.064106013000071, -0.850199165999925, 0.0 ], [ 103.064000770000064, -0.848854898999946, 0.0 ], [ 103.063967349000052, -0.84831229699995, 0.0 ], [ 103.06391724000008, -0.847498738999946, 0.0 ], [ 103.063889180000047, -0.847429588999944, 0.0 ], [ 103.062529580000046, -0.844079328999953, 0.0 ], [ 103.061014690000036, -0.841663119999964, 0.0 ], [ 103.059738550000077, -0.839627708999956, 0.0 ], [ 103.058477383000081, -0.836204536999958, 0.0 ], [ 103.058166282000059, -0.835360120999951, 0.0 ], [ 103.058057240000039, -0.835064148999948, 0.0 ], [ 103.054516590000048, -0.830693018999966, 0.0 ], [ 103.054821200000049, -0.830669088999969, 0.0 ], [ 103.055640080000046, -0.830604738999966, 0.0 ], [ 103.055644260000065, -0.830604348999941, 0.0 ], [ 103.059932470000035, -0.828330998999945, 0.0 ], [ 103.060052823000035, -0.828267194999967, 0.0 ], [ 103.06152792000006, -0.827485188999958, 0.0 ], [ 103.066128130000038, -0.825991608999971, 0.0 ], [ 103.066841945000078, -0.826121677999936, 0.0 ], [ 103.066847930000051, -0.826122768999937, 0.0 ], [ 103.070248230000061, -0.82674236899993, 0.0 ], [ 103.071027810000032, -0.827421878999928, 0.0 ], [ 103.071374879000075, -0.82772439699994, 0.0 ], [ 103.075617180000052, -0.831422148999934, 0.0 ], [ 103.07654062000006, -0.831389238999975, 0.0 ], [ 103.077665960000047, -0.831349118999924, 0.0 ], [ 103.077773542000045, -0.831345287999966, 0.0 ], [ 103.077892310000038, -0.831341058999953, 0.0 ], [ 103.078300002000049, -0.831076694999979, 0.0 ], [ 103.079603623000082, -0.830625441999928, 0.0 ], [ 103.080100275000063, -0.830162748999953, 0.0 ], [ 103.080214570000066, -0.829835207999963, 0.0 ], [ 103.080238430000065, -0.829819738999959, 0.0 ], [ 103.082752830000061, -0.831889148999949, 0.0 ], [ 103.083693920000087, -0.832665248999945, 0.0 ], [ 103.084207690000085, -0.833408578999979, 0.0 ], [ 103.084949420000044, -0.833262288999947, 0.0 ], [ 103.085830840000085, -0.833037618999924, 0.0 ], [ 103.086153680000052, -0.833223758999964, 0.0 ], [ 103.087411630000076, -0.833968948999939, 0.0 ], [ 103.088436591000061, -0.835089363999941, 0.0 ], [ 103.089409487000069, -0.836040728999933, 0.0 ], [ 103.090477474000068, -0.836568365999938, 0.0 ], [ 103.090506333000064, -0.836726868999961, 0.0 ], [ 103.090530122000075, -0.83686008799998, 0.0 ], [ 103.090511091000053, -0.837002820999942, 0.0 ], [ 103.090434731000073, -0.837103903999946, 0.0 ], [ 103.090464350000047, -0.837134618999926, 0.0 ], [ 103.090907970000046, -0.837597098999936, 0.0 ], [ 103.091011724000055, -0.837771723999936, 0.0 ], [ 103.092152240000075, -0.839691288999973, 0.0 ], [ 103.09249612900004, -0.84510759099993, 0.0 ], [ 103.093454910000048, -0.850229503999969, 0.0 ], [ 103.093558206000068, -0.850781316999928, 0.0 ], [ 103.09422291900006, -0.854339486999947, 0.0 ], [ 103.094887632000052, -0.859578989999932, 0.0 ], [ 103.094817146000082, -0.859567481999932, 0.0 ], [ 103.095576078000079, -0.867229075999944, 0.0 ], [ 103.095537681000053, -0.874908378999976, 0.0 ], [ 103.094881730000054, -0.874702222999929, 0.0 ], [ 103.095032420000052, -0.876079514999958, 0.0 ] ] ] ] } },
{ "type": "Feature", "properties": { "fid": 21436.0, "gid": null, "kdprov": "15", "kdkab": "07", "kdkec": "040", "kddesa": "015", "iddesa": "1507040015", "nmprov": "JAMBI", "nmkab": "TANJUNG JABUNG BARAT", "nmkec": "BETARA", "nmdesa": "MANDALA JAYA", "luas": null, "sumber": null, "periode": null, "layer": null, "path": null, "idkec": "1507040" }, "geometry": { "type": "MultiPolygon", "coordinates": [ [ [ [ 103.371651911000072, -1.005590239999947, 0.0 ], [ 103.37164596000008, -1.005585918999941, 0.0 ], [ 103.370452800000066, -1.005458378999947, 0.0 ], [ 103.368041710000057, -1.004952428999957, 0.0 ], [ 103.366918429000066, -1.005497092999974, 0.0 ], [ 103.366690848000076, -1.005607443999963, 0.0 ], [ 103.366343850000078, -1.005775698999969, 0.0 ], [ 103.364861060000067, -1.00752007899996, 0.0 ], [ 103.365492140000072, -1.008071628999971, 0.0 ], [ 103.366638220000084, -1.008770658999936, 0.0 ], [ 103.368257610000057, -1.009695388999944, 0.0 ], [ 103.368617860000086, -1.01136392899997, 0.0 ], [ 103.36837623100007, -1.012436919999971, 0.0 ], [ 103.368019190000041, -1.014022418999957, 0.0 ], [ 103.367131071000074, -1.015327165999963, 0.0 ], [ 103.366341830000067, -1.016486648999944, 0.0 ], [ 103.364246860000037, -1.017767558999935, 0.0 ], [ 103.36094533000005, -1.016548608999926, 0.0 ], [ 103.36311457000005, -1.013041818999966, 0.0 ], [ 103.363880250000079, -1.011804018999953, 0.0 ], [ 103.363163420000035, -1.007954688999973, 0.0 ], [ 103.362097741000071, -1.007464553999966, 0.0 ], [ 103.361424022000051, -1.007154692999961, 0.0 ], [ 103.36020282000004, -1.00659302899993, 0.0 ], [ 103.358707290000041, -1.007634098999972, 0.0 ], [ 103.359309520000068, -1.010673048999934, 0.0 ], [ 103.356806930000062, -1.01327632899995, 0.0 ], [ 103.354709940000077, -1.00974464899997, 0.0 ], [ 103.352468030000068, -1.008556988999942, 0.0 ], [ 103.347350400000039, -1.008756948999974, 0.0 ], [ 103.346552200000076, -1.010821318999945, 0.0 ], [ 103.349476420000087, -1.011709848999942, 0.0 ], [ 103.351629780000053, -1.017440948999933, 0.0 ], [ 103.352289140000039, -1.021174478999967, 0.0 ], [ 103.351234650000038, -1.022432858999935, 0.0 ], [ 103.348433660000069, -1.022749148999935, 0.0 ], [ 103.347006960000044, -1.024234168999953, 0.0 ], [ 103.346879990000048, -1.026787828999943, 0.0 ], [ 103.346825370000033, -1.027528418999964, 0.0 ], [ 103.333259850000047, -1.027627668999969, 0.0 ], [ 103.333300560000055, -1.027388008999935, 0.0 ], [ 103.334545920000039, -1.020054848999962, 0.0 ], [ 103.337745220000045, -1.003426008999952, 0.0 ], [ 103.337808840000037, -1.003095348999977, 0.0 ], [ 103.338652270000068, -1.002640548999977, 0.0 ], [ 103.340031620000047, -1.00189673899996, 0.0 ], [ 103.345492710000087, -0.998951898999962, 0.0 ], [ 103.354411450000043, -0.992472798999927, 0.0 ], [ 103.355305403000045, -0.992072189999931, 0.0 ], [ 103.357968210000081, -0.990878898999938, 0.0 ], [ 103.35808852200006, -0.990842806999979, 0.0 ], [ 103.358871821000037, -0.990607828999941, 0.0 ], [ 103.360949801000061, -0.990338933999965, 0.0 ], [ 103.367566226000065, -0.989482754999926, 0.0 ], [ 103.368051655000045, -0.989419939999948, 0.0 ], [ 103.369732643000077, -0.989202415999955, 0.0 ], [ 103.369774437000046, -0.989197007999962, 0.0 ], [ 103.371059760000037, -0.989330398999925, 0.0 ], [ 103.371020542000053, -0.990102073999935, 0.0 ], [ 103.371012378000046, -0.990492115999928, 0.0 ], [ 103.371000980000076, -0.991036658999974, 0.0 ], [ 103.371078770000054, -0.991470388999971, 0.0 ], [ 103.371271640000032, -0.992031298999962, 0.0 ], [ 103.371804742000052, -0.993374735999964, 0.0 ], [ 103.371828100000073, -0.993433598999957, 0.0 ], [ 103.373621509000088, -0.992025987999966, 0.0 ], [ 103.37390782600005, -0.991801262999957, 0.0 ], [ 103.374664180000082, -0.991207608999957, 0.0 ], [ 103.376838214000088, -0.989001136999946, 0.0 ], [ 103.377448080000079, -0.988414828999964, 0.0 ], [ 103.381061239000076, -0.984941233999962, 0.0 ], [ 103.381572430000062, -0.984449788999939, 0.0 ], [ 103.384449280000069, -0.983410318999972, 0.0 ], [ 103.386721830000056, -0.983876578999968, 0.0 ], [ 103.387262560000067, -0.983987518999925, 0.0 ], [ 103.387313460000087, -0.983997958999964, 0.0 ], [ 103.386385897000082, -0.985682089999955, 0.0 ], [ 103.386382836000053, -0.985679027999936, 0.0 ], [ 103.386308710000037, -0.986073158999943, 0.0 ], [ 103.386001180000051, -0.987708248999979, 0.0 ], [ 103.388674050000077, -0.989648528999965, 0.0 ], [ 103.390226, -0.992477608999934, 0.0 ], [ 103.390892767000082, -0.99404777899997, 0.0 ], [ 103.391463541000064, -0.995678561999966, 0.0 ], [ 103.39159944000005, -0.996231216999945, 0.0 ], [ 103.391572260000032, -0.996666091999941, 0.0 ], [ 103.391436362000036, -0.996992248999959, 0.0 ], [ 103.391218924000043, -0.997182506999934, 0.0 ], [ 103.390929007000068, -0.997327464999955, 0.0 ], [ 103.390567830000066, -0.99740535899997, 0.0 ], [ 103.38810637000006, -0.996593278999967, 0.0 ], [ 103.386823425000046, -0.997680148999962, 0.0 ], [ 103.38639868000007, -0.998039978999941, 0.0 ], [ 103.387316709000061, -1.000619306999965, 0.0 ], [ 103.387687480000068, -1.001661038999941, 0.0 ], [ 103.387661562000062, -1.001783581999973, 0.0 ], [ 103.387464500000078, -1.002715328999955, 0.0 ], [ 103.387052877000087, -1.004661559999931, 0.0 ], [ 103.386941450000052, -1.00518840899997, 0.0 ], [ 103.385375820000036, -1.005088028999978, 0.0 ], [ 103.385404840000035, -1.005122398999958, 0.0 ], [ 103.38540179000006, -1.00512208899994, 0.0 ], [ 103.384486630000083, -1.005031078999934, 0.0 ], [ 103.384042585000088, -1.005126167999947, 0.0 ], [ 103.383041140000046, -1.005340618999981, 0.0 ], [ 103.382484850000083, -1.005707098999949, 0.0 ], [ 103.381697130000077, -1.006817548999948, 0.0 ], [ 103.381406619000074, -1.007227085999943, 0.0 ], [ 103.380490401000088, -1.008518693999974, 0.0 ], [ 103.38026289000004, -1.008839418999969, 0.0 ], [ 103.379359390000047, -1.009766128999956, 0.0 ], [ 103.378211590000035, -1.010537198999941, 0.0 ], [ 103.378204455000059, -1.010542291999968, 0.0 ], [ 103.375713310000037, -1.012320598999963, 0.0 ], [ 103.375309643000037, -1.012353537999957, 0.0 ], [ 103.374986100000058, -1.01237993899997, 0.0 ], [ 103.374661720000063, -1.011722648999978, 0.0 ], [ 103.37431858900004, -1.007931376999977, 0.0 ], [ 103.37397227200006, -1.007484713999929, 0.0 ], [ 103.37360029000007, -1.007004948999963, 0.0 ], [ 103.371651911000072, -1.005590239999947, 0.0 ] ] ] ] } },
{ "type": "Feature", "properties": { "fid": 20804.0, "gid": null, "kdprov": "15", "kdkab": "07", "kdkec": "032", "kddesa": "003", "iddesa": "1507032003", "nmprov": "JAMBI", "nmkab": "TANJUNG JABUNG BARAT", "nmkec": "SEBERANG KOTA", "nmdesa": "TUNGKAL IV DESA", "luas": null, "sumber": null, "periode": null, "layer": null, "path": null, "idkec": "1507032" }, "geometry": { "type": "MultiPolygon", "coordinates": [ [ [ [ 103.411936880000042, -0.828816318999941, 0.0 ], [ 103.411914250000052, -0.828821388999927, 0.0 ], [ 103.407745290000037, -0.828997338999955, 0.0 ], [ 103.40795367000004, -0.826492258999963, 0.0 ], [ 103.408230230000072, -0.822754258999964, 0.0 ], [ 103.408507930000042, -0.81610883899998, 0.0 ], [ 103.408784630000071, -0.811955488999956, 0.0 ], [ 103.408235840000032, -0.808494048999933, 0.0 ], [ 103.407962590000068, -0.803786688999935, 0.0 ], [ 103.407001610000066, -0.799217508999959, 0.0 ], [ 103.405559034000078, -0.793999476999943, 0.0 ], [ 103.405558170000063, -0.79399776899993, 0.0 ], [ 103.400953740000034, -0.789182828999969, 0.0 ], [ 103.400649010000052, -0.788867738999954, 0.0 ], [ 103.400477270000067, -0.788543358999959, 0.0 ], [ 103.399713621000046, -0.787217546999955, 0.0 ], [ 103.398403734000055, -0.785572541999954, 0.0 ], [ 103.398428597000077, -0.785560507999946, 0.0 ], [ 103.398649326000054, -0.785185460999969, 0.0 ], [ 103.40013519300004, -0.782776731999945, 0.0 ], [ 103.400942111000063, -0.780587990999948, 0.0 ], [ 103.401142747000051, -0.780043772999932, 0.0 ], [ 103.401517357000046, -0.779044060999979, 0.0 ], [ 103.401699159000032, -0.778558890999932, 0.0 ], [ 103.405511531000059, -0.774025291999976, 0.0 ], [ 103.412266115000079, -0.780964800999925, 0.0 ], [ 103.413917510000033, -0.782916481999962, 0.0 ], [ 103.414955355000075, -0.784122785999955, 0.0 ], [ 103.416099400000064, -0.78545362899996, 0.0 ], [ 103.416365660000054, -0.785763238999948, 0.0 ], [ 103.417902390000052, -0.787550188999944, 0.0 ], [ 103.418488960000047, -0.788232258999926, 0.0 ], [ 103.418629255000042, -0.78843481399997, 0.0 ], [ 103.418811690000041, -0.788698208999961, 0.0 ], [ 103.42089866300006, -0.791732514999978, 0.0 ], [ 103.422514528000079, -0.794046265999953, 0.0 ], [ 103.42342922000006, -0.795373238999957, 0.0 ], [ 103.429450860000088, -0.808086978999938, 0.0 ], [ 103.433371690000058, -0.816265108999971, 0.0 ], [ 103.435632830000088, -0.82102311899996, 0.0 ], [ 103.436466950000067, -0.822770238999965, 0.0 ], [ 103.431650023000088, -0.823834148999936, 0.0 ], [ 103.427965940000036, -0.824646518999941, 0.0 ], [ 103.425267557000041, -0.825241515999949, 0.0 ], [ 103.425262190000069, -0.825242698999944, 0.0 ], [ 103.424969360000034, -0.82530726899995, 0.0 ], [ 103.421716760000038, -0.826301188999935, 0.0 ], [ 103.421715893000055, -0.826301453999974, 0.0 ], [ 103.419279246000087, -0.82704604099996, 0.0 ], [ 103.419277303000058, -0.827046634999931, 0.0 ], [ 103.417742170000054, -0.827515738999978, 0.0 ], [ 103.417742130000079, -0.827515758999937, 0.0 ], [ 103.417687010000066, -0.827528098999949, 0.0 ], [ 103.417275480000058, -0.827620298999932, 0.0 ], [ 103.417240640000045, -0.827628108999932, 0.0 ], [ 103.414880693000043, -0.828156811999975, 0.0 ], [ 103.411936880000042, -0.828816318999941, 0.0 ] ] ] ] } },
{ "type": "Feature", "properties": { "fid": 20870.0, "gid": null, "kdprov": "15", "kdkab": "07", "kdkec": "021", "kddesa": "005", "iddesa": "1507021005", "nmprov": "JAMBI", "nmkab": "TANJUNG JABUNG BARAT", "nmkec": "SENYERANG", "nmdesa": "SENYERANG", "luas": null, "sumber": null, "periode": null, "layer": null, "path": null, "idkec": "1507021" }, "geometry": { "type": "MultiPolygon", "coordinates": [ [ [ [ 103.100347388000046, -0.970885604999978, 0.0 ], [ 103.092276803000061, -0.970964108999965, 0.0 ], [ 103.092373249000048, -0.968629127999975, 0.0 ], [ 103.092710950000082, -0.967413402999966, 0.0 ], [ 103.094016830000044, -0.967312678999974, 0.0 ], [ 103.09403837900004, -0.965247701999942, 0.0 ], [ 103.094119741000043, -0.957450817999927, 0.0 ], [ 103.094339740000066, -0.936368699999946, 0.0 ], [ 103.094421690000047, -0.930712383999946, 0.0 ], [ 103.094421690000047, -0.928377477999959, 0.0 ], [ 103.094761660000074, -0.906970925999929, 0.0 ], [ 103.094723952000038, -0.905198629999973, 0.0 ], [ 103.094799369000043, -0.904633003999948, 0.0 ], [ 103.094912494000084, -0.896412565999924, 0.0 ], [ 103.094573118000085, -0.892151513999977, 0.0 ], [ 103.094606973000054, -0.891372854999929, 0.0 ], [ 103.096359920000054, -0.891257318999976, 0.0 ], [ 103.098305580000044, -0.885832488999938, 0.0 ], [ 103.098340140000062, -0.885721198999931, 0.0 ], [ 103.101515063000079, -0.875496123999937, 0.0 ], [ 103.101523920000034, -0.875467598999933, 0.0 ], [ 103.101937091000082, -0.874136927999928, 0.0 ], [ 103.101998549000086, -0.866823507999925, 0.0 ], [ 103.106010970000057, -0.857409749999931, 0.0 ], [ 103.109375721000049, -0.853571830999954, 0.0 ], [ 103.109451046000061, -0.853102663999948, 0.0 ], [ 103.111233151000079, -0.850052522999931, 0.0 ], [ 103.105241332000048, -0.844369105999931, 0.0 ], [ 103.104013961000078, -0.843204908999951, 0.0 ], [ 103.104431626000064, -0.842848664999963, 0.0 ], [ 103.105861448000041, -0.841572883999959, 0.0 ], [ 103.106130438000037, -0.841332873999932, 0.0 ], [ 103.109254282000052, -0.838545576999934, 0.0 ], [ 103.109293896000054, -0.838509056999953, 0.0 ], [ 103.110959531000049, -0.836973549999925, 0.0 ], [ 103.113340850000043, -0.835386003999929, 0.0 ], [ 103.113349600000049, -0.835405698999978, 0.0 ], [ 103.113445355000067, -0.83538372199996, 0.0 ], [ 103.118248710000046, -0.834281308999948, 0.0 ], [ 103.118286657000056, -0.834272599999963, 0.0 ], [ 103.121942231000048, -0.83343360899994, 0.0 ], [ 103.122703267000077, -0.832880127999942, 0.0 ], [ 103.122755398000038, -0.832842213999925, 0.0 ], [ 103.123210664000055, -0.832697356999972, 0.0 ], [ 103.123604330000035, -0.832176078999964, 0.0 ], [ 103.124773266000034, -0.83062820899994, 0.0 ], [ 103.127575540000066, -0.826917518999949, 0.0 ], [ 103.127558115000056, -0.826808681999978, 0.0 ], [ 103.127553960000057, -0.826782728999945, 0.0 ], [ 103.12592539700006, -0.816613957999948, 0.0 ], [ 103.125134610000032, -0.811676268999975, 0.0 ], [ 103.126126270000043, -0.809184018999929, 0.0 ], [ 103.126726450000035, -0.807674700999939, 0.0 ], [ 103.126863300000082, -0.807331698999974, 0.0 ], [ 103.126892084000076, -0.807319263999943, 0.0 ], [ 103.127532416000065, -0.812015033999955, 0.0 ], [ 103.13717409700007, -0.808133848999944, 0.0 ], [ 103.137192742000082, -0.808126343999959, 0.0 ], [ 103.141680651000058, -0.806319769999959, 0.0 ], [ 103.14775790200008, -0.802962172999969, 0.0 ], [ 103.147903485000086, -0.80288182299995, 0.0 ], [ 103.148393964000036, -0.803550108999957, 0.0 ], [ 103.149103081000078, -0.806068159999938, 0.0 ], [ 103.149458530000061, -0.807325608999975, 0.0 ], [ 103.147892390000038, -0.810656768999934, 0.0 ], [ 103.144749770000033, -0.813245058999939, 0.0 ], [ 103.143731200000047, -0.814841728999966, 0.0 ], [ 103.143590678000066, -0.817505826999934, 0.0 ], [ 103.143590310000036, -0.817512798999928, 0.0 ], [ 103.143563370000038, -0.818023678999964, 0.0 ], [ 103.143769280000072, -0.818776555999932, 0.0 ], [ 103.143843880000077, -0.81904931899993, 0.0 ], [ 103.143850973000042, -0.819075253999927, 0.0 ], [ 103.144354080000085, -0.820914778999963, 0.0 ], [ 103.144649565000066, -0.82114798899994, 0.0 ], [ 103.144836200000043, -0.821295288999977, 0.0 ], [ 103.146072359000073, -0.822270943999968, 0.0 ], [ 103.147149890000037, -0.823121398999945, 0.0 ], [ 103.147641160000035, -0.823124448999977, 0.0 ], [ 103.147653544000036, -0.823124525999958, 0.0 ], [ 103.148011301000054, -0.823126750999961, 0.0 ], [ 103.14854525800007, -0.823130072999959, 0.0 ], [ 103.149118480000084, -0.823133638999934, 0.0 ], [ 103.149594826000055, -0.823136600999931, 0.0 ], [ 103.151309180000055, -0.823147258999938, 0.0 ], [ 103.151652549000062, -0.822968956999944, 0.0 ], [ 103.151837130000047, -0.822873108999943, 0.0 ], [ 103.153481690000035, -0.822019118999947, 0.0 ], [ 103.153737030000059, -0.821886518999975, 0.0 ], [ 103.153997110000034, -0.822938068999974, 0.0 ], [ 103.154650980000042, -0.825581708999948, 0.0 ], [ 103.155500176000032, -0.826381076999951, 0.0 ], [ 103.15755689000008, -0.828317108999954, 0.0 ], [ 103.158069240000032, -0.835427668999955, 0.0 ], [ 103.155917200000033, -0.836607968999942, 0.0 ], [ 103.155916140000045, -0.836845338999979, 0.0 ], [ 103.155915923000066, -0.836894069999971, 0.0 ], [ 103.155868430000055, -0.847564148999936, 0.0 ], [ 103.155289038000035, -0.851465541999971, 0.0 ], [ 103.152919760000032, -0.867419298999948, 0.0 ], [ 103.152438678000067, -0.869897398999967, 0.0 ], [ 103.152293881000048, -0.870076448999953, 0.0 ], [ 103.152051918000041, -0.871103695999977, 0.0 ], [ 103.148051772000088, -0.88808619699995, 0.0 ], [ 103.148011430000054, -0.888257468999939, 0.0 ], [ 103.137903286000039, -0.888196747999928, 0.0 ], [ 103.137818630000083, -0.888196238999967, 0.0 ], [ 103.126851907000059, -0.888130340999965, 0.0 ], [ 103.126791610000055, -0.888129978999928, 0.0 ], [ 103.12809414700007, -0.957501112999978, 0.0 ], [ 103.128175228000032, -0.961819372999969, 0.0 ], [ 103.128174197000078, -0.961819367999965, 0.0 ], [ 103.128114038000035, -0.970060785999976, 0.0 ], [ 103.108752871000036, -0.970764537999969, 0.0 ], [ 103.100347388000046, -0.970885604999978, 0.0 ] ] ] ] } },
{ "type": "Feature", "properties": { "fid": 21515.0, "gid": null, "kdprov": "15", "kdkab": "07", "kdkec": "040", "kddesa": "016", "iddesa": "1507040016", "nmprov": "JAMBI", "nmkab": "TANJUNG JABUNG BARAT", "nmkec": "BETARA", "nmdesa": "SUNGAI TERAP", "luas": null, "sumber": null, "periode": null, "layer": null, "path": null, "idkec": "1507040" }, "geometry": { "type": "MultiPolygon", "coordinates": [ [ [ [ 103.414235120000058, -0.984601898999927, 0.0 ], [ 103.41251045000007, -0.982551668999974, 0.0 ], [ 103.412340916000062, -0.982350129999929, 0.0 ], [ 103.410498260000054, -0.980159618999949, 0.0 ], [ 103.405644170000073, -0.97346620899998, 0.0 ], [ 103.40536419600005, -0.973185995999927, 0.0 ], [ 103.405168422000088, -0.973536015999969, 0.0 ], [ 103.403672906000054, -0.975090307999949, 0.0 ], [ 103.401472081000065, -0.973216014999934, 0.0 ], [ 103.400387885000043, -0.973685622999938, 0.0 ], [ 103.400002592000078, -0.973852508999926, 0.0 ], [ 103.399225542000067, -0.974189079999974, 0.0 ], [ 103.398073149000084, -0.974185533999957, 0.0 ], [ 103.397103085000083, -0.974182548999977, 0.0 ], [ 103.396892267000055, -0.973294894999924, 0.0 ], [ 103.39589538000007, -0.973437758999978, 0.0 ], [ 103.394723627000076, -0.973785884999927, 0.0 ], [ 103.392829020000079, -0.97434876899996, 0.0 ], [ 103.391829430000087, -0.972776028999931, 0.0 ], [ 103.391675115000055, -0.972425205999969, 0.0 ], [ 103.391363850000062, -0.971717568999964, 0.0 ], [ 103.390571120000061, -0.969915338999954, 0.0 ], [ 103.39042524000007, -0.969073908999974, 0.0 ], [ 103.39041900400008, -0.969037937999929, 0.0 ], [ 103.390195560000052, -0.96774907899993, 0.0 ], [ 103.390289430000053, -0.967089918999932, 0.0 ], [ 103.39038448000008, -0.966422448999936, 0.0 ], [ 103.391892970000072, -0.961793188999934, 0.0 ], [ 103.391940154000054, -0.961720849999949, 0.0 ], [ 103.392418710000072, -0.960987168999964, 0.0 ], [ 103.392472720000058, -0.960884668999938, 0.0 ], [ 103.39483725000008, -0.95639665899995, 0.0 ], [ 103.395008210000071, -0.956072158999973, 0.0 ], [ 103.396104661000038, -0.954423816999963, 0.0 ], [ 103.39649632000004, -0.953835018999939, 0.0 ], [ 103.398272150000082, -0.952698658999964, 0.0 ], [ 103.400055254000051, -0.951720714999965, 0.0 ], [ 103.400343860000078, -0.951562428999978, 0.0 ], [ 103.402146380000033, -0.950886368999932, 0.0 ], [ 103.403787230000034, -0.950805908999939, 0.0 ], [ 103.404916830000047, -0.951104268999927, 0.0 ], [ 103.406080775000078, -0.951173078999943, 0.0 ], [ 103.406350070000087, -0.951188998999953, 0.0 ], [ 103.407290860000046, -0.95043211899997, 0.0 ], [ 103.407300440000085, -0.950424408999936, 0.0 ], [ 103.40744619600008, -0.950014379999971, 0.0 ], [ 103.407526830000052, -0.949291378999931, 0.0 ], [ 103.40749849000008, -0.948860428999978, 0.0 ], [ 103.407419980000043, -0.947666758999958, 0.0 ], [ 103.406716800000083, -0.94661599899996, 0.0 ], [ 103.406693822000079, -0.946581662999961, 0.0 ], [ 103.405931900000041, -0.945443108999939, 0.0 ], [ 103.404893160000086, -0.944064468999954, 0.0 ], [ 103.40435892000005, -0.942677088999972, 0.0 ], [ 103.404365555000084, -0.94243400199997, 0.0 ], [ 103.404423575000067, -0.940308156999947, 0.0 ], [ 103.404455220000045, -0.93914867899997, 0.0 ], [ 103.40468044000005, -0.93854351899995, 0.0 ], [ 103.404748870000049, -0.938359668999965, 0.0 ], [ 103.404826622000087, -0.938150750999966, 0.0 ], [ 103.405084450000061, -0.93745797899993, 0.0 ], [ 103.406322430000046, -0.936023518999946, 0.0 ], [ 103.407452370000044, -0.935563738999974, 0.0 ], [ 103.408609290000072, -0.93475548899994, 0.0 ], [ 103.408959580000044, -0.933587858999942, 0.0 ], [ 103.408507220000047, -0.932897668999942, 0.0 ], [ 103.413193058000047, -0.932121604999963, 0.0 ], [ 103.413195750000057, -0.932121158999962, 0.0 ], [ 103.413196022000079, -0.932121586999926, 0.0 ], [ 103.416740670000081, -0.93768941899998, 0.0 ], [ 103.418549376000044, -0.939651896999976, 0.0 ], [ 103.421235850000073, -0.942566768999939, 0.0 ], [ 103.426026496000077, -0.945299760999944, 0.0 ], [ 103.426816742000085, -0.945750584999928, 0.0 ], [ 103.429009690000044, -0.947001628999942, 0.0 ], [ 103.431941680000079, -0.948150918999943, 0.0 ], [ 103.431943318000037, -0.948151560999975, 0.0 ], [ 103.433193220000078, -0.948641498999962, 0.0 ], [ 103.437357600000041, -0.951807328999962, 0.0 ], [ 103.439414850000048, -0.960981938999964, 0.0 ], [ 103.441984410000032, -0.96187858899998, 0.0 ], [ 103.442327130000081, -0.968992788999969, 0.0 ], [ 103.444548370000064, -0.975063138999928, 0.0 ], [ 103.443742894000081, -0.982518680999931, 0.0 ], [ 103.443742890000067, -0.982518718999927, 0.0 ], [ 103.443971508000061, -0.98635861899993, 0.0 ], [ 103.451572043000056, -0.985455711999975, 0.0 ], [ 103.453598333000059, -0.985214998999936, 0.0 ], [ 103.453665, -0.98518166599996, 0.0 ], [ 103.45671913700005, -0.985166109999966, 0.0 ], [ 103.456708020000065, -0.984095162999949, 0.0 ], [ 103.456679699000063, -0.981366836999939, 0.0 ], [ 103.456879640000068, -0.981539138999949, 0.0 ], [ 103.492658430000063, -1.012370568999927, 0.0 ], [ 103.495826700000066, -1.015100738999934, 0.0 ], [ 103.503178783000067, -1.015253843999972, 0.0 ], [ 103.502774829000032, -1.016116996999926, 0.0 ], [ 103.501093791000073, -1.019708971999933, 0.0 ], [ 103.49912974700004, -1.023905658999979, 0.0 ], [ 103.497408782000036, -1.027582945999939, 0.0 ], [ 103.495544839000047, -1.031565743999977, 0.0 ], [ 103.494572617000074, -1.033643145999974, 0.0 ], [ 103.471004010000058, -1.032588338999972, 0.0 ], [ 103.469693750000033, -1.031453748999979, 0.0 ], [ 103.466573190000076, -1.028751578999959, 0.0 ], [ 103.461358840000059, -1.024236328999962, 0.0 ], [ 103.45591950000005, -1.020509408999942, 0.0 ], [ 103.445259060000069, -1.011960328999976, 0.0 ], [ 103.436125090000075, -1.004364328999941, 0.0 ], [ 103.433515030000081, -1.002193748999957, 0.0 ], [ 103.424733402000072, -0.995092717999967, 0.0 ], [ 103.422322690000044, -0.99314335899993, 0.0 ], [ 103.420336300000088, -0.98985179899995, 0.0 ], [ 103.41911599000008, -0.987829688999966, 0.0 ], [ 103.417633180000053, -0.986849088999975, 0.0 ], [ 103.417622415000039, -0.986841969999944, 0.0 ], [ 103.414235120000058, -0.984601898999927, 0.0 ] ] ] ] } },
{ "type": "Feature", "properties": { "fid": 20758.0, "gid": null, "kdprov": "15", "kdkab": "07", "kdkec": "032", "kddesa": "004", "iddesa": "1507032004", "nmprov": "JAMBI", "nmkab": "TANJUNG JABUNG BARAT", "nmkec": "SEBERANG KOTA", "nmdesa": "KUALA BARU", "luas": null, "sumber": null, "periode": null, "layer": null, "path": null, "idkec": "1507032" }, "geometry": { "type": "MultiPolygon", "coordinates": [ [ [ [ 103.450764010000057, -0.814377298999943, 0.0 ], [ 103.450618650000081, -0.814463878999959, 0.0 ], [ 103.450453607000043, -0.814562168999942, 0.0 ], [ 103.447756080000033, -0.816168668999978, 0.0 ], [ 103.447671120000052, -0.81621926899993, 0.0 ], [ 103.445366450000051, -0.817591798999956, 0.0 ], [ 103.44485244100008, -0.817890894999948, 0.0 ], [ 103.444764454000051, -0.817942093999932, 0.0 ], [ 103.444685960000072, -0.817987768999956, 0.0 ], [ 103.444440690000079, -0.818130488999941, 0.0 ], [ 103.443996990000073, -0.818388678999952, 0.0 ], [ 103.440454930000044, -0.820449758999928, 0.0 ], [ 103.436466950000067, -0.822770238999965, 0.0 ], [ 103.435632830000088, -0.82102311899996, 0.0 ], [ 103.433371690000058, -0.816265108999971, 0.0 ], [ 103.429450860000088, -0.808086978999938, 0.0 ], [ 103.42342922000006, -0.795373238999957, 0.0 ], [ 103.422514528000079, -0.794046265999953, 0.0 ], [ 103.42089866300006, -0.791732514999978, 0.0 ], [ 103.418811690000041, -0.788698208999961, 0.0 ], [ 103.418629255000042, -0.78843481399997, 0.0 ], [ 103.418488960000047, -0.788232258999926, 0.0 ], [ 103.417902390000052, -0.787550188999944, 0.0 ], [ 103.416365660000054, -0.785763238999948, 0.0 ], [ 103.416099400000064, -0.78545362899996, 0.0 ], [ 103.414955355000075, -0.784122785999955, 0.0 ], [ 103.413917510000033, -0.782916481999962, 0.0 ], [ 103.412266115000079, -0.780964800999925, 0.0 ], [ 103.405511531000059, -0.774025291999976, 0.0 ], [ 103.408367399000042, -0.770629148999944, 0.0 ], [ 103.408510410000076, -0.770459082999935, 0.0 ], [ 103.408893659000057, -0.770003330999941, 0.0 ], [ 103.409151899000051, -0.769691930999954, 0.0 ], [ 103.410924997000052, -0.770290328999977, 0.0 ], [ 103.415133084000047, -0.771367279999936, 0.0 ], [ 103.416327687000035, -0.771673007999937, 0.0 ], [ 103.418903802000045, -0.772332297999981, 0.0 ], [ 103.420983586000034, -0.772748253999964, 0.0 ], [ 103.422782144000053, -0.773267123999972, 0.0 ], [ 103.422787609000068, -0.773268700999949, 0.0 ], [ 103.422788930000081, -0.773269081999956, 0.0 ], [ 103.425704859000064, -0.775772050999933, 0.0 ], [ 103.426136755000073, -0.776220941999952, 0.0 ], [ 103.42900798800008, -0.779205152999964, 0.0 ], [ 103.429011719000073, -0.779209030999937, 0.0 ], [ 103.429034459000036, -0.779196940999952, 0.0 ], [ 103.429157759000077, -0.779260511999951, 0.0 ], [ 103.429465442000037, -0.779437861999952, 0.0 ], [ 103.42976169700006, -0.779571888999953, 0.0 ], [ 103.429777602000058, -0.779580088999978, 0.0 ], [ 103.429778282000086, -0.77957939199996, 0.0 ], [ 103.436787957000035, -0.782975483999962, 0.0 ], [ 103.437438470000075, -0.78329064899998, 0.0 ], [ 103.444200940000087, -0.789443878999975, 0.0 ], [ 103.445639270000072, -0.790752638999948, 0.0 ], [ 103.446803830000079, -0.79185248899995, 0.0 ], [ 103.453344410000057, -0.797904858999971, 0.0 ], [ 103.455427360000044, -0.799680418999969, 0.0 ], [ 103.457279100000051, -0.801545848999979, 0.0 ], [ 103.457238380000035, -0.805631278999954, 0.0 ], [ 103.457232350000083, -0.80623591899996, 0.0 ], [ 103.45822669000006, -0.808471058999942, 0.0 ], [ 103.458832240000049, -0.809832248999953, 0.0 ], [ 103.458832240000049, -0.809832278999977, 0.0 ], [ 103.458483470000033, -0.809979838999936, 0.0 ], [ 103.457324480000068, -0.810470218999967, 0.0 ], [ 103.456285639000043, -0.811077399999931, 0.0 ], [ 103.455416037000077, -0.811606796999968, 0.0 ], [ 103.455282460000035, -0.811686348999956, 0.0 ], [ 103.455047400000069, -0.811826338999936, 0.0 ], [ 103.454076050000083, -0.812404823999941, 0.0 ], [ 103.453840410000055, -0.812545158999967, 0.0 ], [ 103.453278040000043, -0.812880082999925, 0.0 ], [ 103.453200120000076, -0.812926488999949, 0.0 ], [ 103.453090650000036, -0.812991678999936, 0.0 ], [ 103.451922760000059, -0.813687218999974, 0.0 ], [ 103.45179051000008, -0.813765975999956, 0.0 ], [ 103.45170971400006, -0.813814090999927, 0.0 ], [ 103.451578890000064, -0.813891998999964, 0.0 ], [ 103.450764010000057, -0.814377298999943, 0.0 ] ] ] ] } },
{ "type": "Feature", "properties": { "fid": 20879.0, "gid": null, "kdprov": "15", "kdkab": "07", "kdkec": "021", "kddesa": "006", "iddesa": "1507021006", "nmprov": "JAMBI", "nmkab": "TANJUNG JABUNG BARAT", "nmkec": "SENYERANG", "nmdesa": "LUMAHAN", "luas": null, "sumber": null, "periode": null, "layer": null, "path": null, "idkec": "1507021" }, "geometry": { "type": "MultiPolygon", "coordinates": [ [ [ [ 103.003746210000088, -0.89138203899995, 0.0 ], [ 103.003248840000083, -0.888199998999937, 0.0 ], [ 103.002132630000062, -0.886740088999943, 0.0 ], [ 103.00100486000008, -0.884682098999974, 0.0 ], [ 102.997436264000044, -0.883626156999981, 0.0 ], [ 102.996347520000086, -0.883303998999963, 0.0 ], [ 102.995646750000049, -0.882717498999966, 0.0 ], [ 102.995314750000034, -0.881377638999936, 0.0 ], [ 102.995683990000032, -0.879751078999959, 0.0 ], [ 102.996267100000068, -0.878148558999953, 0.0 ], [ 102.996481680000045, -0.876856828999962, 0.0 ], [ 102.99548419000007, -0.875600338999959, 0.0 ], [ 102.994438160000072, -0.876233738999929, 0.0 ], [ 102.991789400000073, -0.874174938999943, 0.0 ], [ 102.989081420000048, -0.871745308999948, 0.0 ], [ 102.987786270000072, -0.871613038999953, 0.0 ], [ 102.986670010000068, -0.870272758999931, 0.0 ], [ 102.985838510000065, -0.869722088999936, 0.0 ], [ 102.984876150000048, -0.869470378999949, 0.0 ], [ 102.984471270000085, -0.871096918999967, 0.0 ], [ 102.983425900000043, -0.870522208999944, 0.0 ], [ 102.98289120000004, -0.870474068999954, 0.0 ], [ 102.982462490000046, -0.872232158999964, 0.0 ], [ 102.979764430000046, -0.873522528999956, 0.0 ], [ 102.97877759000005, -0.874610478999955, 0.0 ], [ 102.977029420000065, -0.877241028999947, 0.0 ], [ 102.976160140000047, -0.880673448999971, 0.0 ], [ 102.975574320000078, -0.883783798999957, 0.0 ], [ 102.975103010000055, -0.887167658999942, 0.0 ], [ 102.97478717000007, -0.892392998999981, 0.0 ], [ 102.975151350000033, -0.897434038999961, 0.0 ], [ 102.976163780000036, -0.901193508999938, 0.0 ], [ 102.976158110000085, -0.901380658999926, 0.0 ], [ 102.976108518000046, -0.903016987999933, 0.0 ], [ 102.976078470000061, -0.904008458999954, 0.0 ], [ 102.976078470000061, -0.904008648999934, 0.0 ], [ 102.976064880000081, -0.904601248999938, 0.0 ], [ 102.974931060000074, -0.905355208999936, 0.0 ], [ 102.972732880000081, -0.906644008999933, 0.0 ], [ 102.968714584000054, -0.906638455999939, 0.0 ], [ 102.968702230000076, -0.906638438999948, 0.0 ], [ 102.88878516300008, -0.906527929999925, 0.0 ], [ 102.889728365000053, -0.905537798999944, 0.0 ], [ 102.890086419000056, -0.905161930999952, 0.0 ], [ 102.892515599000035, -0.902611900999943, 0.0 ], [ 102.89640988900004, -0.898511250999945, 0.0 ], [ 102.900377399000035, -0.894350690999943, 0.0 ], [ 102.90047492900004, -0.894247250999967, 0.0 ], [ 102.900731499000074, -0.893975170999965, 0.0 ], [ 102.918491409000069, -0.877536530999976, 0.0 ], [ 102.918496809000032, -0.877530860999968, 0.0 ], [ 102.921246247000056, -0.874645204999979, 0.0 ], [ 102.922480988000075, -0.873349290999954, 0.0 ], [ 102.92713006200006, -0.868469883999978, 0.0 ], [ 102.928056229000049, -0.86749783099998, 0.0 ], [ 102.933031242000084, -0.86032176599997, 0.0 ], [ 102.934105099000078, -0.858772810999938, 0.0 ], [ 102.935053319000076, -0.857809150999969, 0.0 ], [ 102.938374646000057, -0.853588077999973, 0.0 ], [ 102.938600148000035, -0.853301487999943, 0.0 ], [ 102.940164174000074, -0.851313767999955, 0.0 ], [ 102.940204269000048, -0.85126281099997, 0.0 ], [ 102.940639650000037, -0.850711040999954, 0.0 ], [ 102.941238627000075, -0.849951939999926, 0.0 ], [ 102.944423559000086, -0.845915580999929, 0.0 ], [ 102.94643727600004, -0.843212050999966, 0.0 ], [ 102.948824579000075, -0.840006960999972, 0.0 ], [ 102.949056330000076, -0.839663239999936, 0.0 ], [ 102.95260985300007, -0.834392845999957, 0.0 ], [ 102.953492649000054, -0.833083530999943, 0.0 ], [ 102.953989616000058, -0.83234168599995, 0.0 ], [ 102.954548979000037, -0.831506697999941, 0.0 ], [ 102.957476089000068, -0.827137260999962, 0.0 ], [ 102.957978679000064, -0.82638702099996, 0.0 ], [ 102.958545367000056, -0.82554201499994, 0.0 ], [ 102.958896189000086, -0.825018893999925, 0.0 ], [ 102.96165103900006, -0.820911050999939, 0.0 ], [ 102.961871709000036, -0.820631096999932, 0.0 ], [ 102.964829448000046, -0.816878749999944, 0.0 ], [ 102.968762979000076, -0.816601988999935, 0.0 ], [ 102.96920379800008, -0.816066925999962, 0.0 ], [ 102.969394849000082, -0.81583502899997, 0.0 ], [ 102.969547456000043, -0.815668249999931, 0.0 ], [ 102.970646524000074, -0.814484079999943, 0.0 ], [ 102.972336315000064, -0.812663445999931, 0.0 ], [ 102.973424426000065, -0.811474295999972, 0.0 ], [ 102.974199491000036, -0.810627259999933, 0.0 ], [ 102.974548725000034, -0.810245595999959, 0.0 ], [ 102.976155286000051, -0.807613974999924, 0.0 ], [ 102.978278302000035, -0.804390743999932, 0.0 ], [ 102.978398652000067, -0.80420802499998, 0.0 ], [ 102.978795754000032, -0.803624442999933, 0.0 ], [ 102.979196011000056, -0.803036223999925, 0.0 ], [ 102.979301516000078, -0.802881173999936, 0.0 ], [ 102.980476710000062, -0.804739558999927, 0.0 ], [ 103.006704650000074, -0.84621607899993, 0.0 ], [ 103.006908287000044, -0.84653811499993, 0.0 ], [ 103.014011465000067, -0.857771225999954, 0.0 ], [ 103.014033065000035, -0.857805384999949, 0.0 ], [ 103.014381374000038, -0.860119151999925, 0.0 ], [ 103.014865966000059, -0.86157292799993, 0.0 ], [ 103.015606909000041, -0.861314493999942, 0.0 ], [ 103.019784566000055, -0.865688746999979, 0.0 ], [ 103.023647717000074, -0.870994140999926, 0.0 ], [ 103.025511771000083, -0.870545386999936, 0.0 ], [ 103.029719154000077, -0.874854167999956, 0.0 ], [ 103.029722670000069, -0.874857768999959, 0.0 ], [ 103.030088270000078, -0.874421938999944, 0.0 ], [ 103.030088560000081, -0.874421598999959, 0.0 ], [ 103.030105150000054, -0.874401948999946, 0.0 ], [ 103.030105330000083, -0.874402158999942, 0.0 ], [ 103.030128919000049, -0.874429015999965, 0.0 ], [ 103.031845580000038, -0.873190412999975, 0.0 ], [ 103.039579149000076, -0.879440215999978, 0.0 ], [ 103.043058708000046, -0.88683978499995, 0.0 ], [ 103.044204529000069, -0.886742268999967, 0.0 ], [ 103.044953837000037, -0.889103723999938, 0.0 ], [ 103.047412360000067, -0.890567868999938, 0.0 ], [ 103.048099150000041, -0.890976878999936, 0.0 ], [ 103.050628570000072, -0.892797598999948, 0.0 ], [ 103.050630340000055, -0.892798528999947, 0.0 ], [ 103.050633590000075, -0.892800868999927, 0.0 ], [ 103.053948110000078, -0.894544288999953, 0.0 ], [ 103.055534, -0.895470668999963, 0.0 ], [ 103.056869610000035, -0.896250828999939, 0.0 ], [ 103.059067410000068, -0.897535648999963, 0.0 ], [ 103.054818276000049, -0.900294093999946, 0.0 ], [ 103.053284390000044, -0.901289858999974, 0.0 ], [ 103.052849450000053, -0.90109412399994, 0.0 ], [ 103.052876667000078, -0.900012249999975, 0.0 ], [ 103.050369398000043, -0.899837562999949, 0.0 ], [ 103.050223333000076, -0.893664998999952, 0.0 ], [ 103.050159379000036, -0.893526062999968, 0.0 ], [ 103.050126667000086, -0.893454998999971, 0.0 ], [ 103.050148471000057, -0.892588061999959, 0.0 ], [ 103.045750475000034, -0.89201262399996, 0.0 ], [ 103.045652855000071, -0.891036432999954, 0.0 ], [ 103.04496666700004, -0.891014998999935, 0.0 ], [ 103.043807084000036, -0.890170705999935, 0.0 ], [ 103.042856583000059, -0.889179101999957, 0.0 ], [ 103.039152196000032, -0.888542008999934, 0.0 ], [ 103.036681667000039, -0.888939998999945, 0.0 ], [ 103.033335020000038, -0.888388538999948, 0.0 ], [ 103.028968980000059, -0.886176958999954, 0.0 ], [ 103.028596178000043, -0.886057841999957, 0.0 ], [ 103.021890540000072, -0.883915258999934, 0.0 ], [ 103.020312767000064, -0.883762492999949, 0.0 ], [ 103.018947965000052, -0.88363034799994, 0.0 ], [ 103.016506498000069, -0.881874368999945, 0.0 ], [ 103.015709573000038, -0.882811567999966, 0.0 ], [ 103.015546864000044, -0.883002917999931, 0.0 ], [ 103.015312650000055, -0.883278358999974, 0.0 ], [ 103.013601210000047, -0.883815708999975, 0.0 ], [ 103.012685840000074, -0.884532908999972, 0.0 ], [ 103.012768340000036, -0.885824808999928, 0.0 ], [ 103.014893940000036, -0.888541238999949, 0.0 ], [ 103.01459648000008, -0.889258778999931, 0.0 ], [ 103.011814660000084, -0.891506048999929, 0.0 ], [ 103.007821870000043, -0.891719178999949, 0.0 ], [ 103.005623510000078, -0.891753868999956, 0.0 ], [ 103.003746210000088, -0.89138203899995, 0.0 ] ] ] ] } },
{ "type": "Feature", "properties": { "fid": 21458.0, "gid": null, "kdprov": "15", "kdkab": "07", "kdkec": "040", "kddesa": "013", "iddesa": "1507040013", "nmprov": "JAMBI", "nmkab": "TANJUNG JABUNG BARAT", "nmkec": "BETARA", "nmdesa": "MUNTIALO", "luas": null, "sumber": null, "periode": null, "layer": null, "path": null, "idkec": "1507040" }, "geometry": { "type": "MultiPolygon", "coordinates": [ [ [ [ 103.40872765000006, -1.035659708999958, 0.0 ], [ 103.411751240000058, -1.038461968999968, 0.0 ], [ 103.418236780000086, -1.044494038999972, 0.0 ], [ 103.418239830000061, -1.044475598999952, 0.0 ], [ 103.418293540000036, -1.044151588999966, 0.0 ], [ 103.419049964000067, -1.039588245999937, 0.0 ], [ 103.419121700000062, -1.03915547899993, 0.0 ], [ 103.419998519000046, -1.033865618999926, 0.0 ], [ 103.420785660000035, -1.029116788999943, 0.0 ], [ 103.420820049000042, -1.028909318999979, 0.0 ], [ 103.421911016000081, -1.02232743999997, 0.0 ], [ 103.421945010000059, -1.022122348999972, 0.0 ], [ 103.422256490000052, -1.020243168999968, 0.0 ], [ 103.42401355800007, -1.018231428999968, 0.0 ], [ 103.425857280000059, -1.01612047499998, 0.0 ], [ 103.426515790000053, -1.01536651899994, 0.0 ], [ 103.426956391000033, -1.014862053999934, 0.0 ], [ 103.429583110000067, -1.011854598999946, 0.0 ], [ 103.43086044100005, -1.010392112999966, 0.0 ], [ 103.436125090000075, -1.004364328999941, 0.0 ], [ 103.445259060000069, -1.011960328999976, 0.0 ], [ 103.45591950000005, -1.020509408999942, 0.0 ], [ 103.461358840000059, -1.024236328999962, 0.0 ], [ 103.466573190000076, -1.028751578999959, 0.0 ], [ 103.469693750000033, -1.031453748999979, 0.0 ], [ 103.471004010000058, -1.032588338999972, 0.0 ], [ 103.494572617000074, -1.033643145999974, 0.0 ], [ 103.493649366000056, -1.035615912999958, 0.0 ], [ 103.487996336000037, -1.047695074999979, 0.0 ], [ 103.483872300000087, -1.056507142999976, 0.0 ], [ 103.454675320000035, -1.055830238999931, 0.0 ], [ 103.440262510000082, -1.055767728999967, 0.0 ], [ 103.437974240000074, -1.055848628999968, 0.0 ], [ 103.437005850000048, -1.055883158999961, 0.0 ], [ 103.433281860000079, -1.056066278999936, 0.0 ], [ 103.433166880000044, -1.056171378999977, 0.0 ], [ 103.430974120000087, -1.058175858999959, 0.0 ], [ 103.426965040000084, -1.061840658999927, 0.0 ], [ 103.410182970000051, -1.067340318999925, 0.0 ], [ 103.407116209000037, -1.068338205999964, 0.0 ], [ 103.399651843000072, -1.070767018999959, 0.0 ], [ 103.392544690000079, -1.073079598999925, 0.0 ], [ 103.384503960000075, -1.074373198999979, 0.0 ], [ 103.38440348000006, -1.074389358999952, 0.0 ], [ 103.383392560000061, -1.07455140899998, 0.0 ], [ 103.383829710000043, -1.072848418999968, 0.0 ], [ 103.382997740000064, -1.071342908999952, 0.0 ], [ 103.378956630000062, -1.068892388999927, 0.0 ], [ 103.375391510000043, -1.068730978999952, 0.0 ], [ 103.374352200000033, -1.066675768999971, 0.0 ], [ 103.372204130000057, -1.061780538999926, 0.0 ], [ 103.372162410000044, -1.05890175899998, 0.0 ], [ 103.37224020900004, -1.057294824999929, 0.0 ], [ 103.372345400000086, -1.055122108999967, 0.0 ], [ 103.370125040000062, -1.053538218999961, 0.0 ], [ 103.369156620000069, -1.052847388999965, 0.0 ], [ 103.367032320000078, -1.05133202899998, 0.0 ], [ 103.364065040000071, -1.048577128999966, 0.0 ], [ 103.362112110000055, -1.046763978999934, 0.0 ], [ 103.36078622000008, -1.046558798999968, 0.0 ], [ 103.359521670000049, -1.046679358999938, 0.0 ], [ 103.356206558000054, -1.046995391999928, 0.0 ], [ 103.355955880000067, -1.047019288999934, 0.0 ], [ 103.353681910000034, -1.044780318999926, 0.0 ], [ 103.35231637000004, -1.042332478999924, 0.0 ], [ 103.352312962000042, -1.040326856999968, 0.0 ], [ 103.352310050000085, -1.038613318999978, 0.0 ], [ 103.351743350000049, -1.036727778999932, 0.0 ], [ 103.350355420000085, -1.035672098999953, 0.0 ], [ 103.34649139000004, -1.035045608999951, 0.0 ], [ 103.346725750000076, -1.032128818999979, 0.0 ], [ 103.346825370000033, -1.027528418999964, 0.0 ], [ 103.346879990000048, -1.026787828999943, 0.0 ], [ 103.347006960000044, -1.024234168999953, 0.0 ], [ 103.348433660000069, -1.022749148999935, 0.0 ], [ 103.351234650000038, -1.022432858999935, 0.0 ], [ 103.352289140000039, -1.021174478999967, 0.0 ], [ 103.351629780000053, -1.017440948999933, 0.0 ], [ 103.349476420000087, -1.011709848999942, 0.0 ], [ 103.346552200000076, -1.010821318999945, 0.0 ], [ 103.347350400000039, -1.008756948999974, 0.0 ], [ 103.352468030000068, -1.008556988999942, 0.0 ], [ 103.354709940000077, -1.00974464899997, 0.0 ], [ 103.356806930000062, -1.01327632899995, 0.0 ], [ 103.359309520000068, -1.010673048999934, 0.0 ], [ 103.358707290000041, -1.007634098999972, 0.0 ], [ 103.36020282000004, -1.00659302899993, 0.0 ], [ 103.361424022000051, -1.007154692999961, 0.0 ], [ 103.362097741000071, -1.007464553999966, 0.0 ], [ 103.363163420000035, -1.007954688999973, 0.0 ], [ 103.363880250000079, -1.011804018999953, 0.0 ], [ 103.36311457000005, -1.013041818999966, 0.0 ], [ 103.36094533000005, -1.016548608999926, 0.0 ], [ 103.364246860000037, -1.017767558999935, 0.0 ], [ 103.366341830000067, -1.016486648999944, 0.0 ], [ 103.367131071000074, -1.015327165999963, 0.0 ], [ 103.369545297000059, -1.01883414699995, 0.0 ], [ 103.370674620000045, -1.020958350999933, 0.0 ], [ 103.371346837000033, -1.02230278299993, 0.0 ], [ 103.376948823000077, -1.026504272999944, 0.0 ], [ 103.378081161000068, -1.027353526999946, 0.0 ], [ 103.380391825000061, -1.028160942999932, 0.0 ], [ 103.380294999000057, -1.027025433999938, 0.0 ], [ 103.380149106000033, -1.025314511999966, 0.0 ], [ 103.379299175000085, -1.021179383999936, 0.0 ], [ 103.381807123000044, -1.020558704999928, 0.0 ], [ 103.382295032000059, -1.020437954999977, 0.0 ], [ 103.384151620000068, -1.019762831999969, 0.0 ], [ 103.386586885000042, -1.019895445999964, 0.0 ], [ 103.387016500000072, -1.025039222999965, 0.0 ], [ 103.387084863000041, -1.02504215099998, 0.0 ], [ 103.388125130000049, -1.025086708999936, 0.0 ], [ 103.388125690000038, -1.025088058999927, 0.0 ], [ 103.394231270000034, -1.027865868999925, 0.0 ], [ 103.395391063000034, -1.028489419999971, 0.0 ], [ 103.40872765000006, -1.035659708999958, 0.0 ] ] ] ] } },
{ "type": "Feature", "properties": { "fid": 20975.0, "gid": null, "kdprov": "15", "kdkab": "07", "kdkec": "021", "kddesa": "003", "iddesa": "1507021003", "nmprov": "JAMBI", "nmkab": "TANJUNG JABUNG BARAT", "nmkec": "SENYERANG", "nmdesa": "TELUK KETAPANG", "luas": null, "sumber": null, "periode": null, "layer": null, "path": null, "idkec": "1507021" }, "geometry": { "type": "MultiPolygon", "coordinates": [ [ [ [ 103.090907970000046, -0.837597098999936, 0.0 ], [ 103.090464350000047, -0.837134618999926, 0.0 ], [ 103.090434731000073, -0.837103903999946, 0.0 ], [ 103.090511091000053, -0.837002820999942, 0.0 ], [ 103.090530122000075, -0.83686008799998, 0.0 ], [ 103.090506333000064, -0.836726868999961, 0.0 ], [ 103.090477474000068, -0.836568365999938, 0.0 ], [ 103.089409487000069, -0.836040728999933, 0.0 ], [ 103.088436591000061, -0.835089363999941, 0.0 ], [ 103.087411630000076, -0.833968948999939, 0.0 ], [ 103.086153680000052, -0.833223758999964, 0.0 ], [ 103.085830840000085, -0.833037618999924, 0.0 ], [ 103.084949420000044, -0.833262288999947, 0.0 ], [ 103.084207690000085, -0.833408578999979, 0.0 ], [ 103.083693920000087, -0.832665248999945, 0.0 ], [ 103.082752830000061, -0.831889148999949, 0.0 ], [ 103.080238430000065, -0.829819738999959, 0.0 ], [ 103.08023785000006, -0.829799578999939, 0.0 ], [ 103.080236700000057, -0.829771788999949, 0.0 ], [ 103.080730380000034, -0.82849676799998, 0.0 ], [ 103.082039700000053, -0.825115208999932, 0.0 ], [ 103.082113614000036, -0.824344197999949, 0.0 ], [ 103.082580030000088, -0.819478928999956, 0.0 ], [ 103.082585410000036, -0.819422848999977, 0.0 ], [ 103.083117430000073, -0.818720823999968, 0.0 ], [ 103.084724190000088, -0.816600628999936, 0.0 ], [ 103.084731269000088, -0.816591287999927, 0.0 ], [ 103.086021850000066, -0.814888308999969, 0.0 ], [ 103.086103460000061, -0.814780618999976, 0.0 ], [ 103.087423720000061, -0.813038458999927, 0.0 ], [ 103.087826250000035, -0.811134508999942, 0.0 ], [ 103.08816212000005, -0.809545868999976, 0.0 ], [ 103.088110865000033, -0.809344188999944, 0.0 ], [ 103.087362300000052, -0.806398718999958, 0.0 ], [ 103.08727741000007, -0.806064693999929, 0.0 ], [ 103.086240560000078, -0.801984898999933, 0.0 ], [ 103.085096110000052, -0.79854791899993, 0.0 ], [ 103.085081070000058, -0.79850275299998, 0.0 ], [ 103.084110570000064, -0.795588318999933, 0.0 ], [ 103.084103389000063, -0.795566747999942, 0.0 ], [ 103.084009620000074, -0.795285068999931, 0.0 ], [ 103.084343333000049, -0.794075501999941, 0.0 ], [ 103.084671300000082, -0.792886758999941, 0.0 ], [ 103.08537375800006, -0.792554702999951, 0.0 ], [ 103.085686180000039, -0.792407018999938, 0.0 ], [ 103.087768664000066, -0.791422626999974, 0.0 ], [ 103.087824910000052, -0.791396038999949, 0.0 ], [ 103.087835980000079, -0.791390798999942, 0.0 ], [ 103.089564090000067, -0.791701218999947, 0.0 ], [ 103.089623750000044, -0.791715378999925, 0.0 ], [ 103.090665750000085, -0.791962688999945, 0.0 ], [ 103.091853241000081, -0.793024235999951, 0.0 ], [ 103.093825400000071, -0.794787228999951, 0.0 ], [ 103.094205258000045, -0.796234494999965, 0.0 ], [ 103.095038200000033, -0.799408018999941, 0.0 ], [ 103.095317450000039, -0.800471948999927, 0.0 ], [ 103.095612610000046, -0.800912818999961, 0.0 ], [ 103.097313270000086, -0.803453088999959, 0.0 ], [ 103.098845727000082, -0.804237958999977, 0.0 ], [ 103.099051943000063, -0.803098589999934, 0.0 ], [ 103.099766442000032, -0.803432284999928, 0.0 ], [ 103.100359240000046, -0.803624649999961, 0.0 ], [ 103.100311110000064, -0.804898664999939, 0.0 ], [ 103.100348198000063, -0.804885118999948, 0.0 ], [ 103.100351430000046, -0.804883938999978, 0.0 ], [ 103.100534120000077, -0.804817208999964, 0.0 ], [ 103.101122812000085, -0.804602183999975, 0.0 ], [ 103.103775360000043, -0.803633318999971, 0.0 ], [ 103.104493781000087, -0.807620917999941, 0.0 ], [ 103.104823440000075, -0.809450688999959, 0.0 ], [ 103.104965796000045, -0.81024083899996, 0.0 ], [ 103.106136760000084, -0.81674027899993, 0.0 ], [ 103.108714916000054, -0.824538379999979, 0.0 ], [ 103.109122390000039, -0.825770858999931, 0.0 ], [ 103.111188716000072, -0.83053139499998, 0.0 ], [ 103.10622098500005, -0.834658433999948, 0.0 ], [ 103.103339303000041, -0.837052445999973, 0.0 ], [ 103.102286849000052, -0.837926792999951, 0.0 ], [ 103.105861448000041, -0.841572883999959, 0.0 ], [ 103.104431626000064, -0.842848664999963, 0.0 ], [ 103.104013961000078, -0.843204908999951, 0.0 ], [ 103.105241332000048, -0.844369105999931, 0.0 ], [ 103.111233151000079, -0.850052522999931, 0.0 ], [ 103.109451046000061, -0.853102663999948, 0.0 ], [ 103.109375721000049, -0.853571830999954, 0.0 ], [ 103.106010970000057, -0.857409749999931, 0.0 ], [ 103.101998549000086, -0.866823507999925, 0.0 ], [ 103.101937091000082, -0.874136927999928, 0.0 ], [ 103.101523920000034, -0.875467598999933, 0.0 ], [ 103.101515063000079, -0.875496123999937, 0.0 ], [ 103.098340140000062, -0.885721198999931, 0.0 ], [ 103.098305580000044, -0.885832488999938, 0.0 ], [ 103.096359920000054, -0.891257318999976, 0.0 ], [ 103.094606973000054, -0.891372854999929, 0.0 ], [ 103.094610827000054, -0.891284219999932, 0.0 ], [ 103.09449770100008, -0.89045463399998, 0.0 ], [ 103.094686244000059, -0.88362940899998, 0.0 ], [ 103.095032420000052, -0.876079514999958, 0.0 ], [ 103.094881730000054, -0.874702222999929, 0.0 ], [ 103.095537681000053, -0.874908378999976, 0.0 ], [ 103.095576078000079, -0.867229075999944, 0.0 ], [ 103.094817146000082, -0.859567481999932, 0.0 ], [ 103.094887632000052, -0.859578989999932, 0.0 ], [ 103.09422291900006, -0.854339486999947, 0.0 ], [ 103.093558206000068, -0.850781316999928, 0.0 ], [ 103.093454910000048, -0.850229503999969, 0.0 ], [ 103.09249612900004, -0.84510759099993, 0.0 ], [ 103.092152240000075, -0.839691288999973, 0.0 ], [ 103.091011724000055, -0.837771723999936, 0.0 ], [ 103.090907970000046, -0.837597098999936, 0.0 ] ] ] ] } },
{ "type": "Feature", "properties": { "fid": 21525.0, "gid": null, "kdprov": "15", "kdkab": "07", "kdkec": "040", "kddesa": "014", "iddesa": "1507040014", "nmprov": "JAMBI", "nmkab": "TANJUNG JABUNG BARAT", "nmkec": "BETARA", "nmdesa": "TELUK KULBI", "luas": null, "sumber": null, "periode": null, "layer": null, "path": null, "idkec": "1507040" }, "geometry": { "type": "MultiPolygon", "coordinates": [ [ [ [ 103.402947348000055, -1.030113231999962, 0.0 ], [ 103.400498834000075, -1.027582956999936, 0.0 ], [ 103.398411788000033, -1.02525062999996, 0.0 ], [ 103.39637207700008, -1.022969939999939, 0.0 ], [ 103.391479353000079, -1.018279464999978, 0.0 ], [ 103.388622036000072, -1.01497461699995, 0.0 ], [ 103.38764420800004, -1.013991179999948, 0.0 ], [ 103.386371469000039, -1.012711139999965, 0.0 ], [ 103.383359531000053, -1.009640859999934, 0.0 ], [ 103.382817036000063, -1.009087855999951, 0.0 ], [ 103.382571754000082, -1.008778026999948, 0.0 ], [ 103.381406619000074, -1.007227085999943, 0.0 ], [ 103.381697130000077, -1.006817548999948, 0.0 ], [ 103.382484850000083, -1.005707098999949, 0.0 ], [ 103.383041140000046, -1.005340618999981, 0.0 ], [ 103.384042585000088, -1.005126167999947, 0.0 ], [ 103.384486630000083, -1.005031078999934, 0.0 ], [ 103.38540179000006, -1.00512208899994, 0.0 ], [ 103.385404840000035, -1.005122398999958, 0.0 ], [ 103.385375820000036, -1.005088028999978, 0.0 ], [ 103.386941450000052, -1.00518840899997, 0.0 ], [ 103.387052877000087, -1.004661559999931, 0.0 ], [ 103.387464500000078, -1.002715328999955, 0.0 ], [ 103.387661562000062, -1.001783581999973, 0.0 ], [ 103.387687480000068, -1.001661038999941, 0.0 ], [ 103.387316709000061, -1.000619306999965, 0.0 ], [ 103.38639868000007, -0.998039978999941, 0.0 ], [ 103.386823425000046, -0.997680148999962, 0.0 ], [ 103.38810637000006, -0.996593278999967, 0.0 ], [ 103.390567830000066, -0.99740535899997, 0.0 ], [ 103.390929007000068, -0.997327464999955, 0.0 ], [ 103.391218924000043, -0.997182506999934, 0.0 ], [ 103.391436362000036, -0.996992248999959, 0.0 ], [ 103.391572260000032, -0.996666091999941, 0.0 ], [ 103.39159944000005, -0.996231216999945, 0.0 ], [ 103.391463541000064, -0.995678561999966, 0.0 ], [ 103.390892767000082, -0.99404777899997, 0.0 ], [ 103.390226, -0.992477608999934, 0.0 ], [ 103.388674050000077, -0.989648528999965, 0.0 ], [ 103.386001180000051, -0.987708248999979, 0.0 ], [ 103.386308710000037, -0.986073158999943, 0.0 ], [ 103.386382836000053, -0.985679027999936, 0.0 ], [ 103.386385897000082, -0.985682089999955, 0.0 ], [ 103.387313460000087, -0.983997958999964, 0.0 ], [ 103.38819565700004, -0.982126681999944, 0.0 ], [ 103.388393650000069, -0.98170670899998, 0.0 ], [ 103.389095868000084, -0.980805023999949, 0.0 ], [ 103.389335800000083, -0.980496938999977, 0.0 ], [ 103.389935850000086, -0.979726418999974, 0.0 ], [ 103.390932170000042, -0.979119128999969, 0.0 ], [ 103.391130310000051, -0.979108678999978, 0.0 ], [ 103.391577840000082, -0.979085078999958, 0.0 ], [ 103.392505880000044, -0.979036138999959, 0.0 ], [ 103.392507970000054, -0.979035488999955, 0.0 ], [ 103.392862064000042, -0.978924289999952, 0.0 ], [ 103.392920530000083, -0.97890592899995, 0.0 ], [ 103.393722430000082, -0.978653118999944, 0.0 ], [ 103.393767270000069, -0.978199468999946, 0.0 ], [ 103.393840220000072, -0.977447948999952, 0.0 ], [ 103.393065600000057, -0.975073848999955, 0.0 ], [ 103.392829020000079, -0.97434876899996, 0.0 ], [ 103.394723627000076, -0.973785884999927, 0.0 ], [ 103.39589538000007, -0.973437758999978, 0.0 ], [ 103.396892267000055, -0.973294894999924, 0.0 ], [ 103.397103085000083, -0.974182548999977, 0.0 ], [ 103.398073149000084, -0.974185533999957, 0.0 ], [ 103.399225542000067, -0.974189079999974, 0.0 ], [ 103.400002592000078, -0.973852508999926, 0.0 ], [ 103.400387885000043, -0.973685622999938, 0.0 ], [ 103.401472081000065, -0.973216014999934, 0.0 ], [ 103.403672906000054, -0.975090307999949, 0.0 ], [ 103.405168422000088, -0.973536015999969, 0.0 ], [ 103.40536419600005, -0.973185995999927, 0.0 ], [ 103.405644170000073, -0.97346620899998, 0.0 ], [ 103.410498260000054, -0.980159618999949, 0.0 ], [ 103.412340916000062, -0.982350129999929, 0.0 ], [ 103.41251045000007, -0.982551668999974, 0.0 ], [ 103.414235120000058, -0.984601898999927, 0.0 ], [ 103.417622415000039, -0.986841969999944, 0.0 ], [ 103.417633180000053, -0.986849088999975, 0.0 ], [ 103.41911599000008, -0.987829688999966, 0.0 ], [ 103.420336300000088, -0.98985179899995, 0.0 ], [ 103.422322690000044, -0.99314335899993, 0.0 ], [ 103.424733402000072, -0.995092717999967, 0.0 ], [ 103.433515030000081, -1.002193748999957, 0.0 ], [ 103.436125090000075, -1.004364328999941, 0.0 ], [ 103.43086044100005, -1.010392112999966, 0.0 ], [ 103.429583110000067, -1.011854598999946, 0.0 ], [ 103.426956391000033, -1.014862053999934, 0.0 ], [ 103.426515790000053, -1.01536651899994, 0.0 ], [ 103.425857280000059, -1.01612047499998, 0.0 ], [ 103.42401355800007, -1.018231428999968, 0.0 ], [ 103.422256490000052, -1.020243168999968, 0.0 ], [ 103.421945010000059, -1.022122348999972, 0.0 ], [ 103.421911016000081, -1.02232743999997, 0.0 ], [ 103.420820049000042, -1.028909318999979, 0.0 ], [ 103.420785660000035, -1.029116788999943, 0.0 ], [ 103.419998519000046, -1.033865618999926, 0.0 ], [ 103.419121700000062, -1.03915547899993, 0.0 ], [ 103.419049964000067, -1.039588245999937, 0.0 ], [ 103.418293540000036, -1.044151588999966, 0.0 ], [ 103.418239830000061, -1.044475598999952, 0.0 ], [ 103.418236780000086, -1.044494038999972, 0.0 ], [ 103.411751240000058, -1.038461968999968, 0.0 ], [ 103.40872765000006, -1.035659708999958, 0.0 ], [ 103.408238972000049, -1.034157851999964, 0.0 ], [ 103.405159187000038, -1.032488591999936, 0.0 ], [ 103.402947348000055, -1.030113231999962, 0.0 ] ] ] ] } },
{ "type": "Feature", "properties": { "fid": 20854.0, "gid": null, "kdprov": "15", "kdkab": "07", "kdkec": "021", "kddesa": "004", "iddesa": "1507021004", "nmprov": "JAMBI", "nmkab": "TANJUNG JABUNG BARAT", "nmkec": "SENYERANG", "nmdesa": "SUNGAI KAYU ARO", "luas": null, "sumber": null, "periode": null, "layer": null, "path": null, "idkec": "1507021" }, "geometry": { "type": "MultiPolygon", "coordinates": [ [ [ [ 103.125558943000044, -0.804688761999955, 0.0 ], [ 103.123307902000079, -0.797905625999931, 0.0 ], [ 103.123483060000069, -0.797842958999979, 0.0 ], [ 103.12352173000005, -0.797805108999967, 0.0 ], [ 103.123543580000046, -0.797783938999942, 0.0 ], [ 103.126205800000037, -0.795185648999961, 0.0 ], [ 103.125839080000048, -0.793357298999979, 0.0 ], [ 103.125288140000066, -0.790610028999936, 0.0 ], [ 103.125277550000078, -0.790601448999951, 0.0 ], [ 103.125200186000086, -0.79053872999998, 0.0 ], [ 103.122804865000035, -0.788596850999966, 0.0 ], [ 103.120866013000068, -0.779033909999953, 0.0 ], [ 103.120449305000079, -0.779131116999963, 0.0 ], [ 103.118110478000062, -0.768179378999946, 0.0 ], [ 103.11863145500007, -0.768012466999949, 0.0 ], [ 103.11720676300007, -0.761397329999966, 0.0 ], [ 103.114375627000072, -0.748251788999937, 0.0 ], [ 103.114107619000038, -0.746844199999941, 0.0 ], [ 103.114096140000072, -0.746580825999956, 0.0 ], [ 103.11411313800005, -0.746345754999936, 0.0 ], [ 103.114172672000052, -0.74626238299993, 0.0 ], [ 103.11463858500008, -0.74560990599997, 0.0 ], [ 103.115725743000041, -0.744087420999961, 0.0 ], [ 103.117145816000061, -0.74307319899998, 0.0 ], [ 103.11890672800007, -0.742528767999943, 0.0 ], [ 103.119185747000074, -0.74244250199996, 0.0 ], [ 103.121884384000055, -0.74202226899996, 0.0 ], [ 103.121888787000046, -0.742021582999939, 0.0 ], [ 103.121926572000064, -0.742030075999935, 0.0 ], [ 103.122950410000044, -0.742260208999937, 0.0 ], [ 103.123077398000078, -0.742288752999968, 0.0 ], [ 103.123900199000047, -0.742473697999969, 0.0 ], [ 103.126652343000046, -0.743802985999935, 0.0 ], [ 103.126654060000078, -0.743803814999978, 0.0 ], [ 103.130492205000053, -0.746961303999967, 0.0 ], [ 103.131593545000044, -0.74811936499998, 0.0 ], [ 103.131832045000067, -0.74844120399996, 0.0 ], [ 103.131834281000067, -0.748444220999943, 0.0 ], [ 103.131836511000074, -0.748447230999943, 0.0 ], [ 103.132650759000057, -0.748551060999944, 0.0 ], [ 103.13466825900008, -0.748808340999972, 0.0 ], [ 103.136342479000064, -0.74895068099994, 0.0 ], [ 103.138910489000068, -0.749169030999951, 0.0 ], [ 103.140268049000042, -0.749446200999955, 0.0 ], [ 103.140272645000039, -0.749452213999973, 0.0 ], [ 103.141127957000037, -0.750571278999928, 0.0 ], [ 103.144273423000072, -0.751016276999962, 0.0 ], [ 103.144815059000052, -0.751037387999929, 0.0 ], [ 103.146902303000047, -0.751936185999966, 0.0 ], [ 103.14690730500007, -0.751938339999924, 0.0 ], [ 103.149502298000073, -0.752478916999962, 0.0 ], [ 103.150305219000074, -0.752646180999932, 0.0 ], [ 103.155032862000041, -0.753631019999943, 0.0 ], [ 103.156025929000066, -0.753837890999932, 0.0 ], [ 103.156509584000048, -0.753938642999969, 0.0 ], [ 103.161493938000035, -0.75497695599995, 0.0 ], [ 103.162800119000053, -0.755252391999932, 0.0 ], [ 103.161883824000085, -0.758021342999939, 0.0 ], [ 103.160892105000073, -0.76107690799995, 0.0 ], [ 103.160624073000065, -0.761894405999954, 0.0 ], [ 103.160289033000083, -0.763006738999934, 0.0 ], [ 103.160382844000083, -0.763502597999945, 0.0 ], [ 103.160449852000056, -0.764601529999936, 0.0 ], [ 103.160452232000068, -0.765289548999931, 0.0 ], [ 103.160125254000036, -0.76701139499994, 0.0 ], [ 103.15973236800005, -0.768255533999934, 0.0 ], [ 103.159263529000043, -0.769740188999947, 0.0 ], [ 103.158325726000044, -0.771373780999966, 0.0 ], [ 103.157685806000075, -0.782582331999947, 0.0 ], [ 103.158081778000053, -0.782978302999936, 0.0 ], [ 103.158394735000059, -0.783437306999929, 0.0 ], [ 103.158572078000077, -0.784595249999938, 0.0 ], [ 103.160690911000074, -0.788597903999971, 0.0 ], [ 103.161262578000049, -0.788313412999969, 0.0 ], [ 103.161616850000087, -0.788844820999941, 0.0 ], [ 103.160954267000079, -0.790444412999932, 0.0 ], [ 103.162675445000048, -0.79256825899995, 0.0 ], [ 103.161929459000078, -0.793156440999951, 0.0 ], [ 103.16263598900008, -0.794137423999928, 0.0 ], [ 103.158152580000035, -0.796379127999955, 0.0 ], [ 103.15631701500007, -0.801220428999954, 0.0 ], [ 103.149103081000078, -0.806068159999938, 0.0 ], [ 103.148393964000036, -0.803550108999957, 0.0 ], [ 103.147903485000086, -0.80288182299995, 0.0 ], [ 103.14775790200008, -0.802962172999969, 0.0 ], [ 103.141680651000058, -0.806319769999959, 0.0 ], [ 103.137192742000082, -0.808126343999959, 0.0 ], [ 103.13717409700007, -0.808133848999944, 0.0 ], [ 103.127532416000065, -0.812015033999955, 0.0 ], [ 103.126892084000076, -0.807319263999943, 0.0 ], [ 103.126863300000082, -0.807331698999974, 0.0 ], [ 103.126726450000035, -0.807674700999939, 0.0 ], [ 103.125671579000084, -0.804644804999953, 0.0 ], [ 103.125558943000044, -0.804688761999955, 0.0 ] ] ] ] } },
{ "type": "Feature", "properties": { "fid": 21420.0, "gid": null, "kdprov": "15", "kdkab": "07", "kdkec": "040", "kddesa": "011", "iddesa": "1507040011", "nmprov": "JAMBI", "nmkab": "TANJUNG JABUNG BARAT", "nmkec": "BETARA", "nmdesa": "LUBUK TERENTANG", "luas": null, "sumber": null, "periode": null, "layer": null, "path": null, "idkec": "1507040" }, "geometry": { "type": "MultiPolygon", "coordinates": [ [ [ [ 103.412834064000037, -1.123417719999964, 0.0 ], [ 103.433024080000052, -1.128582568999946, 0.0 ], [ 103.444975554000052, -1.13131150199996, 0.0 ], [ 103.444914961000052, -1.132299164999949, 0.0 ], [ 103.444878606000032, -1.132959626999934, 0.0 ], [ 103.444805894000069, -1.133783689999973, 0.0 ], [ 103.444775598000035, -1.134032119999972, 0.0 ], [ 103.444739242000082, -1.134686522999971, 0.0 ], [ 103.444733183000039, -1.13497130899998, 0.0 ], [ 103.444672590000039, -1.136061979999965, 0.0 ], [ 103.444618057000071, -1.137055701999941, 0.0 ], [ 103.444581701000061, -1.137794934999931, 0.0 ], [ 103.444569582000042, -1.138261499999942, 0.0 ], [ 103.444593819000033, -1.13970360899998, 0.0 ], [ 103.444618057000071, -1.140957880999963, 0.0 ], [ 103.444611997000038, -1.141697112999964, 0.0 ], [ 103.444599879000066, -1.141981899999962, 0.0 ], [ 103.434118270000056, -1.141583428999979, 0.0 ], [ 103.434107080000047, -1.14145058899993, 0.0 ], [ 103.41929016000006, -1.14012422899998, 0.0 ], [ 103.415718315000049, -1.13980448999996, 0.0 ], [ 103.406015274000083, -1.138935907999951, 0.0 ], [ 103.405907127000035, -1.138926227999946, 0.0 ], [ 103.40022872600008, -1.135881558999927, 0.0 ], [ 103.398667629000045, -1.138278172999946, 0.0 ], [ 103.397598157000061, -1.140202173999967, 0.0 ], [ 103.396100712000077, -1.140446654999948, 0.0 ], [ 103.395229750000055, -1.140645295999946, 0.0 ], [ 103.394908333000046, -1.140541665999933, 0.0 ], [ 103.390541627000061, -1.140169579999963, 0.0 ], [ 103.380341667000039, -1.138978331999965, 0.0 ], [ 103.378057679000051, -1.136908558999949, 0.0 ], [ 103.366634076000082, -1.136843394999971, 0.0 ], [ 103.36350372000004, -1.136825538999972, 0.0 ], [ 103.357125210000049, -1.13678916899994, 0.0 ], [ 103.357462, -1.134182718999966, 0.0 ], [ 103.35565334000006, -1.130165488999978, 0.0 ], [ 103.347799500000065, -1.120178248999935, 0.0 ], [ 103.347692474000041, -1.120072745999948, 0.0 ], [ 103.339196340000058, -1.111697468999978, 0.0 ], [ 103.337351310000088, -1.108112968999933, 0.0 ], [ 103.338062740000055, -1.103072908999934, 0.0 ], [ 103.340010040000038, -1.098339778999957, 0.0 ], [ 103.34099844800005, -1.097521975999939, 0.0 ], [ 103.345721160000039, -1.093614428999956, 0.0 ], [ 103.349374485000055, -1.093097753999928, 0.0 ], [ 103.350503557000081, -1.09293807399996, 0.0 ], [ 103.351217250000047, -1.092837138999926, 0.0 ], [ 103.351825768000083, -1.092887385999973, 0.0 ], [ 103.354383505000044, -1.093098582999971, 0.0 ], [ 103.35493364000007, -1.093144008999957, 0.0 ], [ 103.36065031000004, -1.094942148999962, 0.0 ], [ 103.361138401000062, -1.095095674999925, 0.0 ], [ 103.365100230000053, -1.096341838999933, 0.0 ], [ 103.368364900000074, -1.100762748999955, 0.0 ], [ 103.373326466000037, -1.104914983999947, 0.0 ], [ 103.37741058000006, -1.108332896999968, 0.0 ], [ 103.376832242000035, -1.110272764999934, 0.0 ], [ 103.380768260000082, -1.110746646999928, 0.0 ], [ 103.386345836000032, -1.113131462999945, 0.0 ], [ 103.387177168000051, -1.113486917999978, 0.0 ], [ 103.393442866000044, -1.115152319999936, 0.0 ], [ 103.396750180000083, -1.115241640999955, 0.0 ], [ 103.396742096000082, -1.115213681999933, 0.0 ], [ 103.398256320000087, -1.115183402999946, 0.0 ], [ 103.400065, -1.115181665999955, 0.0 ], [ 103.412834064000037, -1.123417719999964, 0.0 ] ] ] ] } },
{ "type": "Feature", "properties": { "fid": 21466.0, "gid": null, "kdprov": "15", "kdkab": "07", "kdkec": "040", "kddesa": "012", "iddesa": "1507040012", "nmprov": "JAMBI", "nmkab": "TANJUNG JABUNG BARAT", "nmkec": "BETARA", "nmdesa": "PEMATANG BULUH", "luas": null, "sumber": null, "periode": null, "layer": null, "path": null, "idkec": "1507040" }, "geometry": { "type": "MultiPolygon", "coordinates": [ [ [ [ 103.338062740000055, -1.103072908999934, 0.0 ], [ 103.337351310000088, -1.108112968999933, 0.0 ], [ 103.339196340000058, -1.111697468999978, 0.0 ], [ 103.347692474000041, -1.120072745999948, 0.0 ], [ 103.347799500000065, -1.120178248999935, 0.0 ], [ 103.35565334000006, -1.130165488999978, 0.0 ], [ 103.357462, -1.134182718999966, 0.0 ], [ 103.357125210000049, -1.13678916899994, 0.0 ], [ 103.352737660000059, -1.136764128999971, 0.0 ], [ 103.287139310000043, -1.131850008999947, 0.0 ], [ 103.289802960000088, -1.130904168999962, 0.0 ], [ 103.290177370000038, -1.130771218999939, 0.0 ], [ 103.290177590000042, -1.130770878999954, 0.0 ], [ 103.293839460000072, -1.124996278999959, 0.0 ], [ 103.294146260000048, -1.124512468999967, 0.0 ], [ 103.301512710000054, -1.112895358999936, 0.0 ], [ 103.313060700000051, -1.094005368999944, 0.0 ], [ 103.313061060000052, -1.094005428999935, 0.0 ], [ 103.313120570000081, -1.093908068999951, 0.0 ], [ 103.324751497000079, -1.074881819999973, 0.0 ], [ 103.325760580000065, -1.073231128999964, 0.0 ], [ 103.325760600000081, -1.073231098999941, 0.0 ], [ 103.325760010000067, -1.073234818999936, 0.0 ], [ 103.329636450000066, -1.073112178999963, 0.0 ], [ 103.346697690000042, -1.072519668999973, 0.0 ], [ 103.350158914000076, -1.072813117999942, 0.0 ], [ 103.350467805000051, -1.072839305999935, 0.0 ], [ 103.350597230000062, -1.072850278999965, 0.0 ], [ 103.358853930000066, -1.073550048999948, 0.0 ], [ 103.363670630000058, -1.073958278999953, 0.0 ], [ 103.366910620000056, -1.074232868999957, 0.0 ], [ 103.367421850000085, -1.074276198999939, 0.0 ], [ 103.372421780000082, -1.074699948999978, 0.0 ], [ 103.377092830000038, -1.075095838999971, 0.0 ], [ 103.378797770000062, -1.075240328999939, 0.0 ], [ 103.383392560000061, -1.07455140899998, 0.0 ], [ 103.38440348000006, -1.074389358999952, 0.0 ], [ 103.383995990000074, -1.077800418999971, 0.0 ], [ 103.385365530000058, -1.07875219899995, 0.0 ], [ 103.38924288000004, -1.079145608999966, 0.0 ], [ 103.391881050000052, -1.086316558999954, 0.0 ], [ 103.394010109000078, -1.087695824999969, 0.0 ], [ 103.394525760000079, -1.088029878999976, 0.0 ], [ 103.394910349000043, -1.089472641999976, 0.0 ], [ 103.395762600000069, -1.092669808999972, 0.0 ], [ 103.397601550000047, -1.094441042999961, 0.0 ], [ 103.398254240000085, -1.095069698999964, 0.0 ], [ 103.399788619000049, -1.099996743999952, 0.0 ], [ 103.399827750000043, -1.100122398999929, 0.0 ], [ 103.400046430000032, -1.10082456899994, 0.0 ], [ 103.400185010000087, -1.103440338999974, 0.0 ], [ 103.400204870000039, -1.103815288999954, 0.0 ], [ 103.400204932000065, -1.103816452999979, 0.0 ], [ 103.400205140000082, -1.103820318999965, 0.0 ], [ 103.39994506000005, -1.104447648999951, 0.0 ], [ 103.399869430000081, -1.104630078999946, 0.0 ], [ 103.399863060000087, -1.104645441999935, 0.0 ], [ 103.399632530000076, -1.105201468999951, 0.0 ], [ 103.399404970000035, -1.105750348999948, 0.0 ], [ 103.399396188000082, -1.105771532999938, 0.0 ], [ 103.398981960000071, -1.106770688999973, 0.0 ], [ 103.39890113000007, -1.106879248999974, 0.0 ], [ 103.398784419000037, -1.107036004999941, 0.0 ], [ 103.397654718000069, -1.108553325999935, 0.0 ], [ 103.397390010000038, -1.108908858999939, 0.0 ], [ 103.396659686000078, -1.10988976799996, 0.0 ], [ 103.396271810000087, -1.110410728999966, 0.0 ], [ 103.395739348000063, -1.110480912999947, 0.0 ], [ 103.394702660000064, -1.110617558999934, 0.0 ], [ 103.393294994000087, -1.110110658999929, 0.0 ], [ 103.386345836000032, -1.113131462999945, 0.0 ], [ 103.380768260000082, -1.110746646999928, 0.0 ], [ 103.376832242000035, -1.110272764999934, 0.0 ], [ 103.37741058000006, -1.108332896999968, 0.0 ], [ 103.373326466000037, -1.104914983999947, 0.0 ], [ 103.368364900000074, -1.100762748999955, 0.0 ], [ 103.365100230000053, -1.096341838999933, 0.0 ], [ 103.361138401000062, -1.095095674999925, 0.0 ], [ 103.36065031000004, -1.094942148999962, 0.0 ], [ 103.35493364000007, -1.093144008999957, 0.0 ], [ 103.354383505000044, -1.093098582999971, 0.0 ], [ 103.351825768000083, -1.092887385999973, 0.0 ], [ 103.351217250000047, -1.092837138999926, 0.0 ], [ 103.350503557000081, -1.09293807399996, 0.0 ], [ 103.349374485000055, -1.093097753999928, 0.0 ], [ 103.345721160000039, -1.093614428999956, 0.0 ], [ 103.34099844800005, -1.097521975999939, 0.0 ], [ 103.340010040000038, -1.098339778999957, 0.0 ], [ 103.338062740000055, -1.103072908999934, 0.0 ] ] ] ] } },
{ "type": "Feature", "properties": { "fid": 20260.0, "gid": null, "kdprov": "15", "kdkab": "07", "kdkec": "012", "kddesa": "003", "iddesa": "1507012003", "nmprov": "JAMBI", "nmkab": "TANJUNG JABUNG BARAT", "nmkec": "BATANG ASAM", "nmdesa": "TANJUNG BOJO", "luas": null, "sumber": null, "periode": null, "layer": null, "path": null, "idkec": "1507012" }, "geometry": { "type": "MultiPolygon", "coordinates": [ [ [ [ 102.972277025000039, -1.087743402999934, 0.0 ], [ 102.964334696000037, -1.112734244999956, 0.0 ], [ 102.962977385000045, -1.112570940999944, 0.0 ], [ 102.962499561000072, -1.115248562999966, 0.0 ], [ 102.96220848300004, -1.116879702999938, 0.0 ], [ 102.961926991000041, -1.11845711999996, 0.0 ], [ 102.961844491000079, -1.118919435999942, 0.0 ], [ 102.961734909000086, -1.130311060999929, 0.0 ], [ 102.961028163000037, -1.130318588999955, 0.0 ], [ 102.940887168000074, -1.130759309999974, 0.0 ], [ 102.954147411000065, -1.103343638999945, 0.0 ], [ 102.954294509000079, -1.103012669999941, 0.0 ], [ 102.954764475000047, -1.101955246999978, 0.0 ], [ 102.954918740000039, -1.098407132999967, 0.0 ], [ 102.955304405000049, -1.096633076999979, 0.0 ], [ 102.955304405000049, -1.095167551999964, 0.0 ], [ 102.954533076000075, -1.093624893999959, 0.0 ], [ 102.953993146000073, -1.092930696999929, 0.0 ], [ 102.953838880000035, -1.09107950799995, 0.0 ], [ 102.953761747000044, -1.089922513999966, 0.0 ], [ 102.954147411000065, -1.088996918999953, 0.0 ], [ 102.954224544000056, -1.087531393999939, 0.0 ], [ 102.954301677000046, -1.084330378999937, 0.0 ], [ 102.954757285000085, -1.083748213999968, 0.0 ], [ 102.954765201000043, -1.083289083999944, 0.0 ], [ 102.955101368000044, -1.082153069999947, 0.0 ], [ 102.955727335000063, -1.081990781999934, 0.0 ], [ 102.957775360000085, -1.082319739999946, 0.0 ], [ 102.958158322000088, -1.080840114999944, 0.0 ], [ 102.959091903000058, -1.080101544999934, 0.0 ], [ 102.963623333000044, -1.076516665999975, 0.0 ], [ 102.964703333000045, -1.071738331999939, 0.0 ], [ 102.965318041000046, -1.071145163999972, 0.0 ], [ 102.965278333000072, -1.071131665999928, 0.0 ], [ 102.965166632000034, -1.071036462999928, 0.0 ], [ 102.965738126000076, -1.070408446999977, 0.0 ], [ 102.965799478000065, -1.070324337999978, 0.0 ], [ 102.965775213000086, -1.070297301999972, 0.0 ], [ 102.966729040000075, -1.069119894999972, 0.0 ], [ 102.966800760000069, -1.069204111999966, 0.0 ], [ 102.967062179000038, -1.068784286999971, 0.0 ], [ 102.96763898100005, -1.067857972999946, 0.0 ], [ 102.98397108000006, -1.04162944899997, 0.0 ], [ 102.997752800000058, -1.033659848999946, 0.0 ], [ 102.999659420000057, -1.032557298999961, 0.0 ], [ 103.016237300000057, -1.024335158999975, 0.0 ], [ 103.029850810000084, -1.015081478999946, 0.0 ], [ 103.031364030000077, -1.014069648999964, 0.0 ], [ 103.034003090000056, -1.019018308999932, 0.0 ], [ 103.034579970000038, -1.020123928999965, 0.0 ], [ 103.035394610000083, -1.021057448999954, 0.0 ], [ 103.03622603000008, -1.021768488999953, 0.0 ], [ 103.036582420000059, -1.021960098999955, 0.0 ], [ 103.037958150000065, -1.022606878999966, 0.0 ], [ 103.042437440000072, -1.023992418999967, 0.0 ], [ 103.043992950000074, -1.027258078999978, 0.0 ], [ 103.042929310000034, -1.028152028999955, 0.0 ], [ 103.037691950000067, -1.026527778999935, 0.0 ], [ 103.03510588000006, -1.026851538999949, 0.0 ], [ 103.03429519000008, -1.026976788999946, 0.0 ], [ 103.030972370000086, -1.027490128999943, 0.0 ], [ 103.028779, -1.026940918999969, 0.0 ], [ 103.027358370000059, -1.025892188999933, 0.0 ], [ 103.026684899000088, -1.025561805999928, 0.0 ], [ 103.025422448000086, -1.026690615999939, 0.0 ], [ 103.026288700000066, -1.030020698999977, 0.0 ], [ 103.027064620000033, -1.032066638999936, 0.0 ], [ 103.025661610000043, -1.033285848999981, 0.0 ], [ 103.024515960000087, -1.033402358999979, 0.0 ], [ 103.024076780000087, -1.032569548999959, 0.0 ], [ 103.023468870000045, -1.031712718999927, 0.0 ], [ 103.022601240000085, -1.031925088999969, 0.0 ], [ 103.021663310000065, -1.034369458999947, 0.0 ], [ 103.021872140000085, -1.034881548999977, 0.0 ], [ 103.022844350000071, -1.034671638999953, 0.0 ], [ 103.02365216000004, -1.035097978999943, 0.0 ], [ 103.023977330000037, -1.035818278999955, 0.0 ], [ 103.023948680000046, -1.036135618999936, 0.0 ], [ 103.02389117000007, -1.036772758999973, 0.0 ], [ 103.023341490000064, -1.037844178999933, 0.0 ], [ 103.022052260000066, -1.039537138999947, 0.0 ], [ 103.02187586000008, -1.040381518999936, 0.0 ], [ 103.022799930000076, -1.04113568899993, 0.0 ], [ 103.024090480000041, -1.041136508999955, 0.0 ], [ 103.025284640000052, -1.041241868999975, 0.0 ], [ 103.025315330000069, -1.041244578999965, 0.0 ], [ 103.025537820000068, -1.041264208999962, 0.0 ], [ 103.025668060000044, -1.041538268999943, 0.0 ], [ 103.025694780000038, -1.041594518999943, 0.0 ], [ 103.025790780000079, -1.041796518999945, 0.0 ], [ 103.025795170000038, -1.04180576899995, 0.0 ], [ 103.025824840000041, -1.041868208999972, 0.0 ], [ 103.025825420000047, -1.041869418999966, 0.0 ], [ 103.025835680000057, -1.041891018999934, 0.0 ], [ 103.025835820000054, -1.041891308999936, 0.0 ], [ 103.025836860000084, -1.041893508999976, 0.0 ], [ 103.025836900000058, -1.041893588999926, 0.0 ], [ 103.025836850000076, -1.041893588999926, 0.0 ], [ 103.025835570000083, -1.041893738999931, 0.0 ], [ 103.025835120000067, -1.041893788999971, 0.0 ], [ 103.025824550000038, -1.041895008999973, 0.0 ], [ 103.02582115000007, -1.041895398999941, 0.0 ], [ 103.02577258000008, -1.041901008999957, 0.0 ], [ 103.02575524000008, -1.04190301899996, 0.0 ], [ 103.025714010000058, -1.041907778999928, 0.0 ], [ 103.025697, -1.041909738999948, 0.0 ], [ 103.020097560000067, -1.042556488999935, 0.0 ], [ 103.007183520000069, -1.046860688999971, 0.0 ], [ 102.995645376000084, -1.056072584999924, 0.0 ], [ 102.992857037000078, -1.058298755999942, 0.0 ], [ 102.978267522000067, -1.069946824999931, 0.0 ], [ 102.977541634000033, -1.071915474999969, 0.0 ], [ 102.976498416000084, -1.07474474299994, 0.0 ], [ 102.976095, -1.075729998999975, 0.0 ], [ 102.975837497000043, -1.076540240999975, 0.0 ], [ 102.975604524000062, -1.077273299999945, 0.0 ], [ 102.975083285000039, -1.078913397999941, 0.0 ], [ 102.976739707000036, -1.079172663999941, 0.0 ], [ 102.977491451000049, -1.080967645999976, 0.0 ], [ 102.98017223100004, -1.082045947999973, 0.0 ], [ 102.979938121000032, -1.082069573999945, 0.0 ], [ 102.978678887000058, -1.083890977999943, 0.0 ], [ 102.973969975000045, -1.082416469999941, 0.0 ], [ 102.973330891000046, -1.084427371999936, 0.0 ], [ 102.972277025000039, -1.087743402999934, 0.0 ] ] ] ] } },
{ "type": "Feature", "properties": { "fid": 20064.0, "gid": null, "kdprov": "15", "kdkab": "07", "kdkec": "012", "kddesa": "004", "iddesa": "1507012004", "nmprov": "JAMBI", "nmkab": "TANJUNG JABUNG BARAT", "nmkec": "BATANG ASAM", "nmdesa": "DUSUN KEBON", "luas": null, "sumber": null, "periode": null, "layer": null, "path": null, "idkec": "1507012" }, "geometry": { "type": "MultiPolygon", "coordinates": [ [ [ [ 102.954764475000047, -1.101955246999978, 0.0 ], [ 102.954294509000079, -1.103012669999941, 0.0 ], [ 102.954147411000065, -1.103343638999945, 0.0 ], [ 102.940887168000074, -1.130759309999974, 0.0 ], [ 102.935701130000041, -1.141481488999943, 0.0 ], [ 102.930675730000075, -1.142088268999942, 0.0 ], [ 102.929932020000081, -1.142178068999954, 0.0 ], [ 102.928161270000032, -1.142391878999945, 0.0 ], [ 102.918006870000056, -1.143617918999951, 0.0 ], [ 102.912763290000044, -1.142558358999963, 0.0 ], [ 102.893295730000034, -1.138624538999977, 0.0 ], [ 102.915643540000076, -1.097592058999965, 0.0 ], [ 102.916552590000038, -1.09592295899995, 0.0 ], [ 102.91655656000006, -1.095915678999972, 0.0 ], [ 102.919851950000066, -1.089864618999968, 0.0 ], [ 102.919862780000074, -1.089844718999927, 0.0 ], [ 102.928850350000062, -1.073341398999958, 0.0 ], [ 102.93024371000007, -1.071545325999978, 0.0 ], [ 102.930255, -1.073091665999925, 0.0 ], [ 102.930535524000049, -1.073845645999938, 0.0 ], [ 102.93096064000008, -1.074058203999925, 0.0 ], [ 102.931385756000054, -1.074301127999945, 0.0 ], [ 102.932539643000041, -1.07539428399997, 0.0 ], [ 102.932873663000066, -1.075819399999943, 0.0 ], [ 102.933572068000046, -1.076639266999962, 0.0 ], [ 102.933632799000065, -1.077352854999958, 0.0 ], [ 102.933602434000079, -1.077960163999933, 0.0 ], [ 102.933693530000085, -1.078294183999958, 0.0 ], [ 102.934574128000065, -1.07884076199997, 0.0 ], [ 102.934847417000071, -1.079205146999925, 0.0 ], [ 102.934908148000034, -1.079812455999956, 0.0 ], [ 102.934665224000071, -1.083198202999938, 0.0 ], [ 102.934725955000033, -1.083926973999951, 0.0 ], [ 102.934847417000071, -1.085232687999962, 0.0 ], [ 102.935323220000043, -1.085967858999936, 0.0 ], [ 102.937337383000056, -1.089377570999943, 0.0 ], [ 102.937883961000068, -1.089984879999975, 0.0 ], [ 102.938396667000063, -1.090324998999961, 0.0 ], [ 102.949343121000084, -1.078463090999946, 0.0 ], [ 102.949434218000079, -1.077096645999973, 0.0 ], [ 102.949488544000076, -1.074931000999925, 0.0 ], [ 102.949505, -1.074274998999954, 0.0 ], [ 102.949368596000056, -1.07045289399997, 0.0 ], [ 102.949341667000056, -1.069698331999973, 0.0 ], [ 102.949341856000046, -1.06926373899995, 0.0 ], [ 102.949343121000084, -1.066362460999926, 0.0 ], [ 102.950527374000046, -1.066241, 0.0 ], [ 102.950609004000057, -1.066030802999933, 0.0 ], [ 102.951053333000061, -1.06488666599995, 0.0 ], [ 102.951761667000085, -1.062206665999952, 0.0 ], [ 102.95186166700006, -1.062106665999977, 0.0 ], [ 102.951965, -1.060671665999962, 0.0 ], [ 102.952474310000071, -1.059737058999929, 0.0 ], [ 102.953587860000084, -1.059862348999957, 0.0 ], [ 102.955374930000062, -1.06006341899996, 0.0 ], [ 102.958351667000045, -1.061444998999946, 0.0 ], [ 102.95861147800008, -1.060910901999932, 0.0 ], [ 102.958900726000081, -1.060293838999939, 0.0 ], [ 102.959257466000054, -1.059859965999976, 0.0 ], [ 102.959739547000083, -1.059618925999928, 0.0 ], [ 102.960838691000049, -1.059271827999964, 0.0 ], [ 102.961716077000062, -1.059387526999956, 0.0 ], [ 102.961573967000049, -1.057776350999973, 0.0 ], [ 102.962182686000062, -1.056780264999929, 0.0 ], [ 102.962238024000044, -1.055839517999971, 0.0 ], [ 102.962238024000044, -1.054290050999953, 0.0 ], [ 102.962016672000061, -1.05218720299996, 0.0 ], [ 102.961795319000032, -1.051191117999963, 0.0 ], [ 102.961131262000038, -1.050084355999957, 0.0 ], [ 102.960854572000073, -1.049198945999933, 0.0 ], [ 102.960799234000035, -1.047704817999943, 0.0 ], [ 102.960411867000062, -1.04598933699998, 0.0 ], [ 102.96035652900008, -1.044439869999962, 0.0 ], [ 102.960743895000064, -1.040289512999948, 0.0 ], [ 102.960749260000057, -1.039335328999925, 0.0 ], [ 102.960688557000083, -1.035585774999959, 0.0 ], [ 102.958254443000044, -1.033349635999969, 0.0 ], [ 102.95720945000005, -1.032310438999957, 0.0 ], [ 102.954601367000066, -1.031352410999943, 0.0 ], [ 102.954728467000052, -1.021567906999962, 0.0 ], [ 102.943976453000062, -1.022747336999942, 0.0 ], [ 102.944151993000048, -1.018833935999965, 0.0 ], [ 102.944193889000076, -1.007700614999976, 0.0 ], [ 102.961980094000069, -1.007838625999966, 0.0 ], [ 102.961975165000069, -1.008208298999932, 0.0 ], [ 102.961920946000077, -1.008375883999975, 0.0 ], [ 102.961989003000042, -1.013505874999964, 0.0 ], [ 102.979533404000051, -1.013545145999956, 0.0 ], [ 102.983557325000049, -1.012385316999939, 0.0 ], [ 102.985392360000048, -1.011593948999973, 0.0 ], [ 102.990333710000073, -1.00946592899993, 0.0 ], [ 102.998224610000079, -1.006877768999971, 0.0 ], [ 103.011951340000053, -1.003057448999925, 0.0 ], [ 103.014094670000077, -1.002345518999959, 0.0 ], [ 103.019356530000039, -1.000793648999945, 0.0 ], [ 103.019605400000046, -1.001918198999931, 0.0 ], [ 103.021422620000067, -1.003498238999953, 0.0 ], [ 103.026126830000067, -1.006216398999925, 0.0 ], [ 103.028905610000038, -1.009459718999949, 0.0 ], [ 103.031364030000077, -1.014069648999964, 0.0 ], [ 103.029850810000084, -1.015081478999946, 0.0 ], [ 103.016237300000057, -1.024335158999975, 0.0 ], [ 102.999659420000057, -1.032557298999961, 0.0 ], [ 102.997752800000058, -1.033659848999946, 0.0 ], [ 102.98397108000006, -1.04162944899997, 0.0 ], [ 102.96763898100005, -1.067857972999946, 0.0 ], [ 102.967062179000038, -1.068784286999971, 0.0 ], [ 102.966800760000069, -1.069204111999966, 0.0 ], [ 102.966729040000075, -1.069119894999972, 0.0 ], [ 102.965775213000086, -1.070297301999972, 0.0 ], [ 102.965799478000065, -1.070324337999978, 0.0 ], [ 102.965738126000076, -1.070408446999977, 0.0 ], [ 102.965166632000034, -1.071036462999928, 0.0 ], [ 102.965278333000072, -1.071131665999928, 0.0 ], [ 102.965318041000046, -1.071145163999972, 0.0 ], [ 102.964703333000045, -1.071738331999939, 0.0 ], [ 102.963623333000044, -1.076516665999975, 0.0 ], [ 102.959091903000058, -1.080101544999934, 0.0 ], [ 102.958158322000088, -1.080840114999944, 0.0 ], [ 102.957775360000085, -1.082319739999946, 0.0 ], [ 102.955727335000063, -1.081990781999934, 0.0 ], [ 102.955101368000044, -1.082153069999947, 0.0 ], [ 102.954765201000043, -1.083289083999944, 0.0 ], [ 102.954757285000085, -1.083748213999968, 0.0 ], [ 102.954301677000046, -1.084330378999937, 0.0 ], [ 102.954224544000056, -1.087531393999939, 0.0 ], [ 102.954147411000065, -1.088996918999953, 0.0 ], [ 102.953761747000044, -1.089922513999966, 0.0 ], [ 102.953838880000035, -1.09107950799995, 0.0 ], [ 102.953993146000073, -1.092930696999929, 0.0 ], [ 102.954533076000075, -1.093624893999959, 0.0 ], [ 102.955304405000049, -1.095167551999964, 0.0 ], [ 102.955304405000049, -1.096633076999979, 0.0 ], [ 102.954918740000039, -1.098407132999967, 0.0 ], [ 102.954764475000047, -1.101955246999978, 0.0 ] ] ] ] } },
{ "type": "Feature", "properties": { "fid": 20111.0, "gid": null, "kdprov": "15", "kdkab": "07", "kdkec": "012", "kddesa": "001", "iddesa": "1507012001", "nmprov": "JAMBI", "nmkab": "TANJUNG JABUNG BARAT", "nmkec": "BATANG ASAM", "nmdesa": "LUBUK BERNAI", "luas": null, "sumber": null, "periode": null, "layer": null, "path": null, "idkec": "1507012" }, "geometry": { "type": "MultiPolygon", "coordinates": [ [ [ [ 102.963640560000044, -1.231127988999958, 0.0 ], [ 102.955941084000074, -1.233114404999981, 0.0 ], [ 102.955830381000055, -1.232160646999944, 0.0 ], [ 102.954216891000044, -1.218259811999928, 0.0 ], [ 102.936319156000081, -1.21693948799998, 0.0 ], [ 102.934633340000062, -1.214073078999945, 0.0 ], [ 102.928764920000049, -1.20662176899998, 0.0 ], [ 102.928412330000072, -1.206174068999928, 0.0 ], [ 102.926095390000057, -1.205705808999937, 0.0 ], [ 102.926058996000052, -1.205721199999971, 0.0 ], [ 102.918190330000073, -1.209048778999943, 0.0 ], [ 102.909394740000039, -1.211446098999943, 0.0 ], [ 102.900408170000048, -1.214991438999959, 0.0 ], [ 102.892277170000057, -1.218597188999979, 0.0 ], [ 102.886286300000052, -1.22075732899998, 0.0 ], [ 102.881506940000065, -1.223671928999977, 0.0 ], [ 102.879164090000074, -1.226026288999947, 0.0 ], [ 102.876288170000066, -1.226251248999972, 0.0 ], [ 102.870853770000053, -1.215948908999962, 0.0 ], [ 102.869871627000066, -1.215465734999952, 0.0 ], [ 102.868651626000087, -1.214611734999949, 0.0 ], [ 102.864419110000085, -1.20830105899995, 0.0 ], [ 102.860858680000035, -1.20255723899993, 0.0 ], [ 102.85801768400006, -1.200048817999971, 0.0 ], [ 102.857827108000038, -1.199837822999939, 0.0 ], [ 102.857700499000032, -1.199768763999941, 0.0 ], [ 102.851401439000085, -1.196332911999946, 0.0 ], [ 102.848655347000033, -1.192268695999928, 0.0 ], [ 102.848480681000069, -1.192010189999962, 0.0 ], [ 102.845968430000084, -1.190788012999974, 0.0 ], [ 102.844157958000039, -1.189907242999936, 0.0 ], [ 102.839835235000066, -1.192711171999974, 0.0 ], [ 102.832358093000039, -1.19387947499996, 0.0 ], [ 102.82868108200006, -1.193628769999975, 0.0 ], [ 102.830782600000077, -1.193618578999974, 0.0 ], [ 102.839614030000064, -1.160542928999973, 0.0 ], [ 102.842893720000063, -1.142466208999963, 0.0 ], [ 102.856979140000078, -1.13431744899998, 0.0 ], [ 102.860867960000064, -1.132071638999946, 0.0 ], [ 102.860897240000043, -1.132077558999924, 0.0 ], [ 102.893295730000034, -1.138624538999977, 0.0 ], [ 102.912763290000044, -1.142558358999963, 0.0 ], [ 102.918006870000056, -1.143617918999951, 0.0 ], [ 102.928161270000032, -1.142391878999945, 0.0 ], [ 102.929932020000081, -1.142178068999954, 0.0 ], [ 102.930675730000075, -1.142088268999942, 0.0 ], [ 102.935701130000041, -1.141481488999943, 0.0 ], [ 102.940887168000074, -1.130759309999974, 0.0 ], [ 102.961028163000037, -1.130318588999955, 0.0 ], [ 102.961734909000086, -1.130311060999929, 0.0 ], [ 102.962456668000073, -1.130356741999947, 0.0 ], [ 102.963169501000039, -1.130402855999932, 0.0 ], [ 102.963995100000034, -1.130458010999973, 0.0 ], [ 102.963365350000061, -1.141117048999945, 0.0 ], [ 102.972981480000044, -1.138939808999964, 0.0 ], [ 102.974365350000085, -1.138595758999941, 0.0 ], [ 102.979923910000082, -1.137213808999945, 0.0 ], [ 102.988360110000087, -1.135116378999953, 0.0 ], [ 102.992538840000066, -1.13407744899996, 0.0 ], [ 102.993863730000044, -1.133748048999962, 0.0 ], [ 102.995630290000065, -1.133308838999938, 0.0 ], [ 102.997189860000049, -1.13292109899993, 0.0 ], [ 102.999182590000032, -1.132425638999962, 0.0 ], [ 103.00131685000008, -1.131895008999948, 0.0 ], [ 103.003726660000041, -1.131295958999942, 0.0 ], [ 103.007785610000042, -1.13575678899997, 0.0 ], [ 103.012175031000083, -1.140580805999946, 0.0 ], [ 103.012594, -1.141041256999927, 0.0 ], [ 103.012918298000045, -1.141397663999953, 0.0 ], [ 103.01550422400004, -1.14423962199993, 0.0 ], [ 103.018322740000087, -1.147337198999935, 0.0 ], [ 103.02653156000008, -1.156358798999975, 0.0 ], [ 103.027814850000084, -1.157584898999971, 0.0 ], [ 103.030144780000057, -1.159810998999944, 0.0 ], [ 103.037932780000062, -1.167251958999941, 0.0 ], [ 103.026186130000042, -1.191372758999933, 0.0 ], [ 103.023813760000053, -1.195103088999929, 0.0 ], [ 103.021827890000054, -1.198118758999954, 0.0 ], [ 103.021800594000069, -1.198160209999969, 0.0 ], [ 103.020810920000088, -1.199663078999947, 0.0 ], [ 103.019531830000062, -1.20228058899994, 0.0 ], [ 103.017711700000064, -1.206005258999937, 0.0 ], [ 103.013190660000078, -1.207697018999966, 0.0 ], [ 103.010958380000034, -1.209808188999943, 0.0 ], [ 103.009159150000073, -1.211509788999933, 0.0 ], [ 103.006457530000034, -1.216854588999979, 0.0 ], [ 103.003161770000077, -1.22207930899998, 0.0 ], [ 103.000784230000079, -1.223034448999954, 0.0 ], [ 102.995875400000045, -1.223951788999955, 0.0 ], [ 102.989422690000083, -1.223480438999957, 0.0 ], [ 102.985798050000085, -1.223489658999938, 0.0 ], [ 102.983435700000086, -1.224388818999955, 0.0 ], [ 102.975824510000052, -1.227285798999958, 0.0 ], [ 102.967802780000056, -1.229815448999943, 0.0 ], [ 102.963640560000044, -1.231127988999958, 0.0 ] ] ] ] } },
{ "type": "Feature", "properties": { "fid": 20564.0, "gid": null, "kdprov": "15", "kdkab": "07", "kdkec": "015", "kddesa": "010", "iddesa": "1507015010", "nmprov": "JAMBI", "nmkab": "TANJUNG JABUNG BARAT", "nmkec": "MUARA PAPALIK", "nmdesa": "RANTAU BADAK LAMO", "luas": null, "sumber": null, "periode": null, "layer": null, "path": null, "idkec": "1507015" }, "geometry": { "type": "MultiPolygon", "coordinates": [ [ [ [ 103.09967940000007, -1.266981448999957, 0.0 ], [ 103.097987900000078, -1.267156058999944, 0.0 ], [ 103.097368690000053, -1.266815528999928, 0.0 ], [ 103.096576690000063, -1.267197428999964, 0.0 ], [ 103.095341850000068, -1.266877778999969, 0.0 ], [ 103.094644480000056, -1.267769738999959, 0.0 ], [ 103.095340470000053, -1.268758358999946, 0.0 ], [ 103.095687360000056, -1.27076668899997, 0.0 ], [ 103.097301340000058, -1.272297858999934, 0.0 ], [ 103.096065580000072, -1.273221288999935, 0.0 ], [ 103.095876320000059, -1.272201178999978, 0.0 ], [ 103.095401890000062, -1.271372088999954, 0.0 ], [ 103.094325440000034, -1.270988798999952, 0.0 ], [ 103.094203280000045, -1.269655948999969, 0.0 ], [ 103.09094046000007, -1.265860498999928, 0.0 ], [ 103.08882, -1.263393888999929, 0.0 ], [ 103.088825280000037, -1.263381548999973, 0.0 ], [ 103.090305743000044, -1.259925211999928, 0.0 ], [ 103.09131158200006, -1.256853683999964, 0.0 ], [ 103.091604476000043, -1.254721633999964, 0.0 ], [ 103.093183070000066, -1.243230628999925, 0.0 ], [ 103.093277930000056, -1.243287258999942, 0.0 ], [ 103.106684145000088, -1.25128445799993, 0.0 ], [ 103.106705520000048, -1.251297208999972, 0.0 ], [ 103.107756504000065, -1.251924145999965, 0.0 ], [ 103.107936820000077, -1.252031708999937, 0.0 ], [ 103.115265260000058, -1.256403268999975, 0.0 ], [ 103.115369775000033, -1.256465614999968, 0.0 ], [ 103.114398425000047, -1.257057901999929, 0.0 ], [ 103.118006757000046, -1.262518297999975, 0.0 ], [ 103.121559565000041, -1.264259408999976, 0.0 ], [ 103.121629260000077, -1.264357618999952, 0.0 ], [ 103.123864450000042, -1.267507338999962, 0.0 ], [ 103.13024917000007, -1.276504358999944, 0.0 ], [ 103.130359977000069, -1.27666050199997, 0.0 ], [ 103.130558273000076, -1.27650351799997, 0.0 ], [ 103.140342780000083, -1.27647688899998, 0.0 ], [ 103.153714370000046, -1.285989288999929, 0.0 ], [ 103.150865710000062, -1.297901928999977, 0.0 ], [ 103.149468530000036, -1.303744668999968, 0.0 ], [ 103.147896540000033, -1.307978238999965, 0.0 ], [ 103.121471630000087, -1.305494408999948, 0.0 ], [ 103.121101956000075, -1.304981434999945, 0.0 ], [ 103.120914161000087, -1.304874122999934, 0.0 ], [ 103.120431259000043, -1.304713155999934, 0.0 ], [ 103.119975185000044, -1.304686327999946, 0.0 ], [ 103.11941180000008, -1.304471704999969, 0.0 ], [ 103.119224004000046, -1.304230253999947, 0.0 ], [ 103.118955726000081, -1.303666868999926, 0.0 ], [ 103.118928898000036, -1.30315713899995, 0.0 ], [ 103.118928898000036, -1.302754720999928, 0.0 ], [ 103.11825820100006, -1.301762089999954, 0.0 ], [ 103.118124062000049, -1.301091392999979, 0.0 ], [ 103.118124062000049, -1.300474351999981, 0.0 ], [ 103.118311857000037, -1.299642687999949, 0.0 ], [ 103.118532069000082, -1.298578329999941, 0.0 ], [ 103.119767466000042, -1.298784638999962, 0.0 ], [ 103.119900550000068, -1.297884243999931, 0.0 ], [ 103.119406726000079, -1.296981738999932, 0.0 ], [ 103.119079495000051, -1.296383696999953, 0.0 ], [ 103.119164432000048, -1.295194583999944, 0.0 ], [ 103.117918695000071, -1.292936683999926, 0.0 ], [ 103.117890382000041, -1.292327971999953, 0.0 ], [ 103.118017787000042, -1.291145936999953, 0.0 ], [ 103.117819602000054, -1.290622160999931, 0.0 ], [ 103.117550636000033, -1.290098384999965, 0.0 ], [ 103.117295826000088, -1.289730325999926, 0.0 ], [ 103.117168421000088, -1.288746476999961, 0.0 ], [ 103.117182577000051, -1.288293480999926, 0.0 ], [ 103.116899455000066, -1.287323787999981, 0.0 ], [ 103.115851903000078, -1.286630137999964, 0.0 ], [ 103.115427220000072, -1.28586570899995, 0.0 ], [ 103.11503084900005, -1.284648282999967, 0.0 ], [ 103.11503084900005, -1.283713979999959, 0.0 ], [ 103.115144097000041, -1.282807988999934, 0.0 ], [ 103.115144097000041, -1.282411617999969, 0.0 ], [ 103.115302014000065, -1.282045326999935, 0.0 ], [ 103.121039490000044, -1.280513601999928, 0.0 ], [ 103.121329938000088, -1.280484556999966, 0.0 ], [ 103.121852745000069, -1.280106974999967, 0.0 ], [ 103.122114148000037, -1.280106974999967, 0.0 ], [ 103.122785630000067, -1.279873968999937, 0.0 ], [ 103.123508299000036, -1.279511555999932, 0.0 ], [ 103.116541090000055, -1.266111938999927, 0.0 ], [ 103.116464932000042, -1.265599090999956, 0.0 ], [ 103.116000215000042, -1.264756790999968, 0.0 ], [ 103.115099826000062, -1.264219461999971, 0.0 ], [ 103.11477160000004, -1.264728448999961, 0.0 ], [ 103.114256925000063, -1.265192861999935, 0.0 ], [ 103.113596633000043, -1.265673073999949, 0.0 ], [ 103.112936340000033, -1.266288346999943, 0.0 ], [ 103.112501147000046, -1.266490936999958, 0.0 ], [ 103.112155994000034, -1.266565969999931, 0.0 ], [ 103.112020934000043, -1.266701029999979, 0.0 ], [ 103.111840854000036, -1.266926129999945, 0.0 ], [ 103.111660775000075, -1.267541401999949, 0.0 ], [ 103.111405662000038, -1.267961588999924, 0.0 ], [ 103.111120535000055, -1.268351761999952, 0.0 ], [ 103.110730362000083, -1.268651894999948, 0.0 ], [ 103.110310176000041, -1.268846980999967, 0.0 ], [ 103.109980030000088, -1.268831973999966, 0.0 ], [ 103.109679897000035, -1.268681907999962, 0.0 ], [ 103.109124651000059, -1.268321747999948, 0.0 ], [ 103.108764491000045, -1.268051628999956, 0.0 ], [ 103.108464358000049, -1.267916568999965, 0.0 ], [ 103.10822425200007, -1.267976594999936, 0.0 ], [ 103.107999152000048, -1.268201694999959, 0.0 ], [ 103.107653999000036, -1.268291734999934, 0.0 ], [ 103.107398886000055, -1.268276727999933, 0.0 ], [ 103.107188793000034, -1.268156674999943, 0.0 ], [ 103.107068739000056, -1.267916568999965, 0.0 ], [ 103.106978699000081, -1.267466368999976, 0.0 ], [ 103.106948686000067, -1.266738546999932, 0.0 ], [ 103.106843640000079, -1.266168293999954, 0.0 ], [ 103.106603533000055, -1.265988213999947, 0.0 ], [ 103.106138327000053, -1.266033233999963, 0.0 ], [ 103.10540300100007, -1.266168293999954, 0.0 ], [ 103.105098577000035, -1.266279915999974, 0.0 ], [ 103.104952802000071, -1.266333366999959, 0.0 ], [ 103.10427677000007, -1.26630046899993, 0.0 ], [ 103.103992376000065, -1.266183300999955, 0.0 ], [ 103.103482150000048, -1.265838147999943, 0.0 ], [ 103.102866877000054, -1.265447974999972, 0.0 ], [ 103.102206584000044, -1.265072807999957, 0.0 ], [ 103.101681352000071, -1.264772674999961, 0.0 ], [ 103.101096092000034, -1.264622608999957, 0.0 ], [ 103.100600873000076, -1.264787681999962, 0.0 ], [ 103.100345760000039, -1.265012781999928, 0.0 ], [ 103.100120660000073, -1.26555302099996, 0.0 ], [ 103.099880554000038, -1.266108266999936, 0.0 ], [ 103.099841190000063, -1.266505258999928, 0.0 ], [ 103.099835859000052, -1.26657400199997, 0.0 ], [ 103.099807100000078, -1.266944828999954, 0.0 ], [ 103.09967940000007, -1.266981448999957, 0.0 ] ] ], [ [ [ 103.129935850000038, -1.342425288999948, 0.0 ], [ 103.130963281000049, -1.337817729999927, 0.0 ], [ 103.134850950000043, -1.33473633899996, 0.0 ], [ 103.141891036000061, -1.336625610999931, 0.0 ], [ 103.143123700000046, -1.338912408999931, 0.0 ], [ 103.137985840000056, -1.343078658999957, 0.0 ], [ 103.129935850000038, -1.342425288999948, 0.0 ] ] ] ] } },
{ "type": "Feature", "properties": { "fid": 20107.0, "gid": null, "kdprov": "15", "kdkab": "07", "kdkec": "012", "kddesa": "002", "iddesa": "1507012002", "nmprov": "JAMBI", "nmkab": "TANJUNG JABUNG BARAT", "nmkec": "BATANG ASAM", "nmdesa": "KAMPUNG BARU", "luas": null, "sumber": null, "periode": null, "layer": null, "path": null, "idkec": "1507012" }, "geometry": { "type": "MultiPolygon", "coordinates": [ [ [ [ 102.972277025000039, -1.087743402999934, 0.0 ], [ 102.973330891000046, -1.084427371999936, 0.0 ], [ 102.973969975000045, -1.082416469999941, 0.0 ], [ 102.978678887000058, -1.083890977999943, 0.0 ], [ 102.979938121000032, -1.082069573999945, 0.0 ], [ 102.98017223100004, -1.082045947999973, 0.0 ], [ 102.977491451000049, -1.080967645999976, 0.0 ], [ 102.976739707000036, -1.079172663999941, 0.0 ], [ 102.975083285000039, -1.078913397999941, 0.0 ], [ 102.975604524000062, -1.077273299999945, 0.0 ], [ 102.975837497000043, -1.076540240999975, 0.0 ], [ 102.976095, -1.075729998999975, 0.0 ], [ 102.976498416000084, -1.07474474299994, 0.0 ], [ 102.977541634000033, -1.071915474999969, 0.0 ], [ 102.978267522000067, -1.069946824999931, 0.0 ], [ 102.992857037000078, -1.058298755999942, 0.0 ], [ 102.995645376000084, -1.056072584999924, 0.0 ], [ 103.007183520000069, -1.046860688999971, 0.0 ], [ 103.020097560000067, -1.042556488999935, 0.0 ], [ 103.025697, -1.041909738999948, 0.0 ], [ 103.025714010000058, -1.041907778999928, 0.0 ], [ 103.02575524000008, -1.04190301899996, 0.0 ], [ 103.02577258000008, -1.041901008999957, 0.0 ], [ 103.02582115000007, -1.041895398999941, 0.0 ], [ 103.025824550000038, -1.041895008999973, 0.0 ], [ 103.025835120000067, -1.041893788999971, 0.0 ], [ 103.025835570000083, -1.041893738999931, 0.0 ], [ 103.025836850000076, -1.041893588999926, 0.0 ], [ 103.025836900000058, -1.041893588999926, 0.0 ], [ 103.025836860000084, -1.041893628999958, 0.0 ], [ 103.025836820000052, -1.041893668999933, 0.0 ], [ 103.025836780000077, -1.041893718999972, 0.0 ], [ 103.025830080000048, -1.041901268999936, 0.0 ], [ 103.025774990000059, -1.041963348999957, 0.0 ], [ 103.024814190000086, -1.043046038999933, 0.0 ], [ 103.025411730000087, -1.045276078999962, 0.0 ], [ 103.024031770000079, -1.045404288999976, 0.0 ], [ 103.022841080000035, -1.04479387899994, 0.0 ], [ 103.023008220000065, -1.043573898999966, 0.0 ], [ 103.022556800000075, -1.043322418999935, 0.0 ], [ 103.021926970000038, -1.043322018999959, 0.0 ], [ 103.021356380000043, -1.043608738999978, 0.0 ], [ 103.020726, -1.044493498999941, 0.0 ], [ 103.020559150000054, -1.045246978999955, 0.0 ], [ 103.02147283000005, -1.047412618999942, 0.0 ], [ 103.021436530000074, -1.048453258999928, 0.0 ], [ 103.02105578000004, -1.049206598999945, 0.0 ], [ 103.020473430000038, -1.049289958999964, 0.0 ], [ 103.020141220000085, -1.048452428999951, 0.0 ], [ 103.019939300000033, -1.048284838999962, 0.0 ], [ 103.019803720000084, -1.048436678999963, 0.0 ], [ 103.02072387000004, -1.051519528999961, 0.0 ], [ 103.022568980000074, -1.05770137899998, 0.0 ], [ 103.019091445000072, -1.06116411499994, 0.0 ], [ 103.016906710000058, -1.063339551999945, 0.0 ], [ 103.016929723000032, -1.063354629999935, 0.0 ], [ 103.014093700000046, -1.082188728999938, 0.0 ], [ 103.014092408000067, -1.08219730899998, 0.0 ], [ 103.011748061000048, -1.084604172999946, 0.0 ], [ 103.008653281000079, -1.087781479999933, 0.0 ], [ 103.007519310000077, -1.088945690999935, 0.0 ], [ 103.007489972000087, -1.088975810999955, 0.0 ], [ 103.00590784700006, -1.09060012599997, 0.0 ], [ 103.004199716000073, -1.094158731999926, 0.0 ], [ 103.00176100200008, -1.099239384999976, 0.0 ], [ 103.000378721000061, -1.100548914999933, 0.0 ], [ 102.990789681000081, -1.101526141999955, 0.0 ], [ 102.990597430000037, -1.102411528999937, 0.0 ], [ 102.995186980000085, -1.121880928999929, 0.0 ], [ 102.998194860000069, -1.125197128999957, 0.0 ], [ 102.998217370000077, -1.125221948999979, 0.0 ], [ 103.003726660000041, -1.131295958999942, 0.0 ], [ 103.00131685000008, -1.131895008999948, 0.0 ], [ 102.999182590000032, -1.132425638999962, 0.0 ], [ 102.997189860000049, -1.13292109899993, 0.0 ], [ 102.995630290000065, -1.133308838999938, 0.0 ], [ 102.993863730000044, -1.133748048999962, 0.0 ], [ 102.992538840000066, -1.13407744899996, 0.0 ], [ 102.988360110000087, -1.135116378999953, 0.0 ], [ 102.979923910000082, -1.137213808999945, 0.0 ], [ 102.974365350000085, -1.138595758999941, 0.0 ], [ 102.972981480000044, -1.138939808999964, 0.0 ], [ 102.963365350000061, -1.141117048999945, 0.0 ], [ 102.963995100000034, -1.130458010999973, 0.0 ], [ 102.963995699000066, -1.130454148999945, 0.0 ], [ 102.965622600000074, -1.130557116999967, 0.0 ], [ 102.966966678000063, -1.120123949999936, 0.0 ], [ 102.967359998000063, -1.118783420999932, 0.0 ], [ 102.967714910000041, -1.117573798999956, 0.0 ], [ 102.967712685000038, -1.11752036799993, 0.0 ], [ 102.967640528000061, -1.115787273999956, 0.0 ], [ 102.967550090000032, -1.113615098999958, 0.0 ], [ 102.964334696000037, -1.112734244999956, 0.0 ], [ 102.972277025000039, -1.087743402999934, 0.0 ] ] ] ] } },
{ "type": "Feature", "properties": { "fid": 20633.0, "gid": null, "kdprov": "15", "kdkab": "07", "kdkec": "020", "kddesa": "011", "iddesa": "1507020011", "nmprov": "JAMBI", "nmkab": "TANJUNG JABUNG BARAT", "nmkec": "PENGABUAN", "nmdesa": "SUAK SAMIN", "luas": null, "sumber": null, "periode": null, "layer": null, "path": null, "idkec": "1507020" }, "geometry": { "type": "MultiPolygon", "coordinates": [ [ [ [ 103.240259090000052, -0.91673936899997, 0.0 ], [ 103.242825080000046, -0.919703478999963, 0.0 ], [ 103.247415930000045, -0.919705748999945, 0.0 ], [ 103.242825620000076, -0.927644218999944, 0.0 ], [ 103.24282560000006, -0.927651518999937, 0.0 ], [ 103.24282063000004, -0.929006998999967, 0.0 ], [ 103.242794910000043, -0.937479358999951, 0.0 ], [ 103.242804010000043, -0.937538568999969, 0.0 ], [ 103.24352698000007, -0.942224318999934, 0.0 ], [ 103.243797280000081, -0.942607668999926, 0.0 ], [ 103.248494, -0.94926862899996, 0.0 ], [ 103.251839780000068, -0.957336478999935, 0.0 ], [ 103.253227430000038, -0.960682598999938, 0.0 ], [ 103.253227020000054, -0.960683378999931, 0.0 ], [ 103.246860490000074, -0.972735818999979, 0.0 ], [ 103.246860480000066, -0.972735848999946, 0.0 ], [ 103.245352180000054, -0.984415848999959, 0.0 ], [ 103.245352170000046, -0.984415878999926, 0.0 ], [ 103.242735520000053, -0.992693008999936, 0.0 ], [ 103.234438730000079, -1.00037292899998, 0.0 ], [ 103.234438680000039, -1.000372978999962, 0.0 ], [ 103.23359355000008, -1.001221278999935, 0.0 ], [ 103.227565430000084, -1.007272058999945, 0.0 ], [ 103.225197760000071, -1.009457988999941, 0.0 ], [ 103.224163040000064, -1.006181358999925, 0.0 ], [ 103.223299050000037, -0.998405438999953, 0.0 ], [ 103.221427070000061, -0.993365498999935, 0.0 ], [ 103.221427070000061, -0.986021578999953, 0.0 ], [ 103.220995070000072, -0.979541648999941, 0.0 ], [ 103.223155050000059, -0.968165768999938, 0.0 ], [ 103.226179010000067, -0.960389858999974, 0.0 ], [ 103.224883030000058, -0.940086078999968, 0.0 ], [ 103.222291060000032, -0.934038148999946, 0.0 ], [ 103.224163040000064, -0.918054328999972, 0.0 ], [ 103.224307040000042, -0.908838428999957, 0.0 ], [ 103.22461061100006, -0.905497662999949, 0.0 ], [ 103.224910327000032, -0.902199328999927, 0.0 ], [ 103.219627263000064, -0.902648424999938, 0.0 ], [ 103.228878630000054, -0.882704658999955, 0.0 ], [ 103.230622499000049, -0.87958393599996, 0.0 ], [ 103.229649771000084, -0.879219343999978, 0.0 ], [ 103.230924771000048, -0.873456758999964, 0.0 ], [ 103.231098250000059, -0.872672688999955, 0.0 ], [ 103.233311053000079, -0.867830678999951, 0.0 ], [ 103.233453980000036, -0.867517928999973, 0.0 ], [ 103.235180352000043, -0.862312556999939, 0.0 ], [ 103.236087830000088, -0.859576318999927, 0.0 ], [ 103.238027400000078, -0.856232858999931, 0.0 ], [ 103.239528930000063, -0.850220978999971, 0.0 ], [ 103.245256876000042, -0.849868611999966, 0.0 ], [ 103.245331540000052, -0.849864018999938, 0.0 ], [ 103.247837624000056, -0.84970984399996, 0.0 ], [ 103.249681660000078, -0.84959639899995, 0.0 ], [ 103.249736150000047, -0.849656558999925, 0.0 ], [ 103.249957180000081, -0.849900548999926, 0.0 ], [ 103.249983650000047, -0.849929758999963, 0.0 ], [ 103.250121530000058, -0.850081968999973, 0.0 ], [ 103.250472870000067, -0.850469818999954, 0.0 ], [ 103.251052780000066, -0.851109988999951, 0.0 ], [ 103.251119340000059, -0.851186618999975, 0.0 ], [ 103.250983920000067, -0.852768458999947, 0.0 ], [ 103.249591690000045, -0.853766408999945, 0.0 ], [ 103.248757170000033, -0.854364588999942, 0.0 ], [ 103.24847548300005, -0.855038387999969, 0.0 ], [ 103.248374239000043, -0.855280565999976, 0.0 ], [ 103.248100633000035, -0.855935034999959, 0.0 ], [ 103.248033750000047, -0.856095018999952, 0.0 ], [ 103.247450260000051, -0.857516378999946, 0.0 ], [ 103.248030880000044, -0.859051818999944, 0.0 ], [ 103.248311650000062, -0.859794308999938, 0.0 ], [ 103.247551530000067, -0.860683858999948, 0.0 ], [ 103.247169280000037, -0.861106728999971, 0.0 ], [ 103.246417847000032, -0.86155836699993, 0.0 ], [ 103.246327850000057, -0.861612458999957, 0.0 ], [ 103.245925980000038, -0.86185398899994, 0.0 ], [ 103.245913140000084, -0.861861708999925, 0.0 ], [ 103.245751090000056, -0.862049878999926, 0.0 ], [ 103.24548961000005, -0.862353538999969, 0.0 ], [ 103.245583360000069, -0.863171358999978, 0.0 ], [ 103.245306680000056, -0.863385138999945, 0.0 ], [ 103.245127560000071, -0.863511258999949, 0.0 ], [ 103.244436860000064, -0.863418228999933, 0.0 ], [ 103.244353300000057, -0.863893558999962, 0.0 ], [ 103.244298350000065, -0.864206188999958, 0.0 ], [ 103.244739697000057, -0.866257579999967, 0.0 ], [ 103.244807070000036, -0.866570728999932, 0.0 ], [ 103.245584980000046, -0.87018650899995, 0.0 ], [ 103.249404710000078, -0.87533364899997, 0.0 ], [ 103.249956140000052, -0.877837048999936, 0.0 ], [ 103.249137930000074, -0.87985810899994, 0.0 ], [ 103.248342540000067, -0.881822778999947, 0.0 ], [ 103.250412890000064, -0.885856598999965, 0.0 ], [ 103.249081930000045, -0.888763528999959, 0.0 ], [ 103.249076080000066, -0.888776378999978, 0.0 ], [ 103.249058200000036, -0.889821328999972, 0.0 ], [ 103.249045900000056, -0.891385998999965, 0.0 ], [ 103.249570820000088, -0.892973688999973, 0.0 ], [ 103.250038440000083, -0.89445552899997, 0.0 ], [ 103.251748830000054, -0.895360718999939, 0.0 ], [ 103.251977910000051, -0.896512488999974, 0.0 ], [ 103.251735530000076, -0.897631468999975, 0.0 ], [ 103.251282510000067, -0.899748908999925, 0.0 ], [ 103.247979570000041, -0.897714898999936, 0.0 ], [ 103.239438240000084, -0.906477588999962, 0.0 ], [ 103.239179750000062, -0.906742778999956, 0.0 ], [ 103.23912473300004, -0.906799221999961, 0.0 ], [ 103.239120720000074, -0.906803338999964, 0.0 ], [ 103.239005500000076, -0.913591768999936, 0.0 ], [ 103.238980200000071, -0.915262048999978, 0.0 ], [ 103.240259090000052, -0.91673936899997, 0.0 ] ] ] ] } },
{ "type": "Feature", "properties": { "fid": 20702.0, "gid": null, "kdprov": "15", "kdkab": "07", "kdkec": "020", "kddesa": "012", "iddesa": "1507020012", "nmprov": "JAMBI", "nmkab": "TANJUNG JABUNG BARAT", "nmkec": "PENGABUAN", "nmdesa": "PARIT SIDANG", "luas": null, "sumber": null, "periode": null, "layer": null, "path": null, "idkec": "1507020" }, "geometry": { "type": "MultiPolygon", "coordinates": [ [ [ [ 103.216558741000085, -0.846800175999931, 0.0 ], [ 103.215738596000051, -0.846211142999948, 0.0 ], [ 103.215440287000035, -0.845996895999974, 0.0 ], [ 103.214975800000047, -0.845663298999966, 0.0 ], [ 103.214103322000085, -0.84503669299994, 0.0 ], [ 103.214067490000048, -0.845010958999978, 0.0 ], [ 103.213402406000057, -0.843804568999929, 0.0 ], [ 103.212638844000082, -0.842419548999942, 0.0 ], [ 103.212547560000075, -0.842253968999955, 0.0 ], [ 103.215339430000085, -0.840952938999976, 0.0 ], [ 103.216615750000074, -0.839345718999937, 0.0 ], [ 103.218647940000039, -0.835616388999938, 0.0 ], [ 103.218649894000066, -0.83561264399998, 0.0 ], [ 103.222474110000064, -0.828282469999976, 0.0 ], [ 103.223958080000045, -0.82543802899994, 0.0 ], [ 103.227356680000071, -0.820323608999956, 0.0 ], [ 103.228488180000056, -0.817790378999973, 0.0 ], [ 103.228853281000056, -0.816972975999931, 0.0 ], [ 103.229510460000085, -0.81550165799996, 0.0 ], [ 103.235143580000056, -0.80383663899994, 0.0 ], [ 103.23634865300005, -0.801852371999928, 0.0 ], [ 103.236717682000062, -0.80124473199993, 0.0 ], [ 103.238124090000042, -0.798928948999958, 0.0 ], [ 103.23978764800006, -0.795679213999961, 0.0 ], [ 103.236536794000074, -0.794236579999961, 0.0 ], [ 103.238112313000045, -0.789870684999926, 0.0 ], [ 103.239690019000079, -0.784791795999979, 0.0 ], [ 103.24318151500006, -0.78530339799994, 0.0 ], [ 103.246513164000078, -0.785743426999943, 0.0 ], [ 103.24699597700004, -0.785800104999964, 0.0 ], [ 103.246965590000059, -0.785846238999966, 0.0 ], [ 103.246626388000038, -0.786524983999925, 0.0 ], [ 103.244916510000053, -0.789946458999964, 0.0 ], [ 103.24449560000005, -0.79709762899995, 0.0 ], [ 103.242199825000057, -0.802400134999971, 0.0 ], [ 103.242079140000044, -0.802678878999927, 0.0 ], [ 103.242068271000051, -0.802703982999958, 0.0 ], [ 103.241350477000083, -0.80436181999994, 0.0 ], [ 103.240911870000048, -0.805374838999967, 0.0 ], [ 103.240684230000056, -0.805900608999934, 0.0 ], [ 103.238282369000046, -0.811448039999959, 0.0 ], [ 103.237700910000058, -0.812790998999958, 0.0 ], [ 103.237729580000064, -0.819370508999953, 0.0 ], [ 103.237731655000061, -0.819846938999945, 0.0 ], [ 103.237735442000087, -0.820718513999964, 0.0 ], [ 103.237739457000032, -0.821641650999936, 0.0 ], [ 103.237739916000066, -0.822234626999943, 0.0 ], [ 103.237740238000072, -0.822368392999977, 0.0 ], [ 103.237741805000041, -0.823019307999971, 0.0 ], [ 103.237746607000076, -0.823285839999926, 0.0 ], [ 103.237748418000081, -0.823702268999966, 0.0 ], [ 103.237755738000033, -0.826173313999959, 0.0 ], [ 103.237780258000043, -0.834450824999976, 0.0 ], [ 103.236048442000083, -0.836532527999964, 0.0 ], [ 103.233691180000051, -0.83936603899997, 0.0 ], [ 103.233432100000073, -0.842207938999934, 0.0 ], [ 103.234017400000084, -0.850059997999949, 0.0 ], [ 103.233799310000052, -0.850812281999936, 0.0 ], [ 103.232469627000057, -0.850945703999969, 0.0 ], [ 103.229505063000033, -0.850956694999979, 0.0 ], [ 103.227272516000085, -0.850943054999959, 0.0 ], [ 103.226246719000073, -0.850936787999956, 0.0 ], [ 103.226233730000047, -0.850936708999939, 0.0 ], [ 103.222442810000075, -0.850481188999936, 0.0 ], [ 103.221999283000059, -0.850242212999945, 0.0 ], [ 103.219487134000076, -0.848888644999931, 0.0 ], [ 103.219405220000056, -0.848844508999946, 0.0 ], [ 103.217666, -0.847595398999943, 0.0 ], [ 103.217497485000081, -0.847474372999955, 0.0 ], [ 103.216773453000087, -0.846954585999924, 0.0 ], [ 103.216558741000085, -0.846800175999931, 0.0 ] ] ] ] } },
{ "type": "Feature", "properties": { "fid": 20608.0, "gid": null, "kdprov": "15", "kdkab": "07", "kdkec": "020", "kddesa": "010", "iddesa": "1507020010", "nmprov": "JAMBI", "nmkab": "TANJUNG JABUNG BARAT", "nmkec": "PENGABUAN", "nmdesa": "PARIT BILAL", "luas": null, "sumber": null, "periode": null, "layer": null, "path": null, "idkec": "1507020" }, "geometry": { "type": "MultiPolygon", "coordinates": [ [ [ [ 103.187664870000049, -0.89393946499996, 0.0 ], [ 103.181107510000061, -0.921078288999979, 0.0 ], [ 103.177363550000052, -0.937350108999965, 0.0 ], [ 103.173619590000044, -0.950885968999955, 0.0 ], [ 103.169443640000054, -0.957941888999926, 0.0 ], [ 103.16125586000004, -0.972186388999944, 0.0 ], [ 103.14080357000006, -0.968327958999964, 0.0 ], [ 103.138142572000049, -0.961869412999931, 0.0 ], [ 103.154266290000066, -0.949972798999966, 0.0 ], [ 103.162491960000068, -0.900272438999934, 0.0 ], [ 103.171873040000037, -0.878327298999977, 0.0 ], [ 103.17279542600005, -0.876021985999955, 0.0 ], [ 103.172801230000061, -0.876007478999952, 0.0 ], [ 103.172807650000038, -0.875991438999961, 0.0 ], [ 103.17289726000007, -0.875767488999941, 0.0 ], [ 103.172928996000053, -0.875688171999968, 0.0 ], [ 103.17481016000005, -0.870986568999967, 0.0 ], [ 103.177326340000036, -0.864697838999973, 0.0 ], [ 103.181952660000036, -0.856111668999972, 0.0 ], [ 103.185066903000063, -0.849001929999929, 0.0 ], [ 103.185956644000044, -0.846970673999976, 0.0 ], [ 103.188155570000049, -0.841950578999956, 0.0 ], [ 103.190325948000066, -0.837926845999959, 0.0 ], [ 103.192289950000088, -0.834285718999979, 0.0 ], [ 103.193096210000078, -0.830930098999943, 0.0 ], [ 103.195567930000038, -0.829666098999951, 0.0 ], [ 103.197272750000081, -0.828794276999929, 0.0 ], [ 103.197426680000035, -0.828715558999932, 0.0 ], [ 103.199254460000077, -0.82873860899997, 0.0 ], [ 103.199362133000079, -0.828739967999979, 0.0 ], [ 103.201877090000039, -0.828771698999958, 0.0 ], [ 103.201946557000042, -0.82880210299993, 0.0 ], [ 103.204993330000036, -0.830135588999951, 0.0 ], [ 103.207739013000037, -0.832331413999952, 0.0 ], [ 103.207970449000072, -0.832516501999976, 0.0 ], [ 103.208017310000059, -0.832553978999954, 0.0 ], [ 103.208111236000036, -0.832695464999972, 0.0 ], [ 103.206621425000037, -0.834267188999945, 0.0 ], [ 103.204698995000058, -0.83707988599997, 0.0 ], [ 103.204246497000042, -0.838104993999934, 0.0 ], [ 103.203720345000079, -0.839311026999951, 0.0 ], [ 103.199569840000038, -0.849271858999941, 0.0 ], [ 103.199375490000079, -0.849748708999925, 0.0 ], [ 103.197522391000064, -0.854295562999937, 0.0 ], [ 103.194696630000067, -0.861228988999926, 0.0 ], [ 103.193724400000065, -0.86805641899997, 0.0 ], [ 103.19299724800004, -0.871044585999925, 0.0 ], [ 103.190672980000045, -0.880595968999955, 0.0 ], [ 103.188359220000052, -0.890868908999948, 0.0 ], [ 103.187713663000068, -0.893735143999947, 0.0 ], [ 103.187705740000069, -0.893770318999941, 0.0 ], [ 103.187664870000049, -0.89393946499996, 0.0 ] ] ] ] } },
{ "type": "Feature", "properties": { "fid": 20579.0, "gid": null, "kdprov": "15", "kdkab": "07", "kdkec": "015", "kddesa": "006", "iddesa": "1507015006", "nmprov": "JAMBI", "nmkab": "TANJUNG JABUNG BARAT", "nmkec": "MUARA PAPALIK", "nmdesa": "SUNGAI PAPAUH", "luas": null, "sumber": null, "periode": null, "layer": null, "path": null, "idkec": "1507015" }, "geometry": { "type": "MultiPolygon", "coordinates": [ [ [ [ 103.093365230000074, -1.346548957999971, 0.0 ], [ 103.09655070000008, -1.345870297999966, 0.0 ], [ 103.098133895000046, -1.346467343999961, 0.0 ], [ 103.099563175000071, -1.347006345999944, 0.0 ], [ 103.101764580000065, -1.347836527999959, 0.0 ], [ 103.104125071000055, -1.353121656999974, 0.0 ], [ 103.104945390000069, -1.354958347999968, 0.0 ], [ 103.103354340000067, -1.354673637999952, 0.0 ], [ 103.113066030000084, -1.364743027999964, 0.0 ], [ 103.110937470000067, -1.366576357999975, 0.0 ], [ 103.122994170000084, -1.379954237999925, 0.0 ], [ 103.123689310000032, -1.38065495799998, 0.0 ], [ 103.124751080000067, -1.38190366799995, 0.0 ], [ 103.129665050000085, -1.387356108999938, 0.0 ], [ 103.129530170000066, -1.387524178999968, 0.0 ], [ 103.129320770000049, -1.387785108999935, 0.0 ], [ 103.128512990000047, -1.388620118999938, 0.0 ], [ 103.127995610000085, -1.38915493899998, 0.0 ], [ 103.127933730000052, -1.389172278999979, 0.0 ], [ 103.126389400000051, -1.38960493899998, 0.0 ], [ 103.121789420000084, -1.39019075899995, 0.0 ], [ 103.12001298000007, -1.391507988999933, 0.0 ], [ 103.119116200000065, -1.392859708999936, 0.0 ], [ 103.119141, -1.394622158999937, 0.0 ], [ 103.119148670000072, -1.395167318999938, 0.0 ], [ 103.11928062000004, -1.39586616899993, 0.0 ], [ 103.119287700000086, -1.395903678999957, 0.0 ], [ 103.119354820000069, -1.396259168999961, 0.0 ], [ 103.119456820000039, -1.397542528999963, 0.0 ], [ 103.118972890000066, -1.398826718999942, 0.0 ], [ 103.118835710000042, -1.398921298999937, 0.0 ], [ 103.117818250000084, -1.399622718999979, 0.0 ], [ 103.116577150000069, -1.399758358999975, 0.0 ], [ 103.116097360000083, -1.399810788999957, 0.0 ], [ 103.114306360000057, -1.399360858999955, 0.0 ], [ 103.112422210000034, -1.398386138999967, 0.0 ], [ 103.107548880000081, -1.398174918999928, 0.0 ], [ 103.102604900000074, -1.397274798999945, 0.0 ], [ 103.097453740000049, -1.396367788999953, 0.0 ], [ 103.078973690000055, -1.392990188999931, 0.0 ], [ 103.074319560000049, -1.391424428999926, 0.0 ], [ 103.070890430000077, -1.389817318999974, 0.0 ], [ 103.070881580000048, -1.389849698999967, 0.0 ], [ 103.065413420000084, -1.388371468999935, 0.0 ], [ 103.065418350000073, -1.388368528999933, 0.0 ], [ 103.062028430000055, -1.388444318999973, 0.0 ], [ 103.061613290000082, -1.388453598999945, 0.0 ], [ 103.059803460000069, -1.388494068999933, 0.0 ], [ 103.059819100000084, -1.387494687999947, 0.0 ], [ 103.059907600000088, -1.381833757999971, 0.0 ], [ 103.059976932000041, -1.377399658999934, 0.0 ], [ 103.060353960000043, -1.353286907999973, 0.0 ], [ 103.061548910000056, -1.350860577999924, 0.0 ], [ 103.065218810000033, -1.343408838999949, 0.0 ], [ 103.065436490000081, -1.342966838999928, 0.0 ], [ 103.065761960000032, -1.342305968999938, 0.0 ], [ 103.068387989000087, -1.338116036999963, 0.0 ], [ 103.068513935000055, -1.337915084999963, 0.0 ], [ 103.070156667000049, -1.338029844999937, 0.0 ], [ 103.071531994000054, -1.337918331999958, 0.0 ], [ 103.071876640000085, -1.337611371999969, 0.0 ], [ 103.077888236000035, -1.338104186999942, 0.0 ], [ 103.079534389000059, -1.334333963999939, 0.0 ], [ 103.081772510000064, -1.335658948999935, 0.0 ], [ 103.090540440000041, -1.336635438999963, 0.0 ], [ 103.090830779000044, -1.33862303899997, 0.0 ], [ 103.091488470000058, -1.343125448999956, 0.0 ], [ 103.091516410000054, -1.343176415999949, 0.0 ], [ 103.09229915700007, -1.34460427099998, 0.0 ], [ 103.092712837000079, -1.345358887999964, 0.0 ], [ 103.093365230000074, -1.346548957999971, 0.0 ] ] ] ] } },
{ "type": "Feature", "properties": { "fid": 20241.0, "gid": null, "kdprov": "15", "kdkab": "07", "kdkec": "012", "kddesa": "009", "iddesa": "1507012009", "nmprov": "JAMBI", "nmkab": "TANJUNG JABUNG BARAT", "nmkec": "BATANG ASAM", "nmdesa": "SUNGAI PENOBAN", "luas": null, "sumber": null, "periode": null, "layer": null, "path": null, "idkec": "1507012" }, "geometry": { "type": "MultiPolygon", "coordinates": [ [ [ [ 102.782126490000053, -1.052240538999968, 0.0 ], [ 102.772400620000042, -1.055449418999956, 0.0 ], [ 102.763272223000058, -1.054544079999971, 0.0 ], [ 102.747168126000076, -1.04750977499998, 0.0 ], [ 102.747366009000075, -1.047339380999972, 0.0 ], [ 102.747366912000075, -1.047338603999947, 0.0 ], [ 102.750983409000071, -1.044224530999941, 0.0 ], [ 102.754653569000084, -1.045949350999933, 0.0 ], [ 102.756602379000071, -1.04560393099996, 0.0 ], [ 102.75768498900004, -1.043643330999942, 0.0 ], [ 102.758886059000076, -1.042185120999932, 0.0 ], [ 102.759933969000087, -1.038885010999934, 0.0 ], [ 102.759555169000066, -1.036875530999964, 0.0 ], [ 102.759550641000033, -1.036873422999975, 0.0 ], [ 102.759063136000066, -1.03664651899993, 0.0 ], [ 102.757856669000034, -1.036084980999931, 0.0 ], [ 102.757855795000069, -1.036083497999925, 0.0 ], [ 102.757855762000077, -1.036083441999949, 0.0 ], [ 102.755910429000039, -1.032782750999957, 0.0 ], [ 102.75699312900008, -1.030654710999954, 0.0 ], [ 102.758112039000082, -1.027725400999941, 0.0 ], [ 102.760524149000048, -1.027475950999929, 0.0 ], [ 102.762431393000043, -1.028813444999969, 0.0 ], [ 102.762431474000039, -1.028813501999934, 0.0 ], [ 102.762436149000052, -1.028816780999932, 0.0 ], [ 102.762444357000049, -1.028821711999967, 0.0 ], [ 102.767094059000044, -1.031615230999932, 0.0 ], [ 102.770552226000063, -1.033987916999934, 0.0 ], [ 102.770565270000077, -1.033996871999932, 0.0 ], [ 102.770567474000075, -1.033998380999947, 0.0 ], [ 102.770571399000062, -1.034001070999977, 0.0 ], [ 102.771046719000083, -1.033929650999937, 0.0 ], [ 102.773376279000047, -1.032830990999969, 0.0 ], [ 102.773662569000066, -1.031204670999955, 0.0 ], [ 102.777404338000053, -1.030992093999942, 0.0 ], [ 102.777405439000063, -1.030992030999926, 0.0 ], [ 102.779196545000048, -1.032653971999935, 0.0 ], [ 102.77919840900006, -1.032655700999953, 0.0 ], [ 102.780409879000047, -1.033326300999931, 0.0 ], [ 102.781788329000051, -1.033076110999957, 0.0 ], [ 102.782739649000064, -1.031940600999974, 0.0 ], [ 102.783156539000061, -1.030445920999966, 0.0 ], [ 102.782873949000077, -1.026726220999933, 0.0 ], [ 102.781023499000071, -1.024608930999932, 0.0 ], [ 102.781964529000049, -1.022682330999942, 0.0 ], [ 102.78109912900004, -1.019773270999963, 0.0 ], [ 102.77699848900005, -1.015865670999972, 0.0 ], [ 102.776997650000055, -1.015865154999972, 0.0 ], [ 102.776994925000054, -1.015863477999972, 0.0 ], [ 102.775742459000071, -1.015092728999946, 0.0 ], [ 102.773709979000046, -1.013841970999977, 0.0 ], [ 102.773710090000066, -1.013841635999938, 0.0 ], [ 102.774915773000032, -1.010207028999957, 0.0 ], [ 102.774918677000073, -1.010198302999925, 0.0 ], [ 102.775081299000078, -1.009708040999953, 0.0 ], [ 102.775113801000032, -1.009612804999961, 0.0 ], [ 102.775113817000033, -1.009612756999957, 0.0 ], [ 102.775115247000087, -1.009608567999976, 0.0 ], [ 102.775367549000066, -1.00886927099998, 0.0 ], [ 102.77863607900008, -1.00465546099997, 0.0 ], [ 102.781744849000063, -1.000654660999942, 0.0 ], [ 102.781744449000087, -1.000639798999941, 0.0 ], [ 102.781649121000044, -0.997096313999975, 0.0 ], [ 102.781722862000038, -0.995031561999951, 0.0 ], [ 102.782115469000075, -0.992872225999974, 0.0 ], [ 102.78216530900005, -0.992598103999967, 0.0 ], [ 102.783751277000079, -0.98694682799993, 0.0 ], [ 102.784421426000051, -0.984558886999935, 0.0 ], [ 102.784477718000062, -0.984199828999976, 0.0 ], [ 102.785014448000084, -0.980776286999969, 0.0 ], [ 102.785015870000052, -0.980767219999962, 0.0 ], [ 102.785417340000038, -0.980937590999929, 0.0 ], [ 102.786750253000037, -0.979513668999971, 0.0 ], [ 102.787531142000034, -0.978679461999945, 0.0 ], [ 102.787769687000036, -0.97842462999995, 0.0 ], [ 102.787994554000079, -0.978184408999937, 0.0 ], [ 102.788522534000037, -0.977620379999962, 0.0 ], [ 102.788652436000064, -0.977481607999948, 0.0 ], [ 102.788660036000067, -0.977473488999976, 0.0 ], [ 102.788798067000073, -0.97732603399993, 0.0 ], [ 102.788882724000075, -0.977235595999957, 0.0 ], [ 102.789874088000033, -0.976176543999941, 0.0 ], [ 102.790850889000069, -0.975133047999975, 0.0 ], [ 102.791337135000049, -0.974613601999977, 0.0 ], [ 102.792475508000052, -0.973505419999924, 0.0 ], [ 102.792855603000078, -0.973135404999937, 0.0 ], [ 102.793178160000082, -0.972821402999955, 0.0 ], [ 102.793918648000044, -0.972100552999962, 0.0 ], [ 102.794005706000064, -0.972048540999936, 0.0 ], [ 102.796292525000069, -0.970682303999979, 0.0 ], [ 102.796410330000072, -0.970611921999932, 0.0 ], [ 102.796427387000051, -0.970601731999977, 0.0 ], [ 102.796448855000051, -0.970588905999932, 0.0 ], [ 102.796451639000054, -0.970587242999954, 0.0 ], [ 102.796455011000035, -0.970585227999948, 0.0 ], [ 102.796461992000047, -0.970581056999947, 0.0 ], [ 102.796475503000067, -0.970572984999933, 0.0 ], [ 102.796574508000049, -0.970513834999963, 0.0 ], [ 102.796704938000062, -0.970435910999925, 0.0 ], [ 102.797070765000058, -0.970217351999963, 0.0 ], [ 102.79708744900006, -0.970207383999934, 0.0 ], [ 102.797100784000065, -0.970199416999947, 0.0 ], [ 102.797101310000073, -0.97019910299997, 0.0 ], [ 102.797101369000075, -0.970199067999943, 0.0 ], [ 102.797101614000042, -0.970198920999962, 0.0 ], [ 102.797102135000046, -0.970198609999954, 0.0 ], [ 102.797102274000054, -0.97019852699998, 0.0 ], [ 102.797156202000053, -0.970166307999932, 0.0 ], [ 102.797502326000085, -0.969959519999975, 0.0 ], [ 102.79756156500008, -0.969924127999946, 0.0 ], [ 102.797619084000075, -0.969889763999959, 0.0 ], [ 102.797665832000064, -0.969861834999961, 0.0 ], [ 102.797776490000047, -0.969795722999947, 0.0 ], [ 102.798015527000075, -0.969652912999948, 0.0 ], [ 102.798164519000068, -0.969563898999979, 0.0 ], [ 102.798411593000083, -0.969416286999945, 0.0 ], [ 102.799517952000087, -0.968755303999956, 0.0 ], [ 102.806603765000034, -0.964521955999942, 0.0 ], [ 102.806612877000077, -0.964516511999932, 0.0 ], [ 102.817643470000064, -0.958006218999969, 0.0 ], [ 102.825854020000065, -0.953160324999942, 0.0 ], [ 102.825865870000086, -0.953153330999953, 0.0 ], [ 102.835507872000051, -0.951660806999939, 0.0 ], [ 102.835543563000044, -0.951633490999939, 0.0 ], [ 102.835552539000048, -0.951626620999946, 0.0 ], [ 102.835816077000061, -0.951425091999965, 0.0 ], [ 102.837787124000045, -0.949917822999964, 0.0 ], [ 102.851361401000077, -0.951745070999948, 0.0 ], [ 102.856724760000077, -0.952467038999941, 0.0 ], [ 102.856837381000048, -0.969002300999932, 0.0 ], [ 102.856988690000037, -0.991217708999955, 0.0 ], [ 102.856992720000051, -0.991809318999969, 0.0 ], [ 102.863770549000037, -1.002396952999959, 0.0 ], [ 102.866220327000065, -1.006223745999932, 0.0 ], [ 102.869042236000041, -1.010664619999943, 0.0 ], [ 102.871619257000077, -1.01465740499998, 0.0 ], [ 102.872447253000075, -1.015950815999929, 0.0 ], [ 102.873433025000054, -1.017490688999942, 0.0 ], [ 102.872150690000069, -1.019761918999961, 0.0 ], [ 102.869814346000055, -1.023136443999931, 0.0 ], [ 102.86841110000006, -1.025163238999937, 0.0 ], [ 102.868195546000038, -1.025764605999939, 0.0 ], [ 102.867910040000083, -1.026561127999969, 0.0 ], [ 102.866613671000039, -1.030177822999974, 0.0 ], [ 102.865486350000083, -1.034121328999959, 0.0 ], [ 102.862861935000069, -1.033351707999941, 0.0 ], [ 102.859898704000045, -1.032276809999928, 0.0 ], [ 102.857138833000079, -1.031492425999943, 0.0 ], [ 102.852025808000064, -1.030708040999968, 0.0 ], [ 102.848757539000076, -1.030824245999952, 0.0 ], [ 102.845707155000071, -1.031114758999934, 0.0 ], [ 102.844860880000056, -1.031293132999963, 0.0 ], [ 102.842684012000063, -1.03175196199993, 0.0 ], [ 102.832663130000071, -1.031732098999953, 0.0 ], [ 102.828595951000068, -1.03254553499994, 0.0 ], [ 102.825777977000087, -1.033649482999976, 0.0 ], [ 102.819967721000069, -1.03423050899994, 0.0 ], [ 102.818398952000052, -1.035392559999934, 0.0 ], [ 102.814041261000057, -1.034985841999969, 0.0 ], [ 102.807417569000052, -1.035857379999925, 0.0 ], [ 102.803495646000044, -1.037426148999941, 0.0 ], [ 102.79876028800004, -1.040737994999972, 0.0 ], [ 102.79024826300008, -1.046373942999935, 0.0 ], [ 102.787977582000053, -1.048014122999973, 0.0 ], [ 102.782126490000053, -1.052240538999968, 0.0 ] ] ], [ [ [ 102.87467268000006, -0.987446488999979, 0.0 ], [ 102.872755397000049, -0.987008433999961, 0.0 ], [ 102.872826318000079, -0.985831150999957, 0.0 ], [ 102.876726953000059, -0.986469436999926, 0.0 ], [ 102.876670216000036, -0.987675087999946, 0.0 ], [ 102.876254930000073, -0.987628238999946, 0.0 ], [ 102.87467268000006, -0.987446488999979, 0.0 ] ] ] ] } },
{ "type": "Feature", "properties": { "fid": 20573.0, "gid": null, "kdprov": "15", "kdkab": "07", "kdkec": "015", "kddesa": "007", "iddesa": "1507015007", "nmprov": "JAMBI", "nmkab": "TANJUNG JABUNG BARAT", "nmkec": "MUARA PAPALIK", "nmdesa": "SUNGAI MULUK", "luas": null, "sumber": null, "periode": null, "layer": null, "path": null, "idkec": "1507015" }, "geometry": { "type": "MultiPolygon", "coordinates": [ [ [ [ 103.137211940000043, -1.318619898999941, 0.0 ], [ 103.137191530000052, -1.318580298999962, 0.0 ], [ 103.136687040000083, -1.317601458999945, 0.0 ], [ 103.131902985000067, -1.317580159999977, 0.0 ], [ 103.131856568000046, -1.317581945999962, 0.0 ], [ 103.131613694000066, -1.317591286999971, 0.0 ], [ 103.131164651000063, -1.317574564999973, 0.0 ], [ 103.131130911000071, -1.317511301999957, 0.0 ], [ 103.129715920000081, -1.317474018999974, 0.0 ], [ 103.129751345000045, -1.315833285999929, 0.0 ], [ 103.129638884000087, -1.315833285999929, 0.0 ], [ 103.12931049000008, -1.315833285999929, 0.0 ], [ 103.12773836000008, -1.315685518999942, 0.0 ], [ 103.127717931000063, -1.315689841999927, 0.0 ], [ 103.125883500000043, -1.316078070999936, 0.0 ], [ 103.122682312000052, -1.316018420999967, 0.0 ], [ 103.121588010000039, -1.316026018999935, 0.0 ], [ 103.121578772000078, -1.319954937999967, 0.0 ], [ 103.12156817400006, -1.324462334999964, 0.0 ], [ 103.121207876000085, -1.324644889999945, 0.0 ], [ 103.118126320000044, -1.326206248999938, 0.0 ], [ 103.116551940000079, -1.325600228999974, 0.0 ], [ 103.114329550000036, -1.327239138999971, 0.0 ], [ 103.114320200000066, -1.327224568999952, 0.0 ], [ 103.113996143000065, -1.326719563999973, 0.0 ], [ 103.110345222000035, -1.321030027999939, 0.0 ], [ 103.108280570000034, -1.317812508999964, 0.0 ], [ 103.108072450000066, -1.309123408999938, 0.0 ], [ 103.111140010000042, -1.306739948999962, 0.0 ], [ 103.114180364000049, -1.304632672999958, 0.0 ], [ 103.114516361000085, -1.304432890999976, 0.0 ], [ 103.11588332000008, -1.303498848999936, 0.0 ], [ 103.116005302000076, -1.303547574999925, 0.0 ], [ 103.116165627000044, -1.303452245999949, 0.0 ], [ 103.119707522000056, -1.305026421999969, 0.0 ], [ 103.119888328000059, -1.30510677999996, 0.0 ], [ 103.119941208000057, -1.305130281999936, 0.0 ], [ 103.120821654000054, -1.305637364999939, 0.0 ], [ 103.121461450000083, -1.305759758999955, 0.0 ], [ 103.121471630000087, -1.305494408999948, 0.0 ], [ 103.147896540000033, -1.307978238999965, 0.0 ], [ 103.145963360000053, -1.318598898999937, 0.0 ], [ 103.145963250000079, -1.318599498999959, 0.0 ], [ 103.145967270000085, -1.31860656899994, 0.0 ], [ 103.145981560000052, -1.318631678999964, 0.0 ], [ 103.137981547000038, -1.318583000999979, 0.0 ], [ 103.137872800000082, -1.318582338999931, 0.0 ], [ 103.137211940000043, -1.318619898999941, 0.0 ] ] ] ] } },
{ "type": "Feature", "properties": { "fid": 20510.0, "gid": null, "kdprov": "15", "kdkab": "07", "kdkec": "015", "kddesa": "004", "iddesa": "1507015004", "nmprov": "JAMBI", "nmkab": "TANJUNG JABUNG BARAT", "nmkec": "MUARA PAPALIK", "nmdesa": "DUSUN MUDO", "luas": null, "sumber": null, "periode": null, "layer": null, "path": null, "idkec": "1507015" }, "geometry": { "type": "MultiPolygon", "coordinates": [ [ [ [ 103.121559565000041, -1.264259408999976, 0.0 ], [ 103.118006757000046, -1.262518297999975, 0.0 ], [ 103.114398425000047, -1.257057901999929, 0.0 ], [ 103.115369775000033, -1.256465614999968, 0.0 ], [ 103.115265260000058, -1.256403268999975, 0.0 ], [ 103.107936820000077, -1.252031708999937, 0.0 ], [ 103.107756504000065, -1.251924145999965, 0.0 ], [ 103.106705520000048, -1.251297208999972, 0.0 ], [ 103.106684145000088, -1.25128445799993, 0.0 ], [ 103.093277930000056, -1.243287258999942, 0.0 ], [ 103.093183070000066, -1.243230628999925, 0.0 ], [ 103.09024676000007, -1.234334768999929, 0.0 ], [ 103.088615965000088, -1.231162712999947, 0.0 ], [ 103.091998898000043, -1.231171985999936, 0.0 ], [ 103.092170431000056, -1.231093365999925, 0.0 ], [ 103.092735061000042, -1.230721710999944, 0.0 ], [ 103.092970919000038, -1.230364349999945, 0.0 ], [ 103.092999508000048, -1.23014993399994, 0.0 ], [ 103.093092421000051, -1.229978400999926, 0.0 ], [ 103.093306838000046, -1.229635334999955, 0.0 ], [ 103.093356868000058, -1.229392329999939, 0.0 ], [ 103.093796422000082, -1.228506074999927, 0.0 ], [ 103.094264564000071, -1.228098683999974, 0.0 ], [ 103.094400361000055, -1.22787711999996, 0.0 ], [ 103.094418229000041, -1.227523332999965, 0.0 ], [ 103.094146635000072, -1.22695155599996, 0.0 ], [ 103.08691434900004, -1.227852904999963, 0.0 ], [ 103.085872450000068, -1.225826308999956, 0.0 ], [ 103.085583650000046, -1.225018538999961, 0.0 ], [ 103.08555597600008, -1.224941134999938, 0.0 ], [ 103.084703630000035, -1.222557128999938, 0.0 ], [ 103.084771611000065, -1.222547927999926, 0.0 ], [ 103.087174744000038, -1.222378692999939, 0.0 ], [ 103.090784804000066, -1.221442751999973, 0.0 ], [ 103.091645270000072, -1.22122952899997, 0.0 ], [ 103.091672362000054, -1.221212643999934, 0.0 ], [ 103.091730339000037, -1.221197612999958, 0.0 ], [ 103.099407362000079, -1.21664201699997, 0.0 ], [ 103.100209079000081, -1.215038581999977, 0.0 ], [ 103.100436795000064, -1.214583150999943, 0.0 ], [ 103.100461660000065, -1.214542291999976, 0.0 ], [ 103.100457740000081, -1.214541259999976, 0.0 ], [ 103.102311637000071, -1.210833464999951, 0.0 ], [ 103.102692063000063, -1.210072613999955, 0.0 ], [ 103.104058520000081, -1.207392218999928, 0.0 ], [ 103.104159940000045, -1.207193288999974, 0.0 ], [ 103.102789, -1.206800258999976, 0.0 ], [ 103.102521996000064, -1.206680404999929, 0.0 ], [ 103.102277220000076, -1.206570528999976, 0.0 ], [ 103.101765200000045, -1.206265128999974, 0.0 ], [ 103.101534840000056, -1.205968308999957, 0.0 ], [ 103.101367490000086, -1.205641618999948, 0.0 ], [ 103.101293230000067, -1.204761148999978, 0.0 ], [ 103.101289841000039, -1.204299245999948, 0.0 ], [ 103.101281575000087, -1.203172817999928, 0.0 ], [ 103.101415227000075, -1.202331197999968, 0.0 ], [ 103.10149492000005, -1.20182935899993, 0.0 ], [ 103.102019480000081, -1.20118735899996, 0.0 ], [ 103.102602080000054, -1.200840858999925, 0.0 ], [ 103.103094170000077, -1.200700058999928, 0.0 ], [ 103.103094200000044, -1.200700048999977, 0.0 ], [ 103.103656470000033, -1.200529378999931, 0.0 ], [ 103.10445511000006, -1.200550268999962, 0.0 ], [ 103.104862740000044, -1.200587638999934, 0.0 ], [ 103.105602950000048, -1.200884818999953, 0.0 ], [ 103.106143510000038, -1.201186648999965, 0.0 ], [ 103.106479770000078, -1.201299328999937, 0.0 ], [ 103.107914480000034, -1.201338418999967, 0.0 ], [ 103.109422340000037, -1.200984928999958, 0.0 ], [ 103.110725670000079, -1.200966928999947, 0.0 ], [ 103.111727710000082, -1.201206128999956, 0.0 ], [ 103.112500010000076, -1.201524868999968, 0.0 ], [ 103.113174970000046, -1.201676058999965, 0.0 ], [ 103.113757450000037, -1.201489848999927, 0.0 ], [ 103.114380440000048, -1.201155338999968, 0.0 ], [ 103.114955810000083, -1.200964348999946, 0.0 ], [ 103.116099130000066, -1.200965138999948, 0.0 ], [ 103.116681610000057, -1.20078131899993, 0.0 ], [ 103.116727020000042, -1.200429658999951, 0.0 ], [ 103.117569210000056, -1.201346058999945, 0.0 ], [ 103.120249450000074, -1.204262438999933, 0.0 ], [ 103.121949230000041, -1.207395358999975, 0.0 ], [ 103.123559500000056, -1.209329598999943, 0.0 ], [ 103.124860630000057, -1.21145023899993, 0.0 ], [ 103.127072300000066, -1.213372938999953, 0.0 ], [ 103.129795930000057, -1.217425298999956, 0.0 ], [ 103.132512920000067, -1.220774278999954, 0.0 ], [ 103.133920670000066, -1.223409388999926, 0.0 ], [ 103.136126190000084, -1.230784588999938, 0.0 ], [ 103.136525250000034, -1.231186798999943, 0.0 ], [ 103.137830870000073, -1.230283358999941, 0.0 ], [ 103.13825864000006, -1.226989198999945, 0.0 ], [ 103.13974791000004, -1.218269608999947, 0.0 ], [ 103.140754710000067, -1.216334778999965, 0.0 ], [ 103.141614330000039, -1.21547389899996, 0.0 ], [ 103.14206297000004, -1.215024598999946, 0.0 ], [ 103.144899765000048, -1.214450857999964, 0.0 ], [ 103.145081020000077, -1.214414198999975, 0.0 ], [ 103.146739780000075, -1.212174458999925, 0.0 ], [ 103.146965350000073, -1.211869878999948, 0.0 ], [ 103.157042630000035, -1.196179498999925, 0.0 ], [ 103.160091290000082, -1.191279035999969, 0.0 ], [ 103.160309670000061, -1.190928008999947, 0.0 ], [ 103.163172380000049, -1.186326428999962, 0.0 ], [ 103.165372730000058, -1.183904268999925, 0.0 ], [ 103.16743874000008, -1.18295005899995, 0.0 ], [ 103.168437060000088, -1.183060808999926, 0.0 ], [ 103.169384580000042, -1.184461078999959, 0.0 ], [ 103.17040508000008, -1.186926068999981, 0.0 ], [ 103.170508900000073, -1.190400908999948, 0.0 ], [ 103.17053068000007, -1.191129828999976, 0.0 ], [ 103.170966760000056, -1.196673628999974, 0.0 ], [ 103.173651770000049, -1.20184570899994, 0.0 ], [ 103.180179290000069, -1.204323458999966, 0.0 ], [ 103.182809680000048, -1.20532198899997, 0.0 ], [ 103.186414065000065, -1.20714166099998, 0.0 ], [ 103.193531110000038, -1.210734698999943, 0.0 ], [ 103.212905530000057, -1.22051584899998, 0.0 ], [ 103.237462160000064, -1.226556788999972, 0.0 ], [ 103.260539720000054, -1.23126364899997, 0.0 ], [ 103.260543910000081, -1.231264508999971, 0.0 ], [ 103.260545020000052, -1.231273418999933, 0.0 ], [ 103.260545210000032, -1.231274878999955, 0.0 ], [ 103.260545520000051, -1.23127736899994, 0.0 ], [ 103.260548650000032, -1.231302528999947, 0.0 ], [ 103.260549720000085, -1.231311158999972, 0.0 ], [ 103.260569410000073, -1.231469308999976, 0.0 ], [ 103.260611710000035, -1.231809218999956, 0.0 ], [ 103.260706700000071, -1.232572388999927, 0.0 ], [ 103.260729300000037, -1.232753978999938, 0.0 ], [ 103.260823350000067, -1.233509628999968, 0.0 ], [ 103.260997040000063, -1.236716528999978, 0.0 ], [ 103.261270310000043, -1.241762198999936, 0.0 ], [ 103.262093590000063, -1.256964498999935, 0.0 ], [ 103.262446150000073, -1.266452089999973, 0.0 ], [ 103.26249837000006, -1.267857538999976, 0.0 ], [ 103.263406630000077, -1.292304858999955, 0.0 ], [ 103.263869380000074, -1.308291938999957, 0.0 ], [ 103.269255930000043, -1.309869008999954, 0.0 ], [ 103.27002624000005, -1.316633688999957, 0.0 ], [ 103.269887054000037, -1.318200181999941, 0.0 ], [ 103.269719176000081, -1.333830339999963, 0.0 ], [ 103.25624933000006, -1.336842538999974, 0.0 ], [ 103.255569680000065, -1.339854389999971, 0.0 ], [ 103.252690900000061, -1.343046498999968, 0.0 ], [ 103.252478890000077, -1.349247058999936, 0.0 ], [ 103.252472390000037, -1.349437088999935, 0.0 ], [ 103.252844690000074, -1.353145758999972, 0.0 ], [ 103.252928700000041, -1.353982648999931, 0.0 ], [ 103.246651880000059, -1.361079288999974, 0.0 ], [ 103.244064130000083, -1.361804958999926, 0.0 ], [ 103.239170200000046, -1.363177328999939, 0.0 ], [ 103.238660072000073, -1.363320378999958, 0.0 ], [ 103.238441150000085, -1.363381768999943, 0.0 ], [ 103.238510984000072, -1.363190234999934, 0.0 ], [ 103.236645309000039, -1.360012573999938, 0.0 ], [ 103.235470624000072, -1.357387546999973, 0.0 ], [ 103.23291395800004, -1.351515764999931, 0.0 ], [ 103.232019731000037, -1.349089251999942, 0.0 ], [ 103.231946570000048, -1.348890727999958, 0.0 ], [ 103.231727730000046, -1.343139668999925, 0.0 ], [ 103.228307070000085, -1.343505328999925, 0.0 ], [ 103.226974970000072, -1.343628378999938, 0.0 ], [ 103.224361610000074, -1.343869788999939, 0.0 ], [ 103.221548430000041, -1.344085708999955, 0.0 ], [ 103.220386860000076, -1.344231048999973, 0.0 ], [ 103.220013550000033, -1.341758378999941, 0.0 ], [ 103.216453610000087, -1.318180458999962, 0.0 ], [ 103.181237960000033, -1.297849878999955, 0.0 ], [ 103.172872390000066, -1.294244958999968, 0.0 ], [ 103.172580350000032, -1.294119108999951, 0.0 ], [ 103.168719170000088, -1.292455228999927, 0.0 ], [ 103.153714370000046, -1.285989288999929, 0.0 ], [ 103.140342780000083, -1.27647688899998, 0.0 ], [ 103.130558273000076, -1.27650351799997, 0.0 ], [ 103.130359977000069, -1.27666050199997, 0.0 ], [ 103.13024917000007, -1.276504358999944, 0.0 ], [ 103.123864450000042, -1.267507338999962, 0.0 ], [ 103.121629260000077, -1.264357618999952, 0.0 ], [ 103.121559565000041, -1.264259408999976, 0.0 ] ] ] ] } },
{ "type": "Feature", "properties": { "fid": 21133.0, "gid": null, "kdprov": "15", "kdkab": "07", "kdkec": "013", "kddesa": "004", "iddesa": "1507013004", "nmprov": "JAMBI", "nmkab": "TANJUNG JABUNG BARAT", "nmkec": "TEBING TINGGI", "nmdesa": "TEBING TINGGI", "luas": null, "sumber": null, "periode": null, "layer": null, "path": null, "idkec": "1507013" }, "geometry": { "type": "MultiPolygon", "coordinates": [ [ [ [ 103.069788450000033, -1.038037548999966, 0.0 ], [ 103.070314560000043, -1.035073428999965, 0.0 ], [ 103.080550620000054, -1.035110108999959, 0.0 ], [ 103.080663291000064, -1.034294064999926, 0.0 ], [ 103.080900620000079, -1.032575148999967, 0.0 ], [ 103.077460301000087, -1.029151235999962, 0.0 ], [ 103.078851340000085, -1.027915418999953, 0.0 ], [ 103.079129613000077, -1.02767204099996, 0.0 ], [ 103.079197021000084, -1.027578706999975, 0.0 ], [ 103.079228132000082, -1.02754759499993, 0.0 ], [ 103.079318873000034, -1.027508705999935, 0.0 ], [ 103.078929389000052, -1.027119221999953, 0.0 ], [ 103.078010253000059, -1.026254152999968, 0.0 ], [ 103.078136409000081, -1.025821617999952, 0.0 ], [ 103.078875322000044, -1.025010615999975, 0.0 ], [ 103.078911366000057, -1.024181591999934, 0.0 ], [ 103.078875322000044, -1.021802651999963, 0.0 ], [ 103.078920991000075, -1.021564548999947, 0.0 ], [ 103.078984257000059, -1.021234703999937, 0.0 ], [ 103.079235144000052, -1.020753000999946, 0.0 ], [ 103.079369510000049, -1.020586503999937, 0.0 ], [ 103.079494830000044, -1.02054198299993, 0.0 ], [ 103.079612702000077, -1.020361572999946, 0.0 ], [ 103.079658249000033, -1.020281317999945, 0.0 ], [ 103.079730095000059, -1.020176013999958, 0.0 ], [ 103.079725701000086, -1.020126798999968, 0.0 ], [ 103.07980610900006, -1.020114117999924, 0.0 ], [ 103.079817901000069, -1.020118405999938, 0.0 ], [ 103.080052331000047, -1.019982538999955, 0.0 ], [ 103.080284809000034, -1.019938380999974, 0.0 ], [ 103.080487905000041, -1.019899803999976, 0.0 ], [ 103.080480244000057, -1.019861496999965, 0.0 ], [ 103.080412980000062, -1.019554325999934, 0.0 ], [ 103.080056482000032, -1.019072268999935, 0.0 ], [ 103.079746907000072, -1.018906805999961, 0.0 ], [ 103.078661897000075, -1.018326886999944, 0.0 ], [ 103.078642380000076, -1.017573758999958, 0.0 ], [ 103.078823999000065, -1.017417554999952, 0.0 ], [ 103.079053320000071, -1.017220323999936, 0.0 ], [ 103.079309567000053, -1.017432281999959, 0.0 ], [ 103.079352552000046, -1.01729200699998, 0.0 ], [ 103.079812537000066, -1.016810289999967, 0.0 ], [ 103.080362875000048, -1.016316606999965, 0.0 ], [ 103.080363005000038, -1.016316657999937, 0.0 ], [ 103.080364969000073, -1.016317432999926, 0.0 ], [ 103.080371810000088, -1.016320130999929, 0.0 ], [ 103.080488866000053, -1.016366303999973, 0.0 ], [ 103.080893432000039, -1.016525882999929, 0.0 ], [ 103.081356369000048, -1.016691887999968, 0.0 ], [ 103.081557316000044, -1.016764780999949, 0.0 ], [ 103.082484900000054, -1.017258668999943, 0.0 ], [ 103.082610670000065, -1.017101878999938, 0.0 ], [ 103.083176850000086, -1.016345268999942, 0.0 ], [ 103.083667870000056, -1.015623728999969, 0.0 ], [ 103.08270962000006, -1.014766108999936, 0.0 ], [ 103.082045917000073, -1.014553109999952, 0.0 ], [ 103.081571100000076, -1.014400728999931, 0.0 ], [ 103.081452544000058, -1.014318849999938, 0.0 ], [ 103.080836651000084, -1.013893490999976, 0.0 ], [ 103.080281030000037, -1.01350975899993, 0.0 ], [ 103.079753525000058, -1.013342031999969, 0.0 ], [ 103.079653660000076, -1.013310278999938, 0.0 ], [ 103.079351910000071, -1.013214328999936, 0.0 ], [ 103.078757920000044, -1.01293796899995, 0.0 ], [ 103.077793480000082, -1.012032688999966, 0.0 ], [ 103.077544433000071, -1.011420905999955, 0.0 ], [ 103.077391440000042, -1.010704558999976, 0.0 ], [ 103.077362906000076, -1.009412004999945, 0.0 ], [ 103.077836020000063, -1.008644318999927, 0.0 ], [ 103.077506930000084, -1.007833838999943, 0.0 ], [ 103.076684860000057, -1.007410338999932, 0.0 ], [ 103.075465130000055, -1.007276488999935, 0.0 ], [ 103.075070750000066, -1.007233208999935, 0.0 ], [ 103.066487510000059, -1.007746388999976, 0.0 ], [ 103.067988670000034, -1.005454898999972, 0.0 ], [ 103.068155760000082, -1.001722708999978, 0.0 ], [ 103.068284020000078, -0.999380708999979, 0.0 ], [ 103.068257610000046, -0.998395278999965, 0.0 ], [ 103.068350330000044, -0.995054368999945, 0.0 ], [ 103.08094471000004, -0.994647828999973, 0.0 ], [ 103.084653350000053, -0.994273988999964, 0.0 ], [ 103.088741563000042, -0.99542250199994, 0.0 ], [ 103.095130130000086, -0.997217258999967, 0.0 ], [ 103.105682650000062, -0.998048038999968, 0.0 ], [ 103.108981540000059, -0.998107416999972, 0.0 ], [ 103.110422260000064, -0.998133348999943, 0.0 ], [ 103.110567310000079, -1.002344448999963, 0.0 ], [ 103.110486490000085, -1.008986218999951, 0.0 ], [ 103.110449138000035, -1.010217745999967, 0.0 ], [ 103.110425630000066, -1.010992838999925, 0.0 ], [ 103.112177510000038, -1.014572118999979, 0.0 ], [ 103.110721710000064, -1.016265238999949, 0.0 ], [ 103.111426030000075, -1.017291718999957, 0.0 ], [ 103.111013150000076, -1.018859678999945, 0.0 ], [ 103.113165381000044, -1.022536010999943, 0.0 ], [ 103.116493165000065, -1.022418080999955, 0.0 ], [ 103.116603624000049, -1.023416457999929, 0.0 ], [ 103.116827837000073, -1.024429898999927, 0.0 ], [ 103.117186577000041, -1.026167545999954, 0.0 ], [ 103.117267293000054, -1.026855878999925, 0.0 ], [ 103.117509189000032, -1.027313019999951, 0.0 ], [ 103.115999980000083, -1.027377928999954, 0.0 ], [ 103.104305380000085, -1.027024758999971, 0.0 ], [ 103.099267720000057, -1.02788550899993, 0.0 ], [ 103.099157601000059, -1.029259877999948, 0.0 ], [ 103.098964060000071, -1.031675408999945, 0.0 ], [ 103.094300359000044, -1.031910066999956, 0.0 ], [ 103.094429164000076, -1.036997885999938, 0.0 ], [ 103.094494100000077, -1.038860141999976, 0.0 ], [ 103.090708561000042, -1.038713705999953, 0.0 ], [ 103.088940578000063, -1.03864531399995, 0.0 ], [ 103.087559311000064, -1.038294855999936, 0.0 ], [ 103.085621910000043, -1.038028882999924, 0.0 ], [ 103.085504322000077, -1.03844603999994, 0.0 ], [ 103.085145958000055, -1.038356449999981, 0.0 ], [ 103.084850560000064, -1.038960706999944, 0.0 ], [ 103.069788450000033, -1.038037548999966, 0.0 ] ] ] ] } },
{ "type": "Feature", "properties": { "fid": 20141.0, "gid": null, "kdprov": "15", "kdkab": "07", "kdkec": "012", "kddesa": "007", "iddesa": "1507012007", "nmprov": "JAMBI", "nmkab": "TANJUNG JABUNG BARAT", "nmkec": "BATANG ASAM", "nmdesa": "LUBUK LAWAS", "luas": null, "sumber": null, "periode": null, "layer": null, "path": null, "idkec": "1507012" }, "geometry": { "type": "MultiPolygon", "coordinates": [ [ [ [ 102.96220848300004, -1.116879702999938, 0.0 ], [ 102.962499561000072, -1.115248562999966, 0.0 ], [ 102.962977385000045, -1.112570940999944, 0.0 ], [ 102.964334696000037, -1.112734244999956, 0.0 ], [ 102.967550090000032, -1.113615098999958, 0.0 ], [ 102.967640528000061, -1.115787273999956, 0.0 ], [ 102.967712685000038, -1.11752036799993, 0.0 ], [ 102.967714910000041, -1.117573798999956, 0.0 ], [ 102.967359998000063, -1.118783420999932, 0.0 ], [ 102.966966678000063, -1.120123949999936, 0.0 ], [ 102.965622600000074, -1.130557116999967, 0.0 ], [ 102.963995699000066, -1.130454148999945, 0.0 ], [ 102.963995100000034, -1.130458010999973, 0.0 ], [ 102.963169501000039, -1.130402855999932, 0.0 ], [ 102.962456668000073, -1.130356741999947, 0.0 ], [ 102.961734909000086, -1.130311060999929, 0.0 ], [ 102.961844491000079, -1.118919435999942, 0.0 ], [ 102.961926991000041, -1.11845711999996, 0.0 ], [ 102.96220848300004, -1.116879702999938, 0.0 ] ] ] ] } },
{ "type": "Feature", "properties": { "fid": 20560.0, "gid": null, "kdprov": "15", "kdkab": "07", "kdkec": "015", "kddesa": "005", "iddesa": "1507015005", "nmprov": "JAMBI", "nmkab": "TANJUNG JABUNG BARAT", "nmkec": "MUARA PAPALIK", "nmdesa": "RANTAU BADAK", "luas": null, "sumber": null, "periode": null, "layer": null, "path": null, "idkec": "1507015" }, "geometry": { "type": "MultiPolygon", "coordinates": [ [ [ [ 103.08354120000007, -1.318075748999945, 0.0 ], [ 103.083315859000038, -1.318163752999965, 0.0 ], [ 103.083117673000061, -1.318192065999938, 0.0 ], [ 103.082777927000052, -1.318361938999942, 0.0 ], [ 103.082155058000069, -1.318361938999942, 0.0 ], [ 103.081900248000068, -1.318050503999928, 0.0 ], [ 103.081447252000032, -1.318135440999924, 0.0 ], [ 103.081135818000064, -1.318361938999942, 0.0 ], [ 103.080654510000045, -1.318531811999947, 0.0 ], [ 103.080059954000035, -1.318418562999966, 0.0 ], [ 103.084414435000042, -1.309233861999928, 0.0 ], [ 103.084907888000032, -1.307630139999958, 0.0 ], [ 103.091277400000081, -1.28581737899998, 0.0 ], [ 103.090359966000051, -1.282426528999963, 0.0 ], [ 103.09172086600006, -1.280706347999967, 0.0 ], [ 103.092981026000075, -1.279212842999925, 0.0 ], [ 103.090864697000086, -1.278392764999978, 0.0 ], [ 103.091910759000086, -1.275770242999954, 0.0 ], [ 103.093001021000077, -1.274694713999963, 0.0 ], [ 103.093692600000054, -1.274542332999943, 0.0 ], [ 103.086773559000051, -1.268179375999978, 0.0 ], [ 103.086836683000058, -1.268024164999929, 0.0 ], [ 103.08882, -1.263393888999929, 0.0 ], [ 103.09094046000007, -1.265860498999928, 0.0 ], [ 103.094203280000045, -1.269655948999969, 0.0 ], [ 103.094325440000034, -1.270988798999952, 0.0 ], [ 103.095401890000062, -1.271372088999954, 0.0 ], [ 103.095876320000059, -1.272201178999978, 0.0 ], [ 103.096065580000072, -1.273221288999935, 0.0 ], [ 103.097301340000058, -1.272297858999934, 0.0 ], [ 103.095687360000056, -1.27076668899997, 0.0 ], [ 103.095340470000053, -1.268758358999946, 0.0 ], [ 103.094644480000056, -1.267769738999959, 0.0 ], [ 103.095341850000068, -1.266877778999969, 0.0 ], [ 103.096576690000063, -1.267197428999964, 0.0 ], [ 103.097368690000053, -1.266815528999928, 0.0 ], [ 103.097987900000078, -1.267156058999944, 0.0 ], [ 103.09967940000007, -1.266981448999957, 0.0 ], [ 103.099807100000078, -1.266944828999954, 0.0 ], [ 103.099835859000052, -1.26657400199997, 0.0 ], [ 103.099841190000063, -1.266505258999928, 0.0 ], [ 103.099880554000038, -1.266108266999936, 0.0 ], [ 103.100120660000073, -1.26555302099996, 0.0 ], [ 103.100345760000039, -1.265012781999928, 0.0 ], [ 103.100600873000076, -1.264787681999962, 0.0 ], [ 103.101096092000034, -1.264622608999957, 0.0 ], [ 103.101681352000071, -1.264772674999961, 0.0 ], [ 103.102206584000044, -1.265072807999957, 0.0 ], [ 103.102866877000054, -1.265447974999972, 0.0 ], [ 103.103482150000048, -1.265838147999943, 0.0 ], [ 103.103992376000065, -1.266183300999955, 0.0 ], [ 103.10427677000007, -1.26630046899993, 0.0 ], [ 103.104952802000071, -1.266333366999959, 0.0 ], [ 103.105098577000035, -1.266279915999974, 0.0 ], [ 103.10540300100007, -1.266168293999954, 0.0 ], [ 103.106138327000053, -1.266033233999963, 0.0 ], [ 103.106603533000055, -1.265988213999947, 0.0 ], [ 103.106843640000079, -1.266168293999954, 0.0 ], [ 103.106948686000067, -1.266738546999932, 0.0 ], [ 103.106978699000081, -1.267466368999976, 0.0 ], [ 103.107068739000056, -1.267916568999965, 0.0 ], [ 103.107188793000034, -1.268156674999943, 0.0 ], [ 103.107398886000055, -1.268276727999933, 0.0 ], [ 103.107653999000036, -1.268291734999934, 0.0 ], [ 103.107999152000048, -1.268201694999959, 0.0 ], [ 103.10822425200007, -1.267976594999936, 0.0 ], [ 103.108464358000049, -1.267916568999965, 0.0 ], [ 103.108764491000045, -1.268051628999956, 0.0 ], [ 103.109124651000059, -1.268321747999948, 0.0 ], [ 103.109679897000035, -1.268681907999962, 0.0 ], [ 103.109980030000088, -1.268831973999966, 0.0 ], [ 103.110310176000041, -1.268846980999967, 0.0 ], [ 103.110730362000083, -1.268651894999948, 0.0 ], [ 103.111120535000055, -1.268351761999952, 0.0 ], [ 103.111405662000038, -1.267961588999924, 0.0 ], [ 103.111660775000075, -1.267541401999949, 0.0 ], [ 103.111840854000036, -1.266926129999945, 0.0 ], [ 103.112020934000043, -1.266701029999979, 0.0 ], [ 103.112155994000034, -1.266565969999931, 0.0 ], [ 103.112501147000046, -1.266490936999958, 0.0 ], [ 103.112936340000033, -1.266288346999943, 0.0 ], [ 103.113596633000043, -1.265673073999949, 0.0 ], [ 103.114256925000063, -1.265192861999935, 0.0 ], [ 103.11477160000004, -1.264728448999961, 0.0 ], [ 103.115099826000062, -1.264219461999971, 0.0 ], [ 103.116000215000042, -1.264756790999968, 0.0 ], [ 103.116464932000042, -1.265599090999956, 0.0 ], [ 103.116541090000055, -1.266111938999927, 0.0 ], [ 103.123508299000036, -1.279511555999932, 0.0 ], [ 103.122785630000067, -1.279873968999937, 0.0 ], [ 103.122114148000037, -1.280106974999967, 0.0 ], [ 103.121852745000069, -1.280106974999967, 0.0 ], [ 103.121329938000088, -1.280484556999966, 0.0 ], [ 103.121039490000044, -1.280513601999928, 0.0 ], [ 103.115302014000065, -1.282045326999935, 0.0 ], [ 103.115144097000041, -1.282411617999969, 0.0 ], [ 103.115144097000041, -1.282807988999934, 0.0 ], [ 103.11503084900005, -1.283713979999959, 0.0 ], [ 103.11503084900005, -1.284648282999967, 0.0 ], [ 103.115427220000072, -1.28586570899995, 0.0 ], [ 103.115851903000078, -1.286630137999964, 0.0 ], [ 103.116899455000066, -1.287323787999981, 0.0 ], [ 103.117182577000051, -1.288293480999926, 0.0 ], [ 103.117168421000088, -1.288746476999961, 0.0 ], [ 103.117295826000088, -1.289730325999926, 0.0 ], [ 103.117550636000033, -1.290098384999965, 0.0 ], [ 103.117819602000054, -1.290622160999931, 0.0 ], [ 103.118017787000042, -1.291145936999953, 0.0 ], [ 103.117890382000041, -1.292327971999953, 0.0 ], [ 103.117918695000071, -1.292936683999926, 0.0 ], [ 103.119164432000048, -1.295194583999944, 0.0 ], [ 103.119079495000051, -1.296383696999953, 0.0 ], [ 103.119406726000079, -1.296981738999932, 0.0 ], [ 103.119900550000068, -1.297884243999931, 0.0 ], [ 103.119767466000042, -1.298784638999962, 0.0 ], [ 103.118532069000082, -1.298578329999941, 0.0 ], [ 103.118311857000037, -1.299642687999949, 0.0 ], [ 103.118124062000049, -1.300474351999981, 0.0 ], [ 103.118124062000049, -1.301091392999979, 0.0 ], [ 103.11825820100006, -1.301762089999954, 0.0 ], [ 103.118928898000036, -1.302754720999928, 0.0 ], [ 103.118928898000036, -1.30315713899995, 0.0 ], [ 103.118955726000081, -1.303666868999926, 0.0 ], [ 103.119224004000046, -1.304230253999947, 0.0 ], [ 103.11941180000008, -1.304471704999969, 0.0 ], [ 103.119975185000044, -1.304686327999946, 0.0 ], [ 103.120431259000043, -1.304713155999934, 0.0 ], [ 103.120914161000087, -1.304874122999934, 0.0 ], [ 103.121101956000075, -1.304981434999945, 0.0 ], [ 103.121471630000087, -1.305494408999948, 0.0 ], [ 103.121461450000083, -1.305759758999955, 0.0 ], [ 103.120821654000054, -1.305637364999939, 0.0 ], [ 103.119941208000057, -1.305130281999936, 0.0 ], [ 103.119888328000059, -1.30510677999996, 0.0 ], [ 103.119707522000056, -1.305026421999969, 0.0 ], [ 103.116165627000044, -1.303452245999949, 0.0 ], [ 103.116005302000076, -1.303547574999925, 0.0 ], [ 103.11588332000008, -1.303498848999936, 0.0 ], [ 103.114516361000085, -1.304432890999976, 0.0 ], [ 103.114180364000049, -1.304632672999958, 0.0 ], [ 103.111140010000042, -1.306739948999962, 0.0 ], [ 103.108072450000066, -1.309123408999938, 0.0 ], [ 103.108280570000034, -1.317812508999964, 0.0 ], [ 103.09511075000006, -1.314605308999944, 0.0 ], [ 103.091342372000042, -1.319473192999965, 0.0 ], [ 103.089601170000037, -1.319798783999943, 0.0 ], [ 103.088610243000062, -1.320350871999949, 0.0 ], [ 103.08749191000004, -1.320520744999953, 0.0 ], [ 103.085155289000056, -1.320031713999924, 0.0 ], [ 103.084975354000051, -1.319994055999928, 0.0 ], [ 103.084572770000079, -1.319909798999959, 0.0 ], [ 103.084133144000077, -1.319924561999926, 0.0 ], [ 103.08354120000007, -1.318075748999945, 0.0 ] ] ] ] } },
{ "type": "Feature", "properties": { "fid": 21027.0, "gid": null, "kdprov": "15", "kdkab": "07", "kdkec": "013", "kddesa": "005", "iddesa": "1507013005", "nmprov": "JAMBI", "nmkab": "TANJUNG JABUNG BARAT", "nmkec": "TEBING TINGGI", "nmdesa": "KELAGIAN", "luas": null, "sumber": null, "periode": null, "layer": null, "path": null, "idkec": "1507013" }, "geometry": { "type": "MultiPolygon", "coordinates": [ [ [ [ 103.055405560000054, -0.984890008999969, 0.0 ], [ 103.052624030000061, -0.979726488999972, 0.0 ], [ 103.046387090000053, -0.97960349899995, 0.0 ], [ 103.044822630000056, -0.97959697899995, 0.0 ], [ 103.035254136000049, -0.979557101999944, 0.0 ], [ 103.022459230000038, -0.97950377899997, 0.0 ], [ 103.020075050000059, -0.959791018999965, 0.0 ], [ 103.015676124000038, -0.92336831199998, 0.0 ], [ 103.015523164000058, -0.922101818999977, 0.0 ], [ 103.015415045000054, -0.921206601999927, 0.0 ], [ 103.014582374000042, -0.914312159999952, 0.0 ], [ 103.014346630000034, -0.912435028999937, 0.0 ], [ 103.012727612000049, -0.914846495999939, 0.0 ], [ 103.010980744000051, -0.914517673999967, 0.0 ], [ 103.008706233000055, -0.913513097999953, 0.0 ], [ 103.008514578000074, -0.913428449999969, 0.0 ], [ 103.005241770000055, -0.916305643999976, 0.0 ], [ 103.001891895000085, -0.916346746999977, 0.0 ], [ 103.000206681000066, -0.913222935999954, 0.0 ], [ 103.004584126000054, -0.910201882999957, 0.0 ], [ 103.01238212800007, -0.896196515999975, 0.0 ], [ 103.011814660000084, -0.891506048999929, 0.0 ], [ 103.01459648000008, -0.889258778999931, 0.0 ], [ 103.014893940000036, -0.888541238999949, 0.0 ], [ 103.012768340000036, -0.885824808999928, 0.0 ], [ 103.012685840000074, -0.884532908999972, 0.0 ], [ 103.013601210000047, -0.883815708999975, 0.0 ], [ 103.015312650000055, -0.883278358999974, 0.0 ], [ 103.015546864000044, -0.883002917999931, 0.0 ], [ 103.015709573000038, -0.882811567999966, 0.0 ], [ 103.016506498000069, -0.881874368999945, 0.0 ], [ 103.018947965000052, -0.88363034799994, 0.0 ], [ 103.020312767000064, -0.883762492999949, 0.0 ], [ 103.021890540000072, -0.883915258999934, 0.0 ], [ 103.028596178000043, -0.886057841999957, 0.0 ], [ 103.028968980000059, -0.886176958999954, 0.0 ], [ 103.033335020000038, -0.888388538999948, 0.0 ], [ 103.036681667000039, -0.888939998999945, 0.0 ], [ 103.039152196000032, -0.888542008999934, 0.0 ], [ 103.042856583000059, -0.889179101999957, 0.0 ], [ 103.043807084000036, -0.890170705999935, 0.0 ], [ 103.04496666700004, -0.891014998999935, 0.0 ], [ 103.045652855000071, -0.891036432999954, 0.0 ], [ 103.045750475000034, -0.89201262399996, 0.0 ], [ 103.050148471000057, -0.892588061999959, 0.0 ], [ 103.050126667000086, -0.893454998999971, 0.0 ], [ 103.050159379000036, -0.893526062999968, 0.0 ], [ 103.050223333000076, -0.893664998999952, 0.0 ], [ 103.050369398000043, -0.899837562999949, 0.0 ], [ 103.052876667000078, -0.900012249999975, 0.0 ], [ 103.052849450000053, -0.90109412399994, 0.0 ], [ 103.053284390000044, -0.901289858999974, 0.0 ], [ 103.054818276000049, -0.900294093999946, 0.0 ], [ 103.059067410000068, -0.897535648999963, 0.0 ], [ 103.062121680000075, -0.899321158999953, 0.0 ], [ 103.070958080000082, -0.908708328999978, 0.0 ], [ 103.073710918000074, -0.911632759999975, 0.0 ], [ 103.08198187000005, -0.920419268999979, 0.0 ], [ 103.081982430000039, -0.920419868999943, 0.0 ], [ 103.088737990000084, -0.927634698999952, 0.0 ], [ 103.091162260000033, -0.930223794999961, 0.0 ], [ 103.094421690000047, -0.930712383999946, 0.0 ], [ 103.094339740000066, -0.936368699999946, 0.0 ], [ 103.094119741000043, -0.957450817999927, 0.0 ], [ 103.09403837900004, -0.965247701999942, 0.0 ], [ 103.094016830000044, -0.967312678999974, 0.0 ], [ 103.092710950000082, -0.967413402999966, 0.0 ], [ 103.092373249000048, -0.968629127999975, 0.0 ], [ 103.092276803000061, -0.970964108999965, 0.0 ], [ 103.100347388000046, -0.970885604999978, 0.0 ], [ 103.108752871000036, -0.970764537999969, 0.0 ], [ 103.128114038000035, -0.970060785999976, 0.0 ], [ 103.128174197000078, -0.961819367999965, 0.0 ], [ 103.128175228000032, -0.961819372999969, 0.0 ], [ 103.138142572000049, -0.961869412999931, 0.0 ], [ 103.14080357000006, -0.968327958999964, 0.0 ], [ 103.16125586000004, -0.972186388999944, 0.0 ], [ 103.175335690000054, -0.97484260899995, 0.0 ], [ 103.173198930000069, -0.992235228999959, 0.0 ], [ 103.172260830000084, -0.995028088999959, 0.0 ], [ 103.170320648000086, -1.000804193999954, 0.0 ], [ 103.16847566000007, -1.006296898999949, 0.0 ], [ 103.168662876000042, -1.006815219999964, 0.0 ], [ 103.161822818000076, -1.006927864999966, 0.0 ], [ 103.150569760000053, -1.007016208999971, 0.0 ], [ 103.15067986400004, -1.01063260899997, 0.0 ], [ 103.143212713000082, -1.010648806999939, 0.0 ], [ 103.139628816000084, -1.010656580999978, 0.0 ], [ 103.13959, -1.010656665999932, 0.0 ], [ 103.136764624000079, -1.010758818999932, 0.0 ], [ 103.132948888000044, -1.01089677899995, 0.0 ], [ 103.123315568000066, -1.011245077999945, 0.0 ], [ 103.117360482000038, -1.011280951999936, 0.0 ], [ 103.110449138000035, -1.010217745999967, 0.0 ], [ 103.110486490000085, -1.008986218999951, 0.0 ], [ 103.110567310000079, -1.002344448999963, 0.0 ], [ 103.110422260000064, -0.998133348999943, 0.0 ], [ 103.108981540000059, -0.998107416999972, 0.0 ], [ 103.105682650000062, -0.998048038999968, 0.0 ], [ 103.095130130000086, -0.997217258999967, 0.0 ], [ 103.088741563000042, -0.99542250199994, 0.0 ], [ 103.084653350000053, -0.994273988999964, 0.0 ], [ 103.08094471000004, -0.994647828999973, 0.0 ], [ 103.068350330000044, -0.995054368999945, 0.0 ], [ 103.069288290000088, -0.993648158999974, 0.0 ], [ 103.075504920000071, -0.98893204899997, 0.0 ], [ 103.055405560000054, -0.984890008999969, 0.0 ] ] ] ] } },
{ "type": "Feature", "properties": { "fid": 20234.0, "gid": null, "kdprov": "15", "kdkab": "07", "kdkec": "012", "kddesa": "008", "iddesa": "1507012008", "nmprov": "JAMBI", "nmkab": "TANJUNG JABUNG BARAT", "nmkec": "BATANG ASAM", "nmdesa": "SUNGAI BADAR", "luas": null, "sumber": null, "periode": null, "layer": null, "path": null, "idkec": "1507012" }, "geometry": { "type": "MultiPolygon", "coordinates": [ [ [ [ 102.949341856000046, -1.06926373899995, 0.0 ], [ 102.949341667000056, -1.069698331999973, 0.0 ], [ 102.949368596000056, -1.07045289399997, 0.0 ], [ 102.949505, -1.074274998999954, 0.0 ], [ 102.949488544000076, -1.074931000999925, 0.0 ], [ 102.949434218000079, -1.077096645999973, 0.0 ], [ 102.949343121000084, -1.078463090999946, 0.0 ], [ 102.938396667000063, -1.090324998999961, 0.0 ], [ 102.937883961000068, -1.089984879999975, 0.0 ], [ 102.937337383000056, -1.089377570999943, 0.0 ], [ 102.935323220000043, -1.085967858999936, 0.0 ], [ 102.934847417000071, -1.085232687999962, 0.0 ], [ 102.934725955000033, -1.083926973999951, 0.0 ], [ 102.934665224000071, -1.083198202999938, 0.0 ], [ 102.934908148000034, -1.079812455999956, 0.0 ], [ 102.934847417000071, -1.079205146999925, 0.0 ], [ 102.934574128000065, -1.07884076199997, 0.0 ], [ 102.933693530000085, -1.078294183999958, 0.0 ], [ 102.933602434000079, -1.077960163999933, 0.0 ], [ 102.933632799000065, -1.077352854999958, 0.0 ], [ 102.933572068000046, -1.076639266999962, 0.0 ], [ 102.932873663000066, -1.075819399999943, 0.0 ], [ 102.932539643000041, -1.07539428399997, 0.0 ], [ 102.931385756000054, -1.074301127999945, 0.0 ], [ 102.93096064000008, -1.074058203999925, 0.0 ], [ 102.930535524000049, -1.073845645999938, 0.0 ], [ 102.930255, -1.073091665999925, 0.0 ], [ 102.93024371000007, -1.071545325999978, 0.0 ], [ 102.932806661000086, -1.070625291999932, 0.0 ], [ 102.933266678000052, -1.069015232999959, 0.0 ], [ 102.934120995000058, -1.066123698999945, 0.0 ], [ 102.935169330000065, -1.065171540999927, 0.0 ], [ 102.935911775000079, -1.064497210999946, 0.0 ], [ 102.937538263000079, -1.062492850999945, 0.0 ], [ 102.938507585000082, -1.060094191999951, 0.0 ], [ 102.940198498000086, -1.05566393099997, 0.0 ], [ 102.941516730000046, -1.058107608999933, 0.0 ], [ 102.942921828000067, -1.058412765999947, 0.0 ], [ 102.944982111000058, -1.058860214999925, 0.0 ], [ 102.947245, -1.059351665999941, 0.0 ], [ 102.947507581000082, -1.059764518999941, 0.0 ], [ 102.949180290000072, -1.059864048999941, 0.0 ], [ 102.952474310000071, -1.059737058999929, 0.0 ], [ 102.951965, -1.060671665999962, 0.0 ], [ 102.95186166700006, -1.062106665999977, 0.0 ], [ 102.951761667000085, -1.062206665999952, 0.0 ], [ 102.951053333000061, -1.06488666599995, 0.0 ], [ 102.950609004000057, -1.066030802999933, 0.0 ], [ 102.950527374000046, -1.066241, 0.0 ], [ 102.949343121000084, -1.066362460999926, 0.0 ], [ 102.949341856000046, -1.06926373899995, 0.0 ] ] ] ] } },
{ "type": "Feature", "properties": { "fid": 20497.0, "gid": null, "kdprov": "15", "kdkab": "07", "kdkec": "015", "kddesa": "002", "iddesa": "1507015002", "nmprov": "JAMBI", "nmkab": "TANJUNG JABUNG BARAT", "nmkec": "MUARA PAPALIK", "nmdesa": "BUKIT INDAH", "luas": null, "sumber": null, "periode": null, "layer": null, "path": null, "idkec": "1507015" }, "geometry": { "type": "MultiPolygon", "coordinates": [ [ [ [ 103.199901430000068, -1.361015068999961, 0.0 ], [ 103.197481330000073, -1.364132818999963, 0.0 ], [ 103.196171910000032, -1.365634368999963, 0.0 ], [ 103.194791420000058, -1.367217428999936, 0.0 ], [ 103.194769920000056, -1.367242078999936, 0.0 ], [ 103.190140760000077, -1.370056028999954, 0.0 ], [ 103.18690655000006, -1.371632658999943, 0.0 ], [ 103.185101430000088, -1.372695968999949, 0.0 ], [ 103.18063525000008, -1.375008538999964, 0.0 ], [ 103.177464890000067, -1.377013438999938, 0.0 ], [ 103.175302980000083, -1.378363558999979, 0.0 ], [ 103.172510140000043, -1.380954908999968, 0.0 ], [ 103.17159115000004, -1.382770138999945, 0.0 ], [ 103.170339350000063, -1.384580308999944, 0.0 ], [ 103.168864300000052, -1.38610080899997, 0.0 ], [ 103.167454330000055, -1.386468168999954, 0.0 ], [ 103.165987710000081, -1.386313898999958, 0.0 ], [ 103.164234280000073, -1.385073208999927, 0.0 ], [ 103.162918160000061, -1.38395965899997, 0.0 ], [ 103.161022740000078, -1.381898218999936, 0.0 ], [ 103.158937570000035, -1.379274388999931, 0.0 ], [ 103.155975370000078, -1.376468058999933, 0.0 ], [ 103.154531120000058, -1.375926538999977, 0.0 ], [ 103.152855020000061, -1.375298088999955, 0.0 ], [ 103.150651630000084, -1.374954238999976, 0.0 ], [ 103.148964620000072, -1.373933718999979, 0.0 ], [ 103.148255390000088, -1.37193063899997, 0.0 ], [ 103.148538540000061, -1.368476088999955, 0.0 ], [ 103.147555800000077, -1.367796908999935, 0.0 ], [ 103.147555720000071, -1.367796938999959, 0.0 ], [ 103.147165370000039, -1.367366907999951, 0.0 ], [ 103.122988110000051, -1.340732548999938, 0.0 ], [ 103.114329550000036, -1.327239138999971, 0.0 ], [ 103.116551940000079, -1.325600228999974, 0.0 ], [ 103.118126320000044, -1.326206248999938, 0.0 ], [ 103.121207876000085, -1.324644889999945, 0.0 ], [ 103.12156817400006, -1.324462334999964, 0.0 ], [ 103.121578772000078, -1.319954937999967, 0.0 ], [ 103.121588010000039, -1.316026018999935, 0.0 ], [ 103.122682312000052, -1.316018420999967, 0.0 ], [ 103.125883500000043, -1.316078070999936, 0.0 ], [ 103.127717931000063, -1.315689841999927, 0.0 ], [ 103.12773836000008, -1.315685518999942, 0.0 ], [ 103.12931049000008, -1.315833285999929, 0.0 ], [ 103.129638884000087, -1.315833285999929, 0.0 ], [ 103.129751345000045, -1.315833285999929, 0.0 ], [ 103.129715920000081, -1.317474018999974, 0.0 ], [ 103.131130911000071, -1.317511301999957, 0.0 ], [ 103.131164651000063, -1.317574564999973, 0.0 ], [ 103.131613694000066, -1.317591286999971, 0.0 ], [ 103.131856568000046, -1.317581945999962, 0.0 ], [ 103.131902985000067, -1.317580159999977, 0.0 ], [ 103.136687040000083, -1.317601458999945, 0.0 ], [ 103.137191530000052, -1.318580298999962, 0.0 ], [ 103.137211940000043, -1.318619898999941, 0.0 ], [ 103.137872800000082, -1.318582338999931, 0.0 ], [ 103.137981547000038, -1.318583000999979, 0.0 ], [ 103.145981560000052, -1.318631678999964, 0.0 ], [ 103.150955180000039, -1.327375458999938, 0.0 ], [ 103.171596690000058, -1.339630258999932, 0.0 ], [ 103.202522320000071, -1.357990538999957, 0.0 ], [ 103.199901430000068, -1.361015068999961, 0.0 ] ] ] ] } },
{ "type": "Feature", "properties": { "fid": 21081.0, "gid": null, "kdprov": "15", "kdkab": "07", "kdkec": "013", "kddesa": "002", "iddesa": "1507013002", "nmprov": "JAMBI", "nmkab": "TANJUNG JABUNG BARAT", "nmkec": "TEBING TINGGI", "nmdesa": "SUKADAMAI", "luas": null, "sumber": null, "periode": null, "layer": null, "path": null, "idkec": "1507013" }, "geometry": { "type": "MultiPolygon", "coordinates": [ [ [ [ 103.146009900000081, -1.044306108999933, 0.0 ], [ 103.144892968000079, -1.044327473999942, 0.0 ], [ 103.143304460000081, -1.044357858999945, 0.0 ], [ 103.143297842000038, -1.044357522999974, 0.0 ], [ 103.141451492000044, -1.044263704999935, 0.0 ], [ 103.140503564000085, -1.044215537999946, 0.0 ], [ 103.140050952000081, -1.044217759999924, 0.0 ], [ 103.135023809000074, -1.044242443999963, 0.0 ], [ 103.129373652000083, -1.044520467999973, 0.0 ], [ 103.126656, -1.046156819999965, 0.0 ], [ 103.125652436000053, -1.045463341999948, 0.0 ], [ 103.124091203000035, -1.045121356999971, 0.0 ], [ 103.123490314000037, -1.043910608999965, 0.0 ], [ 103.123651747000054, -1.042924073999927, 0.0 ], [ 103.123077762000037, -1.041255931999956, 0.0 ], [ 103.122707385000069, -1.03939730899998, 0.0 ], [ 103.122584495000069, -1.038780624999958, 0.0 ], [ 103.123194353000088, -1.037229073999924, 0.0 ], [ 103.123176416000035, -1.036179758999936, 0.0 ], [ 103.123006014000055, -1.035009369999955, 0.0 ], [ 103.122284050000076, -1.032436529999927, 0.0 ], [ 103.121689887000059, -1.030869283999948, 0.0 ], [ 103.120999312000038, -1.029382754999972, 0.0 ], [ 103.120819942000082, -1.029234774999964, 0.0 ], [ 103.118706738000071, -1.028154069999971, 0.0 ], [ 103.117531864000057, -1.027355872999976, 0.0 ], [ 103.117509189000032, -1.027313019999951, 0.0 ], [ 103.117267293000054, -1.026855878999925, 0.0 ], [ 103.117186577000041, -1.026167545999954, 0.0 ], [ 103.116827837000073, -1.024429898999927, 0.0 ], [ 103.116603624000049, -1.023416457999929, 0.0 ], [ 103.116493165000065, -1.022418080999955, 0.0 ], [ 103.116570820000049, -1.022415328999955, 0.0 ], [ 103.129063117000044, -1.022149656999943, 0.0 ], [ 103.134381440000084, -1.021970286999931, 0.0 ], [ 103.139925657000049, -1.02186826999997, 0.0 ], [ 103.141792999000074, -1.021852064999962, 0.0 ], [ 103.141816790000064, -1.02185185899998, 0.0 ], [ 103.142816878000076, -1.021798763999925, 0.0 ], [ 103.143694420000088, -1.021786758999951, 0.0 ], [ 103.143835397000032, -1.02178024799997, 0.0 ], [ 103.144648134000079, -1.021742710999945, 0.0 ], [ 103.144788267000081, -1.021778584999936, 0.0 ], [ 103.145495460000063, -1.021768548999944, 0.0 ], [ 103.145586665000053, -1.021766058999958, 0.0 ], [ 103.146441835000076, -1.021742710999945, 0.0 ], [ 103.147453596000048, -1.021749334999924, 0.0 ], [ 103.148496743000067, -1.021756163999953, 0.0 ], [ 103.149425560000054, -1.021743368999978, 0.0 ], [ 103.149654045000034, -1.021745335999981, 0.0 ], [ 103.15091151300004, -1.021756163999953, 0.0 ], [ 103.158941686000048, -1.021748315999957, 0.0 ], [ 103.162150168000039, -1.021748315999957, 0.0 ], [ 103.173122011000032, -1.02160930499997, 0.0 ], [ 103.174005588000057, -1.021606904999942, 0.0 ], [ 103.174399636000032, -1.022697856999969, 0.0 ], [ 103.181678200000079, -1.042849128999933, 0.0 ], [ 103.181812880000052, -1.043216828999959, 0.0 ], [ 103.182112370000084, -1.044034438999972, 0.0 ], [ 103.182623358000058, -1.045429436999939, 0.0 ], [ 103.179003107000085, -1.045345569999938, 0.0 ], [ 103.173581647000049, -1.045040640999957, 0.0 ], [ 103.169402324000032, -1.044825396999954, 0.0 ], [ 103.165523447000055, -1.044663963999938, 0.0 ], [ 103.159043703000066, -1.04446665699993, 0.0 ], [ 103.147344290000035, -1.04405410499993, 0.0 ], [ 103.146079121000071, -1.044293035999942, 0.0 ], [ 103.146009900000081, -1.044306108999933, 0.0 ] ] ] ] } },
{ "type": "Feature", "properties": { "fid": 20749.0, "gid": null, "kdprov": "15", "kdkab": "07", "kdkec": "020", "kddesa": "017", "iddesa": "1507020017", "nmprov": "JAMBI", "nmkab": "TANJUNG JABUNG BARAT", "nmkec": "PENGABUAN", "nmdesa": "KARYA MAJU", "luas": null, "sumber": null, "periode": null, "layer": null, "path": null, "idkec": "1507020" }, "geometry": { "type": "MultiPolygon", "coordinates": [ [ [ [ 103.277863599000057, -0.892514571999925, 0.0 ], [ 103.277634703000047, -0.889748631999964, 0.0 ], [ 103.277539588000081, -0.888601079999944, 0.0 ], [ 103.277424540000084, -0.886997245999964, 0.0 ], [ 103.277374765000047, -0.88630623499995, 0.0 ], [ 103.277312780000045, -0.884796061999964, 0.0 ], [ 103.277369130000068, -0.88317882299998, 0.0 ], [ 103.277529727000058, -0.882757608999952, 0.0 ], [ 103.277491900000086, -0.880264738999927, 0.0 ], [ 103.277493820000075, -0.876091468999959, 0.0 ], [ 103.277454070000033, -0.873240408999948, 0.0 ], [ 103.276611260000038, -0.87012625899996, 0.0 ], [ 103.275445660000059, -0.866793648999931, 0.0 ], [ 103.27350972000005, -0.86231074899996, 0.0 ], [ 103.268737300000055, -0.852090178999958, 0.0 ], [ 103.265478730000041, -0.844818268999973, 0.0 ], [ 103.267905895000069, -0.843904133999956, 0.0 ], [ 103.26805279000007, -0.843848808999951, 0.0 ], [ 103.268090340000072, -0.843834668999932, 0.0 ], [ 103.269995189000042, -0.843112831999974, 0.0 ], [ 103.270096690000059, -0.843074368999964, 0.0 ], [ 103.270517740000059, -0.84291481899993, 0.0 ], [ 103.271965919000081, -0.842366049999953, 0.0 ], [ 103.273907640000061, -0.841630258999942, 0.0 ], [ 103.276628410000058, -0.840599248999979, 0.0 ], [ 103.276683186000071, -0.840578490999974, 0.0 ], [ 103.279189682000037, -0.83962863499994, 0.0 ], [ 103.280388900000048, -0.839174181999965, 0.0 ], [ 103.282501940000088, -0.838373428999944, 0.0 ], [ 103.284050680000064, -0.844051048999972, 0.0 ], [ 103.285502550000047, -0.846876288999965, 0.0 ], [ 103.290158850000068, -0.855150378999951, 0.0 ], [ 103.293192221000083, -0.859904884999935, 0.0 ], [ 103.29511602000008, -0.862920248999956, 0.0 ], [ 103.297004290000075, -0.86659246399995, 0.0 ], [ 103.297969660000035, -0.868469868999966, 0.0 ], [ 103.302727846000039, -0.879453479999938, 0.0 ], [ 103.306736330000035, -0.888706508999974, 0.0 ], [ 103.306954898000072, -0.889849919999961, 0.0 ], [ 103.306641311000078, -0.891224879999925, 0.0 ], [ 103.306979020000085, -0.892696326999953, 0.0 ], [ 103.30553169500007, -0.898968070999956, 0.0 ], [ 103.302902387000074, -0.907024848999924, 0.0 ], [ 103.304860416000054, -0.907955733999927, 0.0 ], [ 103.301189718000046, -0.912765906999937, 0.0 ], [ 103.299796721000064, -0.917034767999951, 0.0 ], [ 103.299815124000077, -0.920673706999935, 0.0 ], [ 103.299835993000045, -0.924800441999935, 0.0 ], [ 103.299846335000041, -0.92684541899996, 0.0 ], [ 103.298280688000034, -0.927848136999955, 0.0 ], [ 103.296229610000069, -0.929161748999945, 0.0 ], [ 103.296213333000082, -0.930249998999955, 0.0 ], [ 103.294592453000064, -0.930634669999961, 0.0 ], [ 103.293539670000087, -0.93088451899996, 0.0 ], [ 103.292616410000051, -0.931103628999949, 0.0 ], [ 103.292256087000055, -0.931517056999951, 0.0 ], [ 103.29194201200005, -0.931877420999967, 0.0 ], [ 103.291389120000076, -0.93251179899994, 0.0 ], [ 103.290873680000061, -0.933103208999967, 0.0 ], [ 103.290159480000057, -0.933727038999962, 0.0 ], [ 103.290097929000069, -0.933780801999944, 0.0 ], [ 103.289622010000073, -0.934196498999938, 0.0 ], [ 103.289113237000038, -0.934640902999945, 0.0 ], [ 103.288128868000058, -0.93550072599993, 0.0 ], [ 103.286564837000071, -0.936866861999931, 0.0 ], [ 103.285260160000064, -0.938006458999951, 0.0 ], [ 103.285173540000073, -0.938082118999944, 0.0 ], [ 103.283293333000074, -0.943384998999932, 0.0 ], [ 103.28077333300007, -0.943751665999969, 0.0 ], [ 103.281309710000073, -0.940197118999947, 0.0 ], [ 103.281248210000058, -0.937330288999931, 0.0 ], [ 103.281208960000072, -0.935500728999955, 0.0 ], [ 103.281162840000036, -0.933350588999929, 0.0 ], [ 103.281152070000076, -0.932848548999971, 0.0 ], [ 103.281076850000034, -0.929341868999927, 0.0 ], [ 103.281040770000061, -0.927659908999942, 0.0 ], [ 103.280488090000063, -0.915656013999978, 0.0 ], [ 103.278073502000041, -0.892490622999958, 0.0 ], [ 103.277863599000057, -0.892514571999925, 0.0 ] ] ] ] } },
{ "type": "Feature", "properties": { "fid": 20233.0, "gid": null, "kdprov": "15", "kdkab": "07", "kdkec": "012", "kddesa": "005", "iddesa": "1507012005", "nmprov": "JAMBI", "nmkab": "TANJUNG JABUNG BARAT", "nmkec": "BATANG ASAM", "nmdesa": "SUBAN", "luas": null, "sumber": null, "periode": null, "layer": null, "path": null, "idkec": "1507012" }, "geometry": { "type": "MultiPolygon", "coordinates": [ [ [ [ 102.672392320000085, -1.17148986899997, 0.0 ], [ 102.669531300000074, -1.168605388999936, 0.0 ], [ 102.669080830000041, -1.167361288999928, 0.0 ], [ 102.666838510000048, -1.16342495899994, 0.0 ], [ 102.666553870000087, -1.162802858999953, 0.0 ], [ 102.666511090000085, -1.162758398999927, 0.0 ], [ 102.662315890000059, -1.158398498999929, 0.0 ], [ 102.661332340000058, -1.157178728999952, 0.0 ], [ 102.659787760000086, -1.155263198999933, 0.0 ], [ 102.657235790000072, -1.152235508999979, 0.0 ], [ 102.654423490000056, -1.147928038999964, 0.0 ], [ 102.654271920000042, -1.147742898999979, 0.0 ], [ 102.654242260000046, -1.147706668999945, 0.0 ], [ 102.651613120000036, -1.14449518899994, 0.0 ], [ 102.651337480000052, -1.144158498999957, 0.0 ], [ 102.647895080000069, -1.140340838999975, 0.0 ], [ 102.646317090000082, -1.137660798999946, 0.0 ], [ 102.645570080000084, -1.135818548999964, 0.0 ], [ 102.646283920000087, -1.134599358999935, 0.0 ], [ 102.647986810000077, -1.132676798999967, 0.0 ], [ 102.650114080000037, -1.12904169899997, 0.0 ], [ 102.650698330000068, -1.126447138999936, 0.0 ], [ 102.650468960000069, -1.123737748999929, 0.0 ], [ 102.650133370000049, -1.119773728999974, 0.0 ], [ 102.649777140000083, -1.119237798999961, 0.0 ], [ 102.649385770000038, -1.118649008999967, 0.0 ], [ 102.649566819000086, -1.11852375999996, 0.0 ], [ 102.649577449000049, -1.118523030999938, 0.0 ], [ 102.651756129000034, -1.117015900999945, 0.0 ], [ 102.654073869000058, -1.115821890999939, 0.0 ], [ 102.658482529000082, -1.114785010999981, 0.0 ], [ 102.663294959000041, -1.113999580999973, 0.0 ], [ 102.667490189000034, -1.112448280999956, 0.0 ], [ 102.669819729000039, -1.111361880999937, 0.0 ], [ 102.671567289000052, -1.110023870999953, 0.0 ], [ 102.672369149000076, -1.102550200999929, 0.0 ], [ 102.674655069000039, -1.09641708099997, 0.0 ], [ 102.676486009000087, -1.094780140999944, 0.0 ], [ 102.67968225900006, -1.094471700999975, 0.0 ], [ 102.681844269000067, -1.094927820999942, 0.0 ], [ 102.683625749000043, -1.09581418099998, 0.0 ], [ 102.685325139000042, -1.095313220999969, 0.0 ], [ 102.684999669000035, -1.085901240999931, 0.0 ], [ 102.685666059000084, -1.084514510999952, 0.0 ], [ 102.686960616000079, -1.084360112999946, 0.0 ], [ 102.686961219000068, -1.084360040999968, 0.0 ], [ 102.688287857000034, -1.085446691999948, 0.0 ], [ 102.688291079000066, -1.08544933099995, 0.0 ], [ 102.689856395000049, -1.086155014999974, 0.0 ], [ 102.689858849000075, -1.086156120999931, 0.0 ], [ 102.690983002000053, -1.08724166199994, 0.0 ], [ 102.690986729000088, -1.087245260999964, 0.0 ], [ 102.691795380000087, -1.087035872999934, 0.0 ], [ 102.693565449000062, -1.08657754099994, 0.0 ], [ 102.694873619000077, -1.084940150999955, 0.0 ], [ 102.700352169000041, -1.083198320999941, 0.0 ], [ 102.70539080900005, -1.081874690999939, 0.0 ], [ 102.707635769000035, -1.082677670999942, 0.0 ], [ 102.709750799000062, -1.082464010999956, 0.0 ], [ 102.711605399000064, -1.080970520999927, 0.0 ], [ 102.713520269000071, -1.07832898099997, 0.0 ], [ 102.715256509000085, -1.076213510999935, 0.0 ], [ 102.716980739000064, -1.074289360999956, 0.0 ], [ 102.718798649000064, -1.074195060999955, 0.0 ], [ 102.722420103000047, -1.075668255999972, 0.0 ], [ 102.722421369000074, -1.075668770999926, 0.0 ], [ 102.72366493700008, -1.076671683999962, 0.0 ], [ 102.723668169000064, -1.076674290999961, 0.0 ], [ 102.726744369000073, -1.078135650999968, 0.0 ], [ 102.729037109000046, -1.078639660999954, 0.0 ], [ 102.731033959000058, -1.07760069099993, 0.0 ], [ 102.731996919000039, -1.076847980999958, 0.0 ], [ 102.733233419000044, -1.075724720999972, 0.0 ], [ 102.734851769000045, -1.072377290999952, 0.0 ], [ 102.73493686900008, -1.069746280999937, 0.0 ], [ 102.734156379000069, -1.064710790999925, 0.0 ], [ 102.732912499000065, -1.059674960999928, 0.0 ], [ 102.73315160900006, -1.057630080999957, 0.0 ], [ 102.733201719000078, -1.054066220999971, 0.0 ], [ 102.737684349000062, -1.049429240999928, 0.0 ], [ 102.740216109000073, -1.048007900999949, 0.0 ], [ 102.745004809000079, -1.047341650999954, 0.0 ], [ 102.747166537000055, -1.047510605999946, 0.0 ], [ 102.747167109000088, -1.047510650999925, 0.0 ], [ 102.747168126000076, -1.04750977499998, 0.0 ], [ 102.763272223000058, -1.054544079999971, 0.0 ], [ 102.772400620000042, -1.055449418999956, 0.0 ], [ 102.782126490000053, -1.052240538999968, 0.0 ], [ 102.787977582000053, -1.048014122999973, 0.0 ], [ 102.79024826300008, -1.046373942999935, 0.0 ], [ 102.79876028800004, -1.040737994999972, 0.0 ], [ 102.803495646000044, -1.037426148999941, 0.0 ], [ 102.807417569000052, -1.035857379999925, 0.0 ], [ 102.814041261000057, -1.034985841999969, 0.0 ], [ 102.818398952000052, -1.035392559999934, 0.0 ], [ 102.819967721000069, -1.03423050899994, 0.0 ], [ 102.825777977000087, -1.033649482999976, 0.0 ], [ 102.828595951000068, -1.03254553499994, 0.0 ], [ 102.832663130000071, -1.031732098999953, 0.0 ], [ 102.842684012000063, -1.03175196199993, 0.0 ], [ 102.844860880000056, -1.031293132999963, 0.0 ], [ 102.845707155000071, -1.031114758999934, 0.0 ], [ 102.848757539000076, -1.030824245999952, 0.0 ], [ 102.852025808000064, -1.030708040999968, 0.0 ], [ 102.857138833000079, -1.031492425999943, 0.0 ], [ 102.859898704000045, -1.032276809999928, 0.0 ], [ 102.862861935000069, -1.033351707999941, 0.0 ], [ 102.865486350000083, -1.034121328999959, 0.0 ], [ 102.866613671000039, -1.030177822999974, 0.0 ], [ 102.867910040000083, -1.026561127999969, 0.0 ], [ 102.868195546000038, -1.025764605999939, 0.0 ], [ 102.86841110000006, -1.025163238999937, 0.0 ], [ 102.869814346000055, -1.023136443999931, 0.0 ], [ 102.872150690000069, -1.019761918999961, 0.0 ], [ 102.873433025000054, -1.017490688999942, 0.0 ], [ 102.875726809000071, -1.017744633999939, 0.0 ], [ 102.875865495000085, -1.017374803999928, 0.0 ], [ 102.880991739000081, -1.017729101999976, 0.0 ], [ 102.881809197000052, -1.017785599999968, 0.0 ], [ 102.881780406000075, -1.018188685999974, 0.0 ], [ 102.882483205000085, -1.018228978999957, 0.0 ], [ 102.884292189000064, -1.018501005999951, 0.0 ], [ 102.884540379000043, -1.018538327999977, 0.0 ], [ 102.885380403000056, -1.01866464699998, 0.0 ], [ 102.885604209000064, -1.018747818999941, 0.0 ], [ 102.890469300000063, -1.020555798999965, 0.0 ], [ 102.893536880000056, -1.022764398999925, 0.0 ], [ 102.896422790000088, -1.025886358999969, 0.0 ], [ 102.898528513000088, -1.026318824999976, 0.0 ], [ 102.902650380000068, -1.02716535899998, 0.0 ], [ 102.913468970000054, -1.029387238999959, 0.0 ], [ 102.917823860000055, -1.029193798999927, 0.0 ], [ 102.917121920000056, -1.029721058999939, 0.0 ], [ 102.914236750000043, -1.034795568999925, 0.0 ], [ 102.911329315000046, -1.039644171999953, 0.0 ], [ 102.911829410000053, -1.039696748999972, 0.0 ], [ 102.912420739000083, -1.039756689999933, 0.0 ], [ 102.913287128000036, -1.040454301999944, 0.0 ], [ 102.914142264000077, -1.04084811499996, 0.0 ], [ 102.914929890000053, -1.041185667999969, 0.0 ], [ 102.916097264000086, -1.042367106999961, 0.0 ], [ 102.916478720000043, -1.042722228999935, 0.0 ], [ 102.916921458000047, -1.04308722199994, 0.0 ], [ 102.917116100000044, -1.04313426899995, 0.0 ], [ 102.917973870000083, -1.046074378999947, 0.0 ], [ 102.918459789000053, -1.046585123999932, 0.0 ], [ 102.919122623000078, -1.045975774999931, 0.0 ], [ 102.920241089000058, -1.04695221399993, 0.0 ], [ 102.921365010000045, -1.045781708999925, 0.0 ], [ 102.921904948000076, -1.045281321999937, 0.0 ], [ 102.922141236000073, -1.045523235999951, 0.0 ], [ 102.922231397000076, -1.045646246999979, 0.0 ], [ 102.922324479000054, -1.045816908999939, 0.0 ], [ 102.922352233000083, -1.045807987999979, 0.0 ], [ 102.923380699000063, -1.04686341699994, 0.0 ], [ 102.923726679000083, -1.046652368999958, 0.0 ], [ 102.924159194000083, -1.047151817999975, 0.0 ], [ 102.923644511000077, -1.047619063999946, 0.0 ], [ 102.92325790600006, -1.047813552999969, 0.0 ], [ 102.922712390000072, -1.048216759999946, 0.0 ], [ 102.922591640000064, -1.048266634999948, 0.0 ], [ 102.922851154000057, -1.048502147999955, 0.0 ], [ 102.923273096000059, -1.048895960999971, 0.0 ], [ 102.923731230000044, -1.049303922999968, 0.0 ], [ 102.924056502000042, -1.049593571999935, 0.0 ], [ 102.924275561000059, -1.049753910999925, 0.0 ], [ 102.924371190000045, -1.049879498999928, 0.0 ], [ 102.924522250000052, -1.051082789999953, 0.0 ], [ 102.925187632000075, -1.051271725999925, 0.0 ], [ 102.92602310500007, -1.051530990999936, 0.0 ], [ 102.926196102000063, -1.051615378999941, 0.0 ], [ 102.926820576000068, -1.05187979699997, 0.0 ], [ 102.927411296000059, -1.051941681999949, 0.0 ], [ 102.928007641000079, -1.051744774999975, 0.0 ], [ 102.928494281000042, -1.051469808999968, 0.0 ], [ 102.928614677000041, -1.051337531999934, 0.0 ], [ 102.932454638000081, -1.054822538999929, 0.0 ], [ 102.932707727000036, -1.054654066999944, 0.0 ], [ 102.933090288000074, -1.054912858999955, 0.0 ], [ 102.93409732300006, -1.054912858999955, 0.0 ], [ 102.937202819000049, -1.055835505999937, 0.0 ], [ 102.939138128000081, -1.055340426999976, 0.0 ], [ 102.939742912000042, -1.055379807999941, 0.0 ], [ 102.940198498000086, -1.05566393099997, 0.0 ], [ 102.938507585000082, -1.060094191999951, 0.0 ], [ 102.937538263000079, -1.062492850999945, 0.0 ], [ 102.935911775000079, -1.064497210999946, 0.0 ], [ 102.935169330000065, -1.065171540999927, 0.0 ], [ 102.934120995000058, -1.066123698999945, 0.0 ], [ 102.933266678000052, -1.069015232999959, 0.0 ], [ 102.932806661000086, -1.070625291999932, 0.0 ], [ 102.93024371000007, -1.071545325999978, 0.0 ], [ 102.928850350000062, -1.073341398999958, 0.0 ], [ 102.919862780000074, -1.089844718999927, 0.0 ], [ 102.919851950000066, -1.089864618999968, 0.0 ], [ 102.91655656000006, -1.095915678999972, 0.0 ], [ 102.916552590000038, -1.09592295899995, 0.0 ], [ 102.915643540000076, -1.097592058999965, 0.0 ], [ 102.893295730000034, -1.138624538999977, 0.0 ], [ 102.860897240000043, -1.132077558999924, 0.0 ], [ 102.860867960000064, -1.132071638999946, 0.0 ], [ 102.856979140000078, -1.13431744899998, 0.0 ], [ 102.842893720000063, -1.142466208999963, 0.0 ], [ 102.839614030000064, -1.160542928999973, 0.0 ], [ 102.830782600000077, -1.193618578999974, 0.0 ], [ 102.82868108200006, -1.193628769999975, 0.0 ], [ 102.824569092000047, -1.193648709999934, 0.0 ], [ 102.823608559000036, -1.194508887999973, 0.0 ], [ 102.818919361000042, -1.199685452999972, 0.0 ], [ 102.81802040000008, -1.200476844999969, 0.0 ], [ 102.816816260000053, -1.201536898999962, 0.0 ], [ 102.817516230000081, -1.202924838999934, 0.0 ], [ 102.818214290000071, -1.206716748999952, 0.0 ], [ 102.819232560000046, -1.211286318999953, 0.0 ], [ 102.820362080000052, -1.215650978999975, 0.0 ], [ 102.820362100000068, -1.215651018999949, 0.0 ], [ 102.822504630000083, -1.220713548999925, 0.0 ], [ 102.821802190000085, -1.222399348999943, 0.0 ], [ 102.819417930000043, -1.222395748999929, 0.0 ], [ 102.813153790000058, -1.221178438999971, 0.0 ], [ 102.793421300000034, -1.216749658999959, 0.0 ], [ 102.793385130000047, -1.216741538999941, 0.0 ], [ 102.789186870000037, -1.215799248999929, 0.0 ], [ 102.739187650000076, -1.204576918999976, 0.0 ], [ 102.708751010000071, -1.198786988999927, 0.0 ], [ 102.686107080000056, -1.181499018999943, 0.0 ], [ 102.672392320000085, -1.17148986899997, 0.0 ] ] ], [ [ [ 102.92429859300006, -1.033484466999937, 0.0 ], [ 102.924020989000041, -1.033718695999937, 0.0 ], [ 102.923739694000062, -1.034174392999944, 0.0 ], [ 102.923694687000079, -1.03484950099994, 0.0 ], [ 102.921647435000068, -1.032346492999977, 0.0 ], [ 102.922652390000053, -1.031315678999931, 0.0 ], [ 102.923488887000076, -1.030377161999979, 0.0 ], [ 102.924938912000073, -1.032241479999925, 0.0 ], [ 102.924785975000077, -1.032779226999935, 0.0 ], [ 102.924589069000035, -1.03313365899993, 0.0 ], [ 102.924300321000032, -1.033482379999953, 0.0 ], [ 102.92429859300006, -1.033484466999937, 0.0 ] ] ] ] } },
{ "type": "Feature", "properties": { "fid": 20527.0, "gid": null, "kdprov": "15", "kdkab": "07", "kdkec": "015", "kddesa": "003", "iddesa": "1507015003", "nmprov": "JAMBI", "nmkab": "TANJUNG JABUNG BARAT", "nmkec": "MUARA PAPALIK", "nmdesa": "KEMANG MANIS", "luas": null, "sumber": null, "periode": null, "layer": null, "path": null, "idkec": "1507015" }, "geometry": { "type": "MultiPolygon", "coordinates": [ [ [ [ 103.173418990000073, -1.322216328999957, 0.0 ], [ 103.17439700500006, -1.322243965999974, 0.0 ], [ 103.174331850000044, -1.323650708999935, 0.0 ], [ 103.174329276000037, -1.323724942999945, 0.0 ], [ 103.174211837000087, -1.327111239999965, 0.0 ], [ 103.176682050000068, -1.327153408999948, 0.0 ], [ 103.177733359000058, -1.327169995999952, 0.0 ], [ 103.179369990000055, -1.32719581899994, 0.0 ], [ 103.179370070000061, -1.327030538999963, 0.0 ], [ 103.181344270000068, -1.327166028999955, 0.0 ], [ 103.181767586000035, -1.327195079999967, 0.0 ], [ 103.184407330000056, -1.327376238999932, 0.0 ], [ 103.186430180000059, -1.329865948999952, 0.0 ], [ 103.193830710000043, -1.333906628999955, 0.0 ], [ 103.197047870000063, -1.336088638999968, 0.0 ], [ 103.199874960000045, -1.33800606899996, 0.0 ], [ 103.200958950000086, -1.33792294899996, 0.0 ], [ 103.20209777000008, -1.33887485899993, 0.0 ], [ 103.203961130000039, -1.337197878999973, 0.0 ], [ 103.205377480000038, -1.338709448999964, 0.0 ], [ 103.207434980000073, -1.337592048999966, 0.0 ], [ 103.208629450000046, -1.338460088999966, 0.0 ], [ 103.211849520000044, -1.343889168999965, 0.0 ], [ 103.212243640000054, -1.350126668999962, 0.0 ], [ 103.210499230000039, -1.351309038999943, 0.0 ], [ 103.205367540000054, -1.355465348999928, 0.0 ], [ 103.20511601000004, -1.35566906899993, 0.0 ], [ 103.202522320000071, -1.357990538999957, 0.0 ], [ 103.171596690000058, -1.339630258999932, 0.0 ], [ 103.150955180000039, -1.327375458999938, 0.0 ], [ 103.145981560000052, -1.318631678999964, 0.0 ], [ 103.145967270000085, -1.31860656899994, 0.0 ], [ 103.145963250000079, -1.318599498999959, 0.0 ], [ 103.145963360000053, -1.318598898999937, 0.0 ], [ 103.147896540000033, -1.307978238999965, 0.0 ], [ 103.149468530000036, -1.303744668999968, 0.0 ], [ 103.150865710000062, -1.297901928999977, 0.0 ], [ 103.153714370000046, -1.285989288999929, 0.0 ], [ 103.168719170000088, -1.292455228999927, 0.0 ], [ 103.172580350000032, -1.294119108999951, 0.0 ], [ 103.172314560000075, -1.297338378999939, 0.0 ], [ 103.170379820000051, -1.30048426899998, 0.0 ], [ 103.171949320000067, -1.302756018999958, 0.0 ], [ 103.175215970000068, -1.303589338999927, 0.0 ], [ 103.175625330000059, -1.303976168999952, 0.0 ], [ 103.173810710000055, -1.305738238999936, 0.0 ], [ 103.171077670000045, -1.308392128999969, 0.0 ], [ 103.17172362000008, -1.309711290999928, 0.0 ], [ 103.17190080000006, -1.310073128999932, 0.0 ], [ 103.173883740000065, -1.310045598999977, 0.0 ], [ 103.173921690000043, -1.313083778999953, 0.0 ], [ 103.175120940000056, -1.313043038999979, 0.0 ], [ 103.175093190000041, -1.314207418999956, 0.0 ], [ 103.175078290000044, -1.314832668999941, 0.0 ], [ 103.17615107000006, -1.314689778999934, 0.0 ], [ 103.17615040000004, -1.316423118999978, 0.0 ], [ 103.176110200000039, -1.317455498999948, 0.0 ], [ 103.174638220000077, -1.319461806999925, 0.0 ], [ 103.173422790000075, -1.321118438999974, 0.0 ], [ 103.173418990000073, -1.322216328999957, 0.0 ] ] ] ] } },
{ "type": "Feature", "properties": { "fid": 20997.0, "gid": null, "kdprov": "15", "kdkab": "07", "kdkec": "013", "kddesa": "003", "iddesa": "1507013003", "nmprov": "JAMBI", "nmkab": "TANJUNG JABUNG BARAT", "nmkec": "TEBING TINGGI", "nmdesa": "ADI JAYA", "luas": null, "sumber": null, "periode": null, "layer": null, "path": null, "idkec": "1507013" }, "geometry": { "type": "MultiPolygon", "coordinates": [ [ [ [ 103.142816878000076, -1.021798763999925, 0.0 ], [ 103.141816790000064, -1.02185185899998, 0.0 ], [ 103.141792999000074, -1.021852064999962, 0.0 ], [ 103.139925657000049, -1.02186826999997, 0.0 ], [ 103.134381440000084, -1.021970286999931, 0.0 ], [ 103.129063117000044, -1.022149656999943, 0.0 ], [ 103.116570820000049, -1.022415328999955, 0.0 ], [ 103.116493165000065, -1.022418080999955, 0.0 ], [ 103.113165381000044, -1.022536010999943, 0.0 ], [ 103.111013150000076, -1.018859678999945, 0.0 ], [ 103.111426030000075, -1.017291718999957, 0.0 ], [ 103.110721710000064, -1.016265238999949, 0.0 ], [ 103.112177510000038, -1.014572118999979, 0.0 ], [ 103.110425630000066, -1.010992838999925, 0.0 ], [ 103.110449138000035, -1.010217745999967, 0.0 ], [ 103.117360482000038, -1.011280951999936, 0.0 ], [ 103.123315568000066, -1.011245077999945, 0.0 ], [ 103.132948888000044, -1.01089677899995, 0.0 ], [ 103.136764624000079, -1.010758818999932, 0.0 ], [ 103.13959, -1.010656665999932, 0.0 ], [ 103.139628816000084, -1.010656580999978, 0.0 ], [ 103.143212713000082, -1.010648806999939, 0.0 ], [ 103.15067986400004, -1.01063260899997, 0.0 ], [ 103.150569760000053, -1.007016208999971, 0.0 ], [ 103.161822818000076, -1.006927864999966, 0.0 ], [ 103.168662876000042, -1.006815219999964, 0.0 ], [ 103.170026547000077, -1.010590639999975, 0.0 ], [ 103.173313570000062, -1.019690998999977, 0.0 ], [ 103.174005588000057, -1.021606904999942, 0.0 ], [ 103.173122011000032, -1.02160930499997, 0.0 ], [ 103.162150168000039, -1.021748315999957, 0.0 ], [ 103.158941686000048, -1.021748315999957, 0.0 ], [ 103.15091151300004, -1.021756163999953, 0.0 ], [ 103.149654045000034, -1.021745335999981, 0.0 ], [ 103.149425560000054, -1.021743368999978, 0.0 ], [ 103.148496743000067, -1.021756163999953, 0.0 ], [ 103.147453596000048, -1.021749334999924, 0.0 ], [ 103.146441835000076, -1.021742710999945, 0.0 ], [ 103.145586665000053, -1.021766058999958, 0.0 ], [ 103.145495460000063, -1.021768548999944, 0.0 ], [ 103.144788267000081, -1.021778584999936, 0.0 ], [ 103.144648134000079, -1.021742710999945, 0.0 ], [ 103.143835397000032, -1.02178024799997, 0.0 ], [ 103.143694420000088, -1.021786758999951, 0.0 ], [ 103.142816878000076, -1.021798763999925, 0.0 ] ] ] ] } },
{ "type": "Feature", "properties": { "fid": 20632.0, "gid": null, "kdprov": "15", "kdkab": "07", "kdkec": "020", "kddesa": "018", "iddesa": "1507020018", "nmprov": "JAMBI", "nmkab": "TANJUNG JABUNG BARAT", "nmkec": "PENGABUAN", "nmdesa": "PASAR SENIN", "luas": null, "sumber": null, "periode": null, "layer": null, "path": null, "idkec": "1507020" }, "geometry": { "type": "MultiPolygon", "coordinates": [ [ [ [ 103.18996954000005, -0.827267588999973, 0.0 ], [ 103.189966620000064, -0.827279018999945, 0.0 ], [ 103.188681060000079, -0.832307538999942, 0.0 ], [ 103.188674220000053, -0.832334298999967, 0.0 ], [ 103.187948825000035, -0.832165612999972, 0.0 ], [ 103.187269665000088, -0.83194899199998, 0.0 ], [ 103.185916968000072, -0.831578065999963, 0.0 ], [ 103.185636750000072, -0.831501038999932, 0.0 ], [ 103.183678230000055, -0.828736898999978, 0.0 ], [ 103.183204366000041, -0.827615971999933, 0.0 ], [ 103.182514850000075, -0.82598491899995, 0.0 ], [ 103.182777280000039, -0.823831738999957, 0.0 ], [ 103.183056577000059, -0.823059673999978, 0.0 ], [ 103.183207650000043, -0.822642058999975, 0.0 ], [ 103.18344361000004, -0.821989778999978, 0.0 ], [ 103.185773880000056, -0.81974183899996, 0.0 ], [ 103.187509550000073, -0.818378868999957, 0.0 ], [ 103.18884152000004, -0.816226168999947, 0.0 ], [ 103.18962724000005, -0.81314010899996, 0.0 ], [ 103.189385860000073, -0.811501054999951, 0.0 ], [ 103.188993740000058, -0.808838428999934, 0.0 ], [ 103.188458421000064, -0.807993357999976, 0.0 ], [ 103.187016053000036, -0.805716392999955, 0.0 ], [ 103.186985720000052, -0.805668508999929, 0.0 ], [ 103.186564790000034, -0.805004018999966, 0.0 ], [ 103.184384674000057, -0.803160179999963, 0.0 ], [ 103.184355726000035, -0.803135696999959, 0.0 ], [ 103.183309820000034, -0.802251118999948, 0.0 ], [ 103.182767660000081, -0.80203365899996, 0.0 ], [ 103.183360030000074, -0.798650340999927, 0.0 ], [ 103.183513770000047, -0.797772258999942, 0.0 ], [ 103.183537140000055, -0.79760811899996, 0.0 ], [ 103.184942290000038, -0.78961322899994, 0.0 ], [ 103.186577410000041, -0.789966688999925, 0.0 ], [ 103.186577483000065, -0.789966524999954, 0.0 ], [ 103.187503480000032, -0.787889528999926, 0.0 ], [ 103.188097311000035, -0.786557466999966, 0.0 ], [ 103.186112370000046, -0.784910488999969, 0.0 ], [ 103.186736978000056, -0.781592304999947, 0.0 ], [ 103.187056196000071, -0.77989648099998, 0.0 ], [ 103.187152840000067, -0.779383068999948, 0.0 ], [ 103.186702720000085, -0.770095518999938, 0.0 ], [ 103.186748052000041, -0.76909775699994, 0.0 ], [ 103.186853790000043, -0.767358845999979, 0.0 ], [ 103.187048840000045, -0.763798838999946, 0.0 ], [ 103.187841111000068, -0.760553993999963, 0.0 ], [ 103.187905579000073, -0.760567660999925, 0.0 ], [ 103.188976805000038, -0.76079929499997, 0.0 ], [ 103.190701019000073, -0.761166084999957, 0.0 ], [ 103.190713285000072, -0.761168644999941, 0.0 ], [ 103.19134611800007, -0.761300741999946, 0.0 ], [ 103.191944124000088, -0.761423971999932, 0.0 ], [ 103.191944189000083, -0.761423984999965, 0.0 ], [ 103.193073518000062, -0.761656701999925, 0.0 ], [ 103.193314493000059, -0.761707297999976, 0.0 ], [ 103.195395615000052, -0.762148671999967, 0.0 ], [ 103.196497613000076, -0.762382388999924, 0.0 ], [ 103.200021352000078, -0.763134230999924, 0.0 ], [ 103.200057635000064, -0.763141972999961, 0.0 ], [ 103.201536793000059, -0.763457572999926, 0.0 ], [ 103.207208789000049, -0.76466007099998, 0.0 ], [ 103.20735247500005, -0.764690532999964, 0.0 ], [ 103.20736461000007, -0.764693105999925, 0.0 ], [ 103.211741828000072, -0.765621094999972, 0.0 ], [ 103.21174717100007, -0.765622227999927, 0.0 ], [ 103.216221339000072, -0.766570770999977, 0.0 ], [ 103.219426408000061, -0.767250253999975, 0.0 ], [ 103.219431819000079, -0.767251400999953, 0.0 ], [ 103.21952404700005, -0.767149234999977, 0.0 ], [ 103.219270492000078, -0.768013651999979, 0.0 ], [ 103.217099700000063, -0.77503988899997, 0.0 ], [ 103.21404431600007, -0.781230711999967, 0.0 ], [ 103.209381110000038, -0.790679308999927, 0.0 ], [ 103.208293070000082, -0.792708938999965, 0.0 ], [ 103.208236527000054, -0.792813226999954, 0.0 ], [ 103.205331150000063, -0.798171908999961, 0.0 ], [ 103.204568530000074, -0.799656638999977, 0.0 ], [ 103.203112260000069, -0.802373128999932, 0.0 ], [ 103.199462660000052, -0.808461708999971, 0.0 ], [ 103.199065880000035, -0.809122578999961, 0.0 ], [ 103.19777883200004, -0.811132055999963, 0.0 ], [ 103.197652680000033, -0.81132901899997, 0.0 ], [ 103.194072480000045, -0.816918748999967, 0.0 ], [ 103.19372093000004, -0.817921278999961, 0.0 ], [ 103.192812550000042, -0.820511708999959, 0.0 ], [ 103.18996954000005, -0.827267588999973, 0.0 ] ] ] ] } },
{ "type": "Feature", "properties": { "fid": 20174.0, "gid": null, "kdprov": "15", "kdkab": "07", "kdkec": "012", "kddesa": "006", "iddesa": "1507012006", "nmprov": "JAMBI", "nmkab": "TANJUNG JABUNG BARAT", "nmkec": "BATANG ASAM", "nmdesa": "SRI AGUNG", "luas": null, "sumber": null, "periode": null, "layer": null, "path": null, "idkec": "1507012" }, "geometry": { "type": "MultiPolygon", "coordinates": [ [ [ [ 102.92325790600006, -1.047813552999969, 0.0 ], [ 102.923644511000077, -1.047619063999946, 0.0 ], [ 102.924159194000083, -1.047151817999975, 0.0 ], [ 102.923726679000083, -1.046652368999958, 0.0 ], [ 102.923380699000063, -1.04686341699994, 0.0 ], [ 102.922352233000083, -1.045807987999979, 0.0 ], [ 102.922324479000054, -1.045816908999939, 0.0 ], [ 102.922231397000076, -1.045646246999979, 0.0 ], [ 102.922141236000073, -1.045523235999951, 0.0 ], [ 102.921904948000076, -1.045281321999937, 0.0 ], [ 102.921365010000045, -1.045781708999925, 0.0 ], [ 102.920241089000058, -1.04695221399993, 0.0 ], [ 102.919122623000078, -1.045975774999931, 0.0 ], [ 102.918459789000053, -1.046585123999932, 0.0 ], [ 102.917973870000083, -1.046074378999947, 0.0 ], [ 102.917116100000044, -1.04313426899995, 0.0 ], [ 102.916921458000047, -1.04308722199994, 0.0 ], [ 102.916478720000043, -1.042722228999935, 0.0 ], [ 102.916097264000086, -1.042367106999961, 0.0 ], [ 102.914929890000053, -1.041185667999969, 0.0 ], [ 102.914142264000077, -1.04084811499996, 0.0 ], [ 102.913287128000036, -1.040454301999944, 0.0 ], [ 102.912420739000083, -1.039756689999933, 0.0 ], [ 102.911829410000053, -1.039696748999972, 0.0 ], [ 102.911329315000046, -1.039644171999953, 0.0 ], [ 102.914236750000043, -1.034795568999925, 0.0 ], [ 102.917121920000056, -1.029721058999939, 0.0 ], [ 102.917823860000055, -1.029193798999927, 0.0 ], [ 102.918154560000062, -1.028945398999952, 0.0 ], [ 102.919289740000067, -1.028092708999964, 0.0 ], [ 102.921028360000037, -1.02957564899998, 0.0 ], [ 102.922652390000053, -1.031315678999931, 0.0 ], [ 102.921647435000068, -1.032346492999977, 0.0 ], [ 102.923694687000079, -1.03484950099994, 0.0 ], [ 102.923739694000062, -1.034174392999944, 0.0 ], [ 102.924020989000041, -1.033718695999937, 0.0 ], [ 102.92429859300006, -1.033484466999937, 0.0 ], [ 102.925569330000087, -1.034837038999967, 0.0 ], [ 102.926922250000075, -1.036247398999933, 0.0 ], [ 102.928900900000087, -1.038218668999946, 0.0 ], [ 102.930937430000085, -1.040244468999958, 0.0 ], [ 102.93147530300007, -1.040796074999946, 0.0 ], [ 102.932914312000037, -1.041424276999976, 0.0 ], [ 102.934233770000048, -1.04200028899993, 0.0 ], [ 102.93487169000008, -1.041654298999958, 0.0 ], [ 102.935565331000078, -1.041353038999944, 0.0 ], [ 102.936546590000034, -1.039469028999974, 0.0 ], [ 102.937545647000036, -1.039946563999933, 0.0 ], [ 102.939210913000068, -1.039564002999953, 0.0 ], [ 102.94083117100007, -1.039316463999967, 0.0 ], [ 102.943711631000042, -1.039980319999927, 0.0 ], [ 102.943756638000082, -1.040475398999945, 0.0 ], [ 102.945455659000061, -1.040385383999933, 0.0 ], [ 102.94709877300005, -1.04026302099993, 0.0 ], [ 102.949821707000069, -1.039677927999946, 0.0 ], [ 102.960749260000057, -1.039335328999925, 0.0 ], [ 102.960743895000064, -1.040289512999948, 0.0 ], [ 102.96035652900008, -1.044439869999962, 0.0 ], [ 102.960411867000062, -1.04598933699998, 0.0 ], [ 102.960799234000035, -1.047704817999943, 0.0 ], [ 102.960854572000073, -1.049198945999933, 0.0 ], [ 102.961131262000038, -1.050084355999957, 0.0 ], [ 102.961795319000032, -1.051191117999963, 0.0 ], [ 102.962016672000061, -1.05218720299996, 0.0 ], [ 102.962238024000044, -1.054290050999953, 0.0 ], [ 102.962238024000044, -1.055839517999971, 0.0 ], [ 102.962182686000062, -1.056780264999929, 0.0 ], [ 102.961573967000049, -1.057776350999973, 0.0 ], [ 102.961716077000062, -1.059387526999956, 0.0 ], [ 102.960838691000049, -1.059271827999964, 0.0 ], [ 102.959739547000083, -1.059618925999928, 0.0 ], [ 102.959257466000054, -1.059859965999976, 0.0 ], [ 102.958900726000081, -1.060293838999939, 0.0 ], [ 102.95861147800008, -1.060910901999932, 0.0 ], [ 102.958351667000045, -1.061444998999946, 0.0 ], [ 102.955374930000062, -1.06006341899996, 0.0 ], [ 102.953587860000084, -1.059862348999957, 0.0 ], [ 102.952474310000071, -1.059737058999929, 0.0 ], [ 102.949180290000072, -1.059864048999941, 0.0 ], [ 102.947507581000082, -1.059764518999941, 0.0 ], [ 102.947245, -1.059351665999941, 0.0 ], [ 102.944982111000058, -1.058860214999925, 0.0 ], [ 102.942921828000067, -1.058412765999947, 0.0 ], [ 102.941516730000046, -1.058107608999933, 0.0 ], [ 102.940198498000086, -1.05566393099997, 0.0 ], [ 102.939742912000042, -1.055379807999941, 0.0 ], [ 102.939138128000081, -1.055340426999976, 0.0 ], [ 102.937202819000049, -1.055835505999937, 0.0 ], [ 102.93409732300006, -1.054912858999955, 0.0 ], [ 102.933090288000074, -1.054912858999955, 0.0 ], [ 102.932707727000036, -1.054654066999944, 0.0 ], [ 102.932454638000081, -1.054822538999929, 0.0 ], [ 102.928614677000041, -1.051337531999934, 0.0 ], [ 102.928494281000042, -1.051469808999968, 0.0 ], [ 102.928007641000079, -1.051744774999975, 0.0 ], [ 102.927411296000059, -1.051941681999949, 0.0 ], [ 102.926820576000068, -1.05187979699997, 0.0 ], [ 102.926196102000063, -1.051615378999941, 0.0 ], [ 102.92602310500007, -1.051530990999936, 0.0 ], [ 102.925187632000075, -1.051271725999925, 0.0 ], [ 102.924522250000052, -1.051082789999953, 0.0 ], [ 102.924371190000045, -1.049879498999928, 0.0 ], [ 102.924275561000059, -1.049753910999925, 0.0 ], [ 102.924056502000042, -1.049593571999935, 0.0 ], [ 102.923731230000044, -1.049303922999968, 0.0 ], [ 102.923273096000059, -1.048895960999971, 0.0 ], [ 102.922851154000057, -1.048502147999955, 0.0 ], [ 102.922591640000064, -1.048266634999948, 0.0 ], [ 102.922712390000072, -1.048216759999946, 0.0 ], [ 102.92325790600006, -1.047813552999969, 0.0 ] ] ] ] } },
{ "type": "Feature", "properties": { "fid": 20678.0, "gid": null, "kdprov": "15", "kdkab": "07", "kdkec": "020", "kddesa": "015", "iddesa": "1507020015", "nmprov": "JAMBI", "nmkab": "TANJUNG JABUNG BARAT", "nmkec": "PENGABUAN", "nmdesa": "SUNGAI RAYA", "luas": null, "sumber": null, "periode": null, "layer": null, "path": null, "idkec": "1507020" }, "geometry": { "type": "MultiPolygon", "coordinates": [ [ [ [ 103.270517740000059, -0.84291481899993, 0.0 ], [ 103.270096690000059, -0.843074368999964, 0.0 ], [ 103.269995189000042, -0.843112831999974, 0.0 ], [ 103.268090340000072, -0.843834668999932, 0.0 ], [ 103.267601440000078, -0.842446828999925, 0.0 ], [ 103.265041670000073, -0.838124688999926, 0.0 ], [ 103.264183140000057, -0.834757638999974, 0.0 ], [ 103.261604370000043, -0.831870778999928, 0.0 ], [ 103.26162699200006, -0.831764737999947, 0.0 ], [ 103.262168730000042, -0.829225324999925, 0.0 ], [ 103.262178890000087, -0.829177698999956, 0.0 ], [ 103.262098110000068, -0.829038168999944, 0.0 ], [ 103.261880761000043, -0.828332445999933, 0.0 ], [ 103.261405202000049, -0.826788330999932, 0.0 ], [ 103.261045695000064, -0.827014067999926, 0.0 ], [ 103.260451719000059, -0.82714606299993, 0.0 ], [ 103.259752147000086, -0.826868873999956, 0.0 ], [ 103.25884138400005, -0.82676327799993, 0.0 ], [ 103.257759028000066, -0.826604884999938, 0.0 ], [ 103.257620256000052, -0.826445214999978, 0.0 ], [ 103.257868838000036, -0.825613748999956, 0.0 ], [ 103.257380245000036, -0.82520230199998, 0.0 ], [ 103.257882077000033, -0.824220047999972, 0.0 ], [ 103.258058234000032, -0.824057241999981, 0.0 ], [ 103.257805759000064, -0.823765925999965, 0.0 ], [ 103.253536160000067, -0.817390588999956, 0.0 ], [ 103.252880005000065, -0.81567644699993, 0.0 ], [ 103.251330408000058, -0.811628274999975, 0.0 ], [ 103.251197670000067, -0.811281508999969, 0.0 ], [ 103.25119542300007, -0.811263983999936, 0.0 ], [ 103.249483370000064, -0.797910378999973, 0.0 ], [ 103.249128720000044, -0.793784208999966, 0.0 ], [ 103.250168059000032, -0.794068000999971, 0.0 ], [ 103.251753620000045, -0.794500938999931, 0.0 ], [ 103.256438250000087, -0.795335216999945, 0.0 ], [ 103.256543210000075, -0.795353908999971, 0.0 ], [ 103.256543300000033, -0.79535392899993, 0.0 ], [ 103.257829160000085, -0.795448628999964, 0.0 ], [ 103.257874410000056, -0.795451958999934, 0.0 ], [ 103.26005342600007, -0.795612417999962, 0.0 ], [ 103.260418200000061, -0.795639278999943, 0.0 ], [ 103.260418380000033, -0.795639298999959, 0.0 ], [ 103.261565476000044, -0.795478134999939, 0.0 ], [ 103.263941360000047, -0.795144328999925, 0.0 ], [ 103.264975750000076, -0.795141918999946, 0.0 ], [ 103.265004730000044, -0.795161558999951, 0.0 ], [ 103.265121067000052, -0.795240412999931, 0.0 ], [ 103.268497620000062, -0.79752906899995, 0.0 ], [ 103.272528770000065, -0.801675028999966, 0.0 ], [ 103.272622800000079, -0.801771728999938, 0.0 ], [ 103.272623510000074, -0.801772558999971, 0.0 ], [ 103.272624250000035, -0.801773308999941, 0.0 ], [ 103.272766710000042, -0.801938098999926, 0.0 ], [ 103.275633150000033, -0.805253988999937, 0.0 ], [ 103.275813460000052, -0.805385108999928, 0.0 ], [ 103.275918102000048, -0.805461200999957, 0.0 ], [ 103.275949990000072, -0.805484388999957, 0.0 ], [ 103.275953315000038, -0.805486806999966, 0.0 ], [ 103.279295360000049, -0.807917098999951, 0.0 ], [ 103.282394210000064, -0.810826298999928, 0.0 ], [ 103.284288590000074, -0.812208428999952, 0.0 ], [ 103.284296760000075, -0.812214388999962, 0.0 ], [ 103.284436820000053, -0.812316578999969, 0.0 ], [ 103.285518490000072, -0.812680038999929, 0.0 ], [ 103.286848320000047, -0.81237417899996, 0.0 ], [ 103.286849679000056, -0.812386777999961, 0.0 ], [ 103.286906440000052, -0.812912938999943, 0.0 ], [ 103.287070030000052, -0.813117628999976, 0.0 ], [ 103.287109200000032, -0.813282068999968, 0.0 ], [ 103.287083990000042, -0.813606488999937, 0.0 ], [ 103.287249510000038, -0.813901598999962, 0.0 ], [ 103.28732406000006, -0.813968748999969, 0.0 ], [ 103.287836200000072, -0.814006768999946, 0.0 ], [ 103.288683190000086, -0.814430478999952, 0.0 ], [ 103.288710390000062, -0.815088468999932, 0.0 ], [ 103.289383290000046, -0.815232488999925, 0.0 ], [ 103.289938680000034, -0.814709658999959, 0.0 ], [ 103.291856920000043, -0.815429718999951, 0.0 ], [ 103.292103594000082, -0.816506812999933, 0.0 ], [ 103.292155310000055, -0.816732628999944, 0.0 ], [ 103.291950670000062, -0.817103248999956, 0.0 ], [ 103.291984330000048, -0.817556238999941, 0.0 ], [ 103.292156080000041, -0.817814858999952, 0.0 ], [ 103.292082360000052, -0.818183398999963, 0.0 ], [ 103.291659630000083, -0.818727658999933, 0.0 ], [ 103.291270510000061, -0.819201628999963, 0.0 ], [ 103.291114250000078, -0.819691908999971, 0.0 ], [ 103.291282430000081, -0.820197268999948, 0.0 ], [ 103.291962400000045, -0.820971448999956, 0.0 ], [ 103.293132110000045, -0.821477978999951, 0.0 ], [ 103.293741870000076, -0.821771608999939, 0.0 ], [ 103.294789690000073, -0.822392258999969, 0.0 ], [ 103.294865710000067, -0.822203868999964, 0.0 ], [ 103.294789730000048, -0.822392258999969, 0.0 ], [ 103.294168300000081, -0.823465638999949, 0.0 ], [ 103.293566940000062, -0.824504378999961, 0.0 ], [ 103.293183750000082, -0.825157888999968, 0.0 ], [ 103.289626861000045, -0.831223870999963, 0.0 ], [ 103.289583666000055, -0.831297535999965, 0.0 ], [ 103.289461561000053, -0.831187357999966, 0.0 ], [ 103.289445016000059, -0.831216862999952, 0.0 ], [ 103.288763217000053, -0.83243065399995, 0.0 ], [ 103.284807276000038, -0.836475400999973, 0.0 ], [ 103.284908038000083, -0.836617348999937, 0.0 ], [ 103.283628530000044, -0.837946508999948, 0.0 ], [ 103.28271828000004, -0.838291448999939, 0.0 ], [ 103.282501940000088, -0.838373428999944, 0.0 ], [ 103.280388900000048, -0.839174181999965, 0.0 ], [ 103.279189682000037, -0.83962863499994, 0.0 ], [ 103.276683186000071, -0.840578490999974, 0.0 ], [ 103.276628410000058, -0.840599248999979, 0.0 ], [ 103.273907640000061, -0.841630258999942, 0.0 ], [ 103.271965919000081, -0.842366049999953, 0.0 ], [ 103.270517740000059, -0.84291481899993, 0.0 ] ] ] ] } },
{ "type": "Feature", "properties": { "fid": 20520.0, "gid": null, "kdprov": "15", "kdkab": "07", "kdkec": "015", "kddesa": "001", "iddesa": "1507015001", "nmprov": "JAMBI", "nmkab": "TANJUNG JABUNG BARAT", "nmkec": "MUARA PAPALIK", "nmdesa": "INTAN JAYA", "luas": null, "sumber": null, "periode": null, "layer": null, "path": null, "idkec": "1507015" }, "geometry": { "type": "MultiPolygon", "coordinates": [ [ [ [ 103.147555720000071, -1.367796938999959, 0.0 ], [ 103.146239870000045, -1.368409698999926, 0.0 ], [ 103.144358050000051, -1.370334198999956, 0.0 ], [ 103.140993840000078, -1.374082998999938, 0.0 ], [ 103.139736810000045, -1.376522358999978, 0.0 ], [ 103.136971440000082, -1.380498888999966, 0.0 ], [ 103.134590400000036, -1.382422958999939, 0.0 ], [ 103.132542550000039, -1.383840078999924, 0.0 ], [ 103.13082699000006, -1.385908208999979, 0.0 ], [ 103.130775910000068, -1.385971868999945, 0.0 ], [ 103.130771650000042, -1.385977168999943, 0.0 ], [ 103.13067379000006, -1.386099118999937, 0.0 ], [ 103.130669440000077, -1.386104538999973, 0.0 ], [ 103.129665050000085, -1.387356108999938, 0.0 ], [ 103.124751080000067, -1.38190366799995, 0.0 ], [ 103.123689310000032, -1.38065495799998, 0.0 ], [ 103.122994170000084, -1.379954237999925, 0.0 ], [ 103.110937470000067, -1.366576357999975, 0.0 ], [ 103.113066030000084, -1.364743027999964, 0.0 ], [ 103.103354340000067, -1.354673637999952, 0.0 ], [ 103.104945390000069, -1.354958347999968, 0.0 ], [ 103.104125071000055, -1.353121656999974, 0.0 ], [ 103.101764580000065, -1.347836527999959, 0.0 ], [ 103.099563175000071, -1.347006345999944, 0.0 ], [ 103.098133895000046, -1.346467343999961, 0.0 ], [ 103.09655070000008, -1.345870297999966, 0.0 ], [ 103.093365230000074, -1.346548957999971, 0.0 ], [ 103.092712837000079, -1.345358887999964, 0.0 ], [ 103.09229915700007, -1.34460427099998, 0.0 ], [ 103.091516410000054, -1.343176415999949, 0.0 ], [ 103.091488470000058, -1.343125448999956, 0.0 ], [ 103.090830779000044, -1.33862303899997, 0.0 ], [ 103.090540440000041, -1.336635438999963, 0.0 ], [ 103.081772510000064, -1.335658948999935, 0.0 ], [ 103.079534389000059, -1.334333963999939, 0.0 ], [ 103.080192838000073, -1.332825903999947, 0.0 ], [ 103.073465700000042, -1.331675965999978, 0.0 ], [ 103.072608320000086, -1.331356828999958, 0.0 ], [ 103.073145520000082, -1.33049417899997, 0.0 ], [ 103.073824130000048, -1.329404428999965, 0.0 ], [ 103.073814010000035, -1.329403738999929, 0.0 ], [ 103.074191270000085, -1.328799218999961, 0.0 ], [ 103.074197930000082, -1.328788548999967, 0.0 ], [ 103.074389330000088, -1.328481858999965, 0.0 ], [ 103.074389710000048, -1.328481238999927, 0.0 ], [ 103.074391070000047, -1.328479068999968, 0.0 ], [ 103.074410680000085, -1.328447648999941, 0.0 ], [ 103.074436140000046, -1.328406848999975, 0.0 ], [ 103.074453320000032, -1.328379308999956, 0.0 ], [ 103.07467347000005, -1.328026558999966, 0.0 ], [ 103.074702370000068, -1.32798024899995, 0.0 ], [ 103.075669290000064, -1.326430868999978, 0.0 ], [ 103.07579110000006, -1.326235668999971, 0.0 ], [ 103.078396700000042, -1.322060478999958, 0.0 ], [ 103.078477110000051, -1.321884728999976, 0.0 ], [ 103.078564120000067, -1.321694098999956, 0.0 ], [ 103.080059954000035, -1.318418562999966, 0.0 ], [ 103.080654510000045, -1.318531811999947, 0.0 ], [ 103.081135818000064, -1.318361938999942, 0.0 ], [ 103.081447252000032, -1.318135440999924, 0.0 ], [ 103.081900248000068, -1.318050503999928, 0.0 ], [ 103.082155058000069, -1.318361938999942, 0.0 ], [ 103.082777927000052, -1.318361938999942, 0.0 ], [ 103.083117673000061, -1.318192065999938, 0.0 ], [ 103.083315859000038, -1.318163752999965, 0.0 ], [ 103.08354120000007, -1.318075748999945, 0.0 ], [ 103.084133144000077, -1.319924561999926, 0.0 ], [ 103.084572770000079, -1.319909798999959, 0.0 ], [ 103.084975354000051, -1.319994055999928, 0.0 ], [ 103.085155289000056, -1.320031713999924, 0.0 ], [ 103.08749191000004, -1.320520744999953, 0.0 ], [ 103.088610243000062, -1.320350871999949, 0.0 ], [ 103.089601170000037, -1.319798783999943, 0.0 ], [ 103.091342372000042, -1.319473192999965, 0.0 ], [ 103.09511075000006, -1.314605308999944, 0.0 ], [ 103.108280570000034, -1.317812508999964, 0.0 ], [ 103.110345222000035, -1.321030027999939, 0.0 ], [ 103.113996143000065, -1.326719563999973, 0.0 ], [ 103.114320200000066, -1.327224568999952, 0.0 ], [ 103.114329550000036, -1.327239138999971, 0.0 ], [ 103.122988110000051, -1.340732548999938, 0.0 ], [ 103.147165370000039, -1.367366907999951, 0.0 ], [ 103.147555720000071, -1.367796938999959, 0.0 ] ] ] ] } },
{ "type": "Feature", "properties": { "fid": 21050.0, "gid": null, "kdprov": "15", "kdkab": "07", "kdkec": "013", "kddesa": "001", "iddesa": "1507013001", "nmprov": "JAMBI", "nmkab": "TANJUNG JABUNG BARAT", "nmkec": "TEBING TINGGI", "nmdesa": "PURWODADI", "luas": null, "sumber": null, "periode": null, "layer": null, "path": null, "idkec": "1507013" }, "geometry": { "type": "MultiPolygon", "coordinates": [ [ [ [ 103.149583150000069, -1.142725278999933, 0.0 ], [ 103.149344960000064, -1.142742798999961, 0.0 ], [ 103.146950285000059, -1.14291889499998, 0.0 ], [ 103.146274240000082, -1.142968608999979, 0.0 ], [ 103.145628455000065, -1.14301609499995, 0.0 ], [ 103.143764320000059, -1.143153168999959, 0.0 ], [ 103.140954229000045, -1.14335979699996, 0.0 ], [ 103.130173410000054, -1.144152518999931, 0.0 ], [ 103.130167580000034, -1.143888978999939, 0.0 ], [ 103.130002341000079, -1.136414697999953, 0.0 ], [ 103.129405980000058, -1.109439388999931, 0.0 ], [ 103.119460361000051, -1.099354680999966, 0.0 ], [ 103.119461009000077, -1.099330051999971, 0.0 ], [ 103.119509311000058, -1.097494583999946, 0.0 ], [ 103.13254222900008, -1.098227302999931, 0.0 ], [ 103.131759030000069, -1.097028029999933, 0.0 ], [ 103.125175265000053, -1.088498504999961, 0.0 ], [ 103.123284574000081, -1.088217042999929, 0.0 ], [ 103.120812603000047, -1.085989820999941, 0.0 ], [ 103.121228604000066, -1.084641150999971, 0.0 ], [ 103.120678484000052, -1.081990806999954, 0.0 ], [ 103.12048330500005, -1.08174601199994, 0.0 ], [ 103.120665753000083, -1.078601441999979, 0.0 ], [ 103.120861553000054, -1.075248371999976, 0.0 ], [ 103.120959453000069, -1.072091101999945, 0.0 ], [ 103.120948755000086, -1.069475483999952, 0.0 ], [ 103.120947215000058, -1.069099037999933, 0.0 ], [ 103.120944156000064, -1.06615898299998, 0.0 ], [ 103.120942779000075, -1.06610171799997, 0.0 ], [ 103.120870731000082, -1.06310573199994, 0.0 ], [ 103.120785069000078, -1.060223804999964, 0.0 ], [ 103.120748356000036, -1.057139958999926, 0.0 ], [ 103.120797306000043, -1.053334102999941, 0.0 ], [ 103.120796446000043, -1.05037215599998, 0.0 ], [ 103.120760827000083, -1.046181347999948, 0.0 ], [ 103.124601812000037, -1.046190814999932, 0.0 ], [ 103.125652436000053, -1.045463341999948, 0.0 ], [ 103.126656, -1.046156819999965, 0.0 ], [ 103.129373652000083, -1.044520467999973, 0.0 ], [ 103.135023809000074, -1.044242443999963, 0.0 ], [ 103.140050952000081, -1.044217759999924, 0.0 ], [ 103.140503564000085, -1.044215537999946, 0.0 ], [ 103.141451492000044, -1.044263704999935, 0.0 ], [ 103.143297842000038, -1.044357522999974, 0.0 ], [ 103.143304460000081, -1.044357858999945, 0.0 ], [ 103.144892968000079, -1.044327473999942, 0.0 ], [ 103.146009900000081, -1.044306108999933, 0.0 ], [ 103.146079121000071, -1.044293035999942, 0.0 ], [ 103.147344290000035, -1.04405410499993, 0.0 ], [ 103.159043703000066, -1.04446665699993, 0.0 ], [ 103.165523447000055, -1.044663963999938, 0.0 ], [ 103.169402324000032, -1.044825396999954, 0.0 ], [ 103.173581647000049, -1.045040640999957, 0.0 ], [ 103.179003107000085, -1.045345569999938, 0.0 ], [ 103.182623358000058, -1.045429436999939, 0.0 ], [ 103.183456980000074, -1.047705228999973, 0.0 ], [ 103.183651220000058, -1.048235508999937, 0.0 ], [ 103.185207308000088, -1.052483673999973, 0.0 ], [ 103.185526340000081, -1.053354638999963, 0.0 ], [ 103.186664290000067, -1.056461328999944, 0.0 ], [ 103.188662572000055, -1.061916788999952, 0.0 ], [ 103.194795420000048, -1.078659928999969, 0.0 ], [ 103.195556446000069, -1.085316276999947, 0.0 ], [ 103.19085894300008, -1.085237869999958, 0.0 ], [ 103.190830131000041, -1.089790088999962, 0.0 ], [ 103.190822045000061, -1.091067661999944, 0.0 ], [ 103.190805177000072, -1.092008093999937, 0.0 ], [ 103.190683856000078, -1.098771712999962, 0.0 ], [ 103.18792183000005, -1.097070428999928, 0.0 ], [ 103.170196900000064, -1.096638128999928, 0.0 ], [ 103.170032440000057, -1.10086857899995, 0.0 ], [ 103.167241180000076, -1.100874418999979, 0.0 ], [ 103.169836690000068, -1.103851898999949, 0.0 ], [ 103.170781767000051, -1.108855326999958, 0.0 ], [ 103.170936035000068, -1.10964004899995, 0.0 ], [ 103.170931486000086, -1.109647971999948, 0.0 ], [ 103.171203827000056, -1.111089795999931, 0.0 ], [ 103.171346240000048, -1.111843758999953, 0.0 ], [ 103.171396822000077, -1.114463993999948, 0.0 ], [ 103.171466140000064, -1.118054728999937, 0.0 ], [ 103.170137130000057, -1.120249308999973, 0.0 ], [ 103.167228449000049, -1.120809291999933, 0.0 ], [ 103.166333686000087, -1.120763169999975, 0.0 ], [ 103.165752552000072, -1.121648708999942, 0.0 ], [ 103.165637824000044, -1.12224367999994, 0.0 ], [ 103.165702395000039, -1.123915593999925, 0.0 ], [ 103.165720843000088, -1.124300710999933, 0.0 ], [ 103.163932471000066, -1.124323771999968, 0.0 ], [ 103.162834773000043, -1.124342220999949, 0.0 ], [ 103.161778584000047, -1.124337607999962, 0.0 ], [ 103.162441782000087, -1.127317025999957, 0.0 ], [ 103.162397911000085, -1.133244053999931, 0.0 ], [ 103.163049460000082, -1.133157538999967, 0.0 ], [ 103.164170495000064, -1.136291516999961, 0.0 ], [ 103.164510939000081, -1.137243262999959, 0.0 ], [ 103.164523260000067, -1.137277708999932, 0.0 ], [ 103.164892802000054, -1.13831081099994, 0.0 ], [ 103.165167820000079, -1.139079658999947, 0.0 ], [ 103.165471443000058, -1.140455988999975, 0.0 ], [ 103.165687405000085, -1.14143495199994, 0.0 ], [ 103.166997264000088, -1.141444659999934, 0.0 ], [ 103.166997264000088, -1.142689464999933, 0.0 ], [ 103.165779010000051, -1.142767188999926, 0.0 ], [ 103.157963770000038, -1.142822388999946, 0.0 ], [ 103.157723847000057, -1.142819608999957, 0.0 ], [ 103.149583150000069, -1.142725278999933, 0.0 ] ] ] ] } },
{ "type": "Feature", "properties": { "fid": 20739.0, "gid": null, "kdprov": "15", "kdkab": "07", "kdkec": "020", "kddesa": "016", "iddesa": "1507020016", "nmprov": "JAMBI", "nmkab": "TANJUNG JABUNG BARAT", "nmkec": "PENGABUAN", "nmdesa": "SUNGAI BAUNG", "luas": null, "sumber": null, "periode": null, "layer": null, "path": null, "idkec": "1507020" }, "geometry": { "type": "MultiPolygon", "coordinates": [ [ [ [ 103.272151930000064, -0.945556318999934, 0.0 ], [ 103.27044047000004, -0.946376178999969, 0.0 ], [ 103.268090640000082, -0.948403108999969, 0.0 ], [ 103.264932700000088, -0.951127098999962, 0.0 ], [ 103.263662990000057, -0.952222328999937, 0.0 ], [ 103.263648820000071, -0.952234551999936, 0.0 ], [ 103.262664820000055, -0.95308334899994, 0.0 ], [ 103.26266441000007, -0.953083678999974, 0.0 ], [ 103.26097887800006, -0.95444099599996, 0.0 ], [ 103.257393793000062, -0.957327977999967, 0.0 ], [ 103.256171510000058, -0.958312252999974, 0.0 ], [ 103.253227020000054, -0.960683378999931, 0.0 ], [ 103.253227430000038, -0.960682598999938, 0.0 ], [ 103.251839780000068, -0.957336478999935, 0.0 ], [ 103.248494, -0.94926862899996, 0.0 ], [ 103.243797280000081, -0.942607668999926, 0.0 ], [ 103.24352698000007, -0.942224318999934, 0.0 ], [ 103.242804010000043, -0.937538568999969, 0.0 ], [ 103.242794910000043, -0.937479358999951, 0.0 ], [ 103.24282063000004, -0.929006998999967, 0.0 ], [ 103.24282560000006, -0.927651518999937, 0.0 ], [ 103.242825620000076, -0.927644218999944, 0.0 ], [ 103.247415930000045, -0.919705748999945, 0.0 ], [ 103.242825080000046, -0.919703478999963, 0.0 ], [ 103.240259090000052, -0.91673936899997, 0.0 ], [ 103.238980200000071, -0.915262048999978, 0.0 ], [ 103.239005500000076, -0.913591768999936, 0.0 ], [ 103.239120720000074, -0.906803338999964, 0.0 ], [ 103.23912473300004, -0.906799221999961, 0.0 ], [ 103.239179750000062, -0.906742778999956, 0.0 ], [ 103.239438240000084, -0.906477588999962, 0.0 ], [ 103.247979570000041, -0.897714898999936, 0.0 ], [ 103.251282510000067, -0.899748908999925, 0.0 ], [ 103.251735530000076, -0.897631468999975, 0.0 ], [ 103.251977910000051, -0.896512488999974, 0.0 ], [ 103.251748830000054, -0.895360718999939, 0.0 ], [ 103.250038440000083, -0.89445552899997, 0.0 ], [ 103.249570820000088, -0.892973688999973, 0.0 ], [ 103.249045900000056, -0.891385998999965, 0.0 ], [ 103.249058200000036, -0.889821328999972, 0.0 ], [ 103.249076080000066, -0.888776378999978, 0.0 ], [ 103.249081930000045, -0.888763528999959, 0.0 ], [ 103.250412890000064, -0.885856598999965, 0.0 ], [ 103.248342540000067, -0.881822778999947, 0.0 ], [ 103.249137930000074, -0.87985810899994, 0.0 ], [ 103.249956140000052, -0.877837048999936, 0.0 ], [ 103.249404710000078, -0.87533364899997, 0.0 ], [ 103.245584980000046, -0.87018650899995, 0.0 ], [ 103.244807070000036, -0.866570728999932, 0.0 ], [ 103.244739697000057, -0.866257579999967, 0.0 ], [ 103.244298350000065, -0.864206188999958, 0.0 ], [ 103.244353300000057, -0.863893558999962, 0.0 ], [ 103.244436860000064, -0.863418228999933, 0.0 ], [ 103.245127560000071, -0.863511258999949, 0.0 ], [ 103.245306680000056, -0.863385138999945, 0.0 ], [ 103.245583360000069, -0.863171358999978, 0.0 ], [ 103.24548961000005, -0.862353538999969, 0.0 ], [ 103.245751090000056, -0.862049878999926, 0.0 ], [ 103.245913140000084, -0.861861708999925, 0.0 ], [ 103.245925980000038, -0.86185398899994, 0.0 ], [ 103.246327850000057, -0.861612458999957, 0.0 ], [ 103.246417847000032, -0.86155836699993, 0.0 ], [ 103.247169280000037, -0.861106728999971, 0.0 ], [ 103.247551530000067, -0.860683858999948, 0.0 ], [ 103.248311650000062, -0.859794308999938, 0.0 ], [ 103.248030880000044, -0.859051818999944, 0.0 ], [ 103.247450260000051, -0.857516378999946, 0.0 ], [ 103.248033750000047, -0.856095018999952, 0.0 ], [ 103.248100633000035, -0.855935034999959, 0.0 ], [ 103.248374239000043, -0.855280565999976, 0.0 ], [ 103.24847548300005, -0.855038387999969, 0.0 ], [ 103.248757170000033, -0.854364588999942, 0.0 ], [ 103.249591690000045, -0.853766408999945, 0.0 ], [ 103.250983920000067, -0.852768458999947, 0.0 ], [ 103.251119340000059, -0.851186618999975, 0.0 ], [ 103.251052780000066, -0.851109988999951, 0.0 ], [ 103.250472870000067, -0.850469818999954, 0.0 ], [ 103.250490930000069, -0.85046301899996, 0.0 ], [ 103.252786521000075, -0.849600542999951, 0.0 ], [ 103.254321730000072, -0.849020258999929, 0.0 ], [ 103.254583322000087, -0.848921737999945, 0.0 ], [ 103.254586332000088, -0.848920603999943, 0.0 ], [ 103.255444486000044, -0.848597406999943, 0.0 ], [ 103.256510760000083, -0.848195828999962, 0.0 ], [ 103.258880808000072, -0.847304591999944, 0.0 ], [ 103.263320574000034, -0.845631089999927, 0.0 ], [ 103.263329472000066, -0.845627738999951, 0.0 ], [ 103.263889630000051, -0.845416768999939, 0.0 ], [ 103.265478730000041, -0.844818268999973, 0.0 ], [ 103.268737300000055, -0.852090178999958, 0.0 ], [ 103.27350972000005, -0.86231074899996, 0.0 ], [ 103.275445660000059, -0.866793648999931, 0.0 ], [ 103.276611260000038, -0.87012625899996, 0.0 ], [ 103.277454070000033, -0.873240408999948, 0.0 ], [ 103.277493820000075, -0.876091468999959, 0.0 ], [ 103.277491900000086, -0.880264738999927, 0.0 ], [ 103.277529727000058, -0.882757608999952, 0.0 ], [ 103.277369130000068, -0.88317882299998, 0.0 ], [ 103.277312780000045, -0.884796061999964, 0.0 ], [ 103.277374765000047, -0.88630623499995, 0.0 ], [ 103.277424540000084, -0.886997245999964, 0.0 ], [ 103.277539588000081, -0.888601079999944, 0.0 ], [ 103.277634703000047, -0.889748631999964, 0.0 ], [ 103.277863599000057, -0.892514571999925, 0.0 ], [ 103.278073502000041, -0.892490622999958, 0.0 ], [ 103.280488090000063, -0.915656013999978, 0.0 ], [ 103.281040770000061, -0.927659908999942, 0.0 ], [ 103.281076850000034, -0.929341868999927, 0.0 ], [ 103.281152070000076, -0.932848548999971, 0.0 ], [ 103.281162840000036, -0.933350588999929, 0.0 ], [ 103.281208960000072, -0.935500728999955, 0.0 ], [ 103.281248210000058, -0.937330288999931, 0.0 ], [ 103.281309710000073, -0.940197118999947, 0.0 ], [ 103.280446180000069, -0.940893138999968, 0.0 ], [ 103.278336310000043, -0.942593748999968, 0.0 ], [ 103.274516260000041, -0.944423698999969, 0.0 ], [ 103.272527522000075, -0.945376388999932, 0.0 ], [ 103.272506940000085, -0.945386248999966, 0.0 ], [ 103.272151930000064, -0.945556318999934, 0.0 ] ] ] ] } },
{ "type": "Feature", "properties": { "fid": 20696.0, "gid": null, "kdprov": "15", "kdkab": "07", "kdkec": "020", "kddesa": "013", "iddesa": "1507020013", "nmprov": "JAMBI", "nmkab": "TANJUNG JABUNG BARAT", "nmkec": "PENGABUAN", "nmdesa": "SUNGAI PAMPANG", "luas": null, "sumber": null, "periode": null, "layer": null, "path": null, "idkec": "1507020" }, "geometry": { "type": "MultiPolygon", "coordinates": [ [ [ [ 103.228488180000056, -0.817790378999973, 0.0 ], [ 103.227356680000071, -0.820323608999956, 0.0 ], [ 103.223958080000045, -0.82543802899994, 0.0 ], [ 103.222474110000064, -0.828282469999976, 0.0 ], [ 103.218649894000066, -0.83561264399998, 0.0 ], [ 103.218647940000039, -0.835616388999938, 0.0 ], [ 103.216615750000074, -0.839345718999937, 0.0 ], [ 103.215339430000085, -0.840952938999976, 0.0 ], [ 103.212547560000075, -0.842253968999955, 0.0 ], [ 103.212336, -0.841479810999942, 0.0 ], [ 103.212081700000056, -0.840549258999943, 0.0 ], [ 103.211767423000083, -0.839399233999927, 0.0 ], [ 103.211211780000042, -0.837365988999977, 0.0 ], [ 103.211202280000066, -0.837351678999937, 0.0 ], [ 103.210938487000078, -0.836954312999978, 0.0 ], [ 103.208127431000037, -0.832674654999948, 0.0 ], [ 103.208111236000036, -0.832695464999972, 0.0 ], [ 103.208017310000059, -0.832553978999954, 0.0 ], [ 103.207970449000072, -0.832516501999976, 0.0 ], [ 103.207739013000037, -0.832331413999952, 0.0 ], [ 103.204993330000036, -0.830135588999951, 0.0 ], [ 103.208280560000048, -0.821939848999932, 0.0 ], [ 103.214289595000082, -0.809634461999963, 0.0 ], [ 103.214654010000061, -0.808844148999924, 0.0 ], [ 103.216158890000088, -0.809526638999955, 0.0 ], [ 103.216159016000063, -0.809526353999956, 0.0 ], [ 103.218782779000037, -0.803612114999964, 0.0 ], [ 103.221589528000038, -0.797285406999947, 0.0 ], [ 103.222827450000068, -0.794494998999937, 0.0 ], [ 103.224782280000056, -0.788703268999939, 0.0 ], [ 103.225792454000043, -0.786177144999954, 0.0 ], [ 103.22677678000008, -0.783715658999938, 0.0 ], [ 103.232652180000059, -0.769926848999944, 0.0 ], [ 103.233279608000032, -0.768531468999925, 0.0 ], [ 103.23462079400008, -0.765602573999956, 0.0 ], [ 103.235001286000056, -0.765759906999961, 0.0 ], [ 103.23566990900008, -0.766036381999925, 0.0 ], [ 103.236792035000065, -0.766500380999958, 0.0 ], [ 103.237467004000052, -0.766699803999927, 0.0 ], [ 103.237550842000076, -0.766724573999966, 0.0 ], [ 103.23825168500008, -0.766931641999975, 0.0 ], [ 103.238769709000053, -0.767154854999944, 0.0 ], [ 103.23927178200006, -0.767371194999953, 0.0 ], [ 103.240523522000046, -0.768106402999933, 0.0 ], [ 103.240630561000046, -0.768169271999966, 0.0 ], [ 103.241581273000065, -0.768598023999971, 0.0 ], [ 103.242146042000059, -0.768852723999942, 0.0 ], [ 103.241962624000053, -0.770043064999925, 0.0 ], [ 103.240930672000047, -0.776740218999976, 0.0 ], [ 103.239690019000079, -0.784791795999979, 0.0 ], [ 103.238112313000045, -0.789870684999926, 0.0 ], [ 103.236536794000074, -0.794236579999961, 0.0 ], [ 103.23978764800006, -0.795679213999961, 0.0 ], [ 103.238124090000042, -0.798928948999958, 0.0 ], [ 103.236717682000062, -0.80124473199993, 0.0 ], [ 103.23634865300005, -0.801852371999928, 0.0 ], [ 103.235143580000056, -0.80383663899994, 0.0 ], [ 103.229510460000085, -0.81550165799996, 0.0 ], [ 103.228853281000056, -0.816972975999931, 0.0 ], [ 103.228488180000056, -0.817790378999973, 0.0 ] ] ] ] } },
{ "type": "Feature", "properties": { "fid": 20642.0, "gid": null, "kdprov": "15", "kdkab": "07", "kdkec": "020", "kddesa": "014", "iddesa": "1507020014", "nmprov": "JAMBI", "nmkab": "TANJUNG JABUNG BARAT", "nmkec": "PENGABUAN", "nmdesa": "SUNGAI JERING", "luas": null, "sumber": null, "periode": null, "layer": null, "path": null, "idkec": "1507020" }, "geometry": { "type": "MultiPolygon", "coordinates": [ [ [ [ 103.193096210000078, -0.830930098999943, 0.0 ], [ 103.193194150000068, -0.830522498999926, 0.0 ], [ 103.19319530000007, -0.830517708999935, 0.0 ], [ 103.190484010000034, -0.831426078999925, 0.0 ], [ 103.188759368000035, -0.83229156799996, 0.0 ], [ 103.188674220000053, -0.832334298999967, 0.0 ], [ 103.188681060000079, -0.832307538999942, 0.0 ], [ 103.189966620000064, -0.827279018999945, 0.0 ], [ 103.18996954000005, -0.827267588999973, 0.0 ], [ 103.192812550000042, -0.820511708999959, 0.0 ], [ 103.19372093000004, -0.817921278999961, 0.0 ], [ 103.194072480000045, -0.816918748999967, 0.0 ], [ 103.197652680000033, -0.81132901899997, 0.0 ], [ 103.19777883200004, -0.811132055999963, 0.0 ], [ 103.199065880000035, -0.809122578999961, 0.0 ], [ 103.199462660000052, -0.808461708999971, 0.0 ], [ 103.203112260000069, -0.802373128999932, 0.0 ], [ 103.204568530000074, -0.799656638999977, 0.0 ], [ 103.205331150000063, -0.798171908999961, 0.0 ], [ 103.208236527000054, -0.792813226999954, 0.0 ], [ 103.208293070000082, -0.792708938999965, 0.0 ], [ 103.209381110000038, -0.790679308999927, 0.0 ], [ 103.21404431600007, -0.781230711999967, 0.0 ], [ 103.217099700000063, -0.77503988899997, 0.0 ], [ 103.219270492000078, -0.768013651999979, 0.0 ], [ 103.21952404700005, -0.767149234999977, 0.0 ], [ 103.221191531000045, -0.765302080999959, 0.0 ], [ 103.221401379000042, -0.765069620999952, 0.0 ], [ 103.223873332000039, -0.764930898999978, 0.0 ], [ 103.226009783000052, -0.764811004999956, 0.0 ], [ 103.228695071000061, -0.764660311999933, 0.0 ], [ 103.229125594000038, -0.76463615199998, 0.0 ], [ 103.229128571000047, -0.764635984999927, 0.0 ], [ 103.230535595000049, -0.764557024999931, 0.0 ], [ 103.230544579000082, -0.764556520999975, 0.0 ], [ 103.232710303000033, -0.765047487999936, 0.0 ], [ 103.233598894000068, -0.765304790999949, 0.0 ], [ 103.233878390000086, -0.765385722999952, 0.0 ], [ 103.234600113000056, -0.765594707999981, 0.0 ], [ 103.234605649000059, -0.765596310999967, 0.0 ], [ 103.234618603000058, -0.765601667999931, 0.0 ], [ 103.23462079400008, -0.765602573999956, 0.0 ], [ 103.233279608000032, -0.768531468999925, 0.0 ], [ 103.232652180000059, -0.769926848999944, 0.0 ], [ 103.22677678000008, -0.783715658999938, 0.0 ], [ 103.225792454000043, -0.786177144999954, 0.0 ], [ 103.224782280000056, -0.788703268999939, 0.0 ], [ 103.222827450000068, -0.794494998999937, 0.0 ], [ 103.221589528000038, -0.797285406999947, 0.0 ], [ 103.218782779000037, -0.803612114999964, 0.0 ], [ 103.216159016000063, -0.809526353999956, 0.0 ], [ 103.216158890000088, -0.809526638999955, 0.0 ], [ 103.214654010000061, -0.808844148999924, 0.0 ], [ 103.214289595000082, -0.809634461999963, 0.0 ], [ 103.208280560000048, -0.821939848999932, 0.0 ], [ 103.204993330000036, -0.830135588999951, 0.0 ], [ 103.201946557000042, -0.82880210299993, 0.0 ], [ 103.201877090000039, -0.828771698999958, 0.0 ], [ 103.199362133000079, -0.828739967999979, 0.0 ], [ 103.199254460000077, -0.82873860899997, 0.0 ], [ 103.197426680000035, -0.828715558999932, 0.0 ], [ 103.197272750000081, -0.828794276999929, 0.0 ], [ 103.195567930000038, -0.829666098999951, 0.0 ], [ 103.193096210000078, -0.830930098999943, 0.0 ] ] ] ] } },
{ "type": "Feature", "properties": { "fid": 20547.0, "gid": null, "kdprov": "15", "kdkab": "07", "kdkec": "015", "kddesa": "008", "iddesa": "1507015008", "nmprov": "JAMBI", "nmkab": "TANJUNG JABUNG BARAT", "nmkec": "MUARA PAPALIK", "nmdesa": "PEMATANG BALAM", "luas": null, "sumber": null, "periode": null, "layer": null, "path": null, "idkec": "1507015" }, "geometry": { "type": "MultiPolygon", "coordinates": [ [ [ [ 103.181344270000068, -1.327166028999955, 0.0 ], [ 103.179370070000061, -1.327030538999963, 0.0 ], [ 103.179369990000055, -1.32719581899994, 0.0 ], [ 103.177733359000058, -1.327169995999952, 0.0 ], [ 103.176682050000068, -1.327153408999948, 0.0 ], [ 103.174211837000087, -1.327111239999965, 0.0 ], [ 103.174329276000037, -1.323724942999945, 0.0 ], [ 103.174331850000044, -1.323650708999935, 0.0 ], [ 103.17439700500006, -1.322243965999974, 0.0 ], [ 103.173418990000073, -1.322216328999957, 0.0 ], [ 103.173422790000075, -1.321118438999974, 0.0 ], [ 103.174638220000077, -1.319461806999925, 0.0 ], [ 103.176110200000039, -1.317455498999948, 0.0 ], [ 103.17615040000004, -1.316423118999978, 0.0 ], [ 103.17615107000006, -1.314689778999934, 0.0 ], [ 103.175078290000044, -1.314832668999941, 0.0 ], [ 103.175093190000041, -1.314207418999956, 0.0 ], [ 103.175120940000056, -1.313043038999979, 0.0 ], [ 103.173921690000043, -1.313083778999953, 0.0 ], [ 103.173883740000065, -1.310045598999977, 0.0 ], [ 103.17190080000006, -1.310073128999932, 0.0 ], [ 103.17172362000008, -1.309711290999928, 0.0 ], [ 103.171077670000045, -1.308392128999969, 0.0 ], [ 103.173810710000055, -1.305738238999936, 0.0 ], [ 103.175625330000059, -1.303976168999952, 0.0 ], [ 103.175215970000068, -1.303589338999927, 0.0 ], [ 103.171949320000067, -1.302756018999958, 0.0 ], [ 103.170379820000051, -1.30048426899998, 0.0 ], [ 103.172314560000075, -1.297338378999939, 0.0 ], [ 103.172580350000032, -1.294119108999951, 0.0 ], [ 103.172872390000066, -1.294244958999968, 0.0 ], [ 103.181237960000033, -1.297849878999955, 0.0 ], [ 103.216453610000087, -1.318180458999962, 0.0 ], [ 103.220013550000033, -1.341758378999941, 0.0 ], [ 103.220386860000076, -1.344231048999973, 0.0 ], [ 103.218861520000075, -1.344814608999968, 0.0 ], [ 103.217843840000057, -1.346056468999961, 0.0 ], [ 103.216605890000039, -1.347157308999954, 0.0 ], [ 103.215915340000038, -1.347619868999971, 0.0 ], [ 103.214483130000076, -1.348608718999969, 0.0 ], [ 103.212243640000054, -1.350126668999962, 0.0 ], [ 103.211849520000044, -1.343889168999965, 0.0 ], [ 103.208629450000046, -1.338460088999966, 0.0 ], [ 103.207434980000073, -1.337592048999966, 0.0 ], [ 103.205377480000038, -1.338709448999964, 0.0 ], [ 103.203961130000039, -1.337197878999973, 0.0 ], [ 103.20209777000008, -1.33887485899993, 0.0 ], [ 103.200958950000086, -1.33792294899996, 0.0 ], [ 103.199874960000045, -1.33800606899996, 0.0 ], [ 103.197047870000063, -1.336088638999968, 0.0 ], [ 103.193830710000043, -1.333906628999955, 0.0 ], [ 103.186430180000059, -1.329865948999952, 0.0 ], [ 103.184407330000056, -1.327376238999932, 0.0 ], [ 103.181767586000035, -1.327195079999967, 0.0 ], [ 103.181344270000068, -1.327166028999955, 0.0 ] ] ] ] } },
{ "type": "Feature", "properties": { "fid": 21014.0, "gid": null, "kdprov": "15", "kdkab": "07", "kdkec": "013", "kddesa": "008", "iddesa": "1507013008", "nmprov": "JAMBI", "nmkab": "TANJUNG JABUNG BARAT", "nmkec": "TEBING TINGGI", "nmdesa": "DELIMA", "luas": null, "sumber": null, "periode": null, "layer": null, "path": null, "idkec": "1507013" }, "geometry": { "type": "MultiPolygon", "coordinates": [ [ [ [ 103.206076980000034, -1.133268768999926, 0.0 ], [ 103.207586580000054, -1.131511578999948, 0.0 ], [ 103.209073660000058, -1.129780598999957, 0.0 ], [ 103.208339390000049, -1.127770728999963, 0.0 ], [ 103.20681680000007, -1.126236288999962, 0.0 ], [ 103.204505130000086, -1.126393488999952, 0.0 ], [ 103.20485778300008, -1.102235429999951, 0.0 ], [ 103.199806067000054, -1.102339678999954, 0.0 ], [ 103.199033268000051, -1.102344850999941, 0.0 ], [ 103.195911945000034, -1.102365740999971, 0.0 ], [ 103.195001941000044, -1.102391084999965, 0.0 ], [ 103.191530355000054, -1.102487769999925, 0.0 ], [ 103.190600830000051, -1.101155718999962, 0.0 ], [ 103.192121240000063, -1.100299408999945, 0.0 ], [ 103.192212720000043, -1.100247878999937, 0.0 ], [ 103.191765730000043, -1.09943809899994, 0.0 ], [ 103.190683856000078, -1.098771712999962, 0.0 ], [ 103.190805177000072, -1.092008093999937, 0.0 ], [ 103.190822045000061, -1.091067661999944, 0.0 ], [ 103.190830131000041, -1.089790088999962, 0.0 ], [ 103.19085894300008, -1.085237869999958, 0.0 ], [ 103.195556446000069, -1.085316276999947, 0.0 ], [ 103.194795420000048, -1.078659928999969, 0.0 ], [ 103.188662572000055, -1.061916788999952, 0.0 ], [ 103.192832792000047, -1.061916788999952, 0.0 ], [ 103.200998936000076, -1.061916788999952, 0.0 ], [ 103.209199830000045, -1.061916788999952, 0.0 ], [ 103.241334478000056, -1.061916788999952, 0.0 ], [ 103.241469239000082, -1.078206014999978, 0.0 ], [ 103.243079120000061, -1.078190358999962, 0.0 ], [ 103.243082670000035, -1.078183618999958, 0.0 ], [ 103.243517860000054, -1.103543798999965, 0.0 ], [ 103.243990050000036, -1.131060738999963, 0.0 ], [ 103.244032150000066, -1.133513568999945, 0.0 ], [ 103.244044310000049, -1.134223668999937, 0.0 ], [ 103.24407092000007, -1.135775298999931, 0.0 ], [ 103.244070690000058, -1.135775318999947, 0.0 ], [ 103.243694030000086, -1.135803028999931, 0.0 ], [ 103.243580050000048, -1.135811418999936, 0.0 ], [ 103.216942310000036, -1.137771018999956, 0.0 ], [ 103.206524650000063, -1.138537388999964, 0.0 ], [ 103.202769130000036, -1.138813658999936, 0.0 ], [ 103.20276922000005, -1.138813568999979, 0.0 ], [ 103.204738920000068, -1.135511768999947, 0.0 ], [ 103.204956280000033, -1.135147408999956, 0.0 ], [ 103.206076980000034, -1.133268768999926, 0.0 ] ] ] ] } },
{ "type": "Feature", "properties": { "fid": 20539.0, "gid": null, "kdprov": "15", "kdkab": "07", "kdkec": "015", "kddesa": "009", "iddesa": "1507015009", "nmprov": "JAMBI", "nmkab": "TANJUNG JABUNG BARAT", "nmkec": "MUARA PAPALIK", "nmdesa": "LUBUK SEBONTAN", "luas": null, "sumber": null, "periode": null, "layer": null, "path": null, "idkec": "1507015" }, "geometry": { "type": "MultiPolygon", "coordinates": [ [ [ [ 103.119220286000086, -1.221674461999953, 0.0 ], [ 103.119040206000079, -1.222274728999935, 0.0 ], [ 103.119085226000038, -1.222664900999973, 0.0 ], [ 103.119085226000038, -1.223250160999953, 0.0 ], [ 103.118737310000085, -1.223571982999943, 0.0 ], [ 103.118484960000046, -1.223805406999929, 0.0 ], [ 103.117779647000077, -1.223865433999947, 0.0 ], [ 103.116293989000042, -1.223805406999929, 0.0 ], [ 103.11429733500006, -1.22371805299997, 0.0 ], [ 103.112267781000071, -1.223629259999939, 0.0 ], [ 103.111491860000058, -1.223595313999965, 0.0 ], [ 103.111461847000044, -1.222049628999969, 0.0 ], [ 103.110156269000072, -1.221839535999948, 0.0 ], [ 103.110208792000037, -1.220286346999956, 0.0 ], [ 103.11020962300006, -1.220253770999932, 0.0 ], [ 103.110246308000058, -1.218815694999932, 0.0 ], [ 103.112917492000065, -1.218695641999943, 0.0 ], [ 103.113127585000086, -1.218740661999959, 0.0 ], [ 103.112913220000053, -1.220251118999954, 0.0 ], [ 103.114448171000049, -1.220308856999964, 0.0 ], [ 103.114718290000042, -1.218958258999976, 0.0 ], [ 103.11503343000004, -1.218778178999969, 0.0 ], [ 103.115963842000042, -1.218973264999931, 0.0 ], [ 103.116339009000058, -1.219153344999938, 0.0 ], [ 103.120150698000032, -1.219453477999934, 0.0 ], [ 103.120195718000048, -1.219693584999959, 0.0 ], [ 103.119745518000059, -1.22060898999996, 0.0 ], [ 103.119236257000068, -1.22164206399998, 0.0 ], [ 103.119220286000086, -1.221674461999953, 0.0 ] ] ] ] } },
{ "type": "Feature", "properties": { "fid": 21111.0, "gid": null, "kdprov": "15", "kdkab": "07", "kdkec": "013", "kddesa": "009", "iddesa": "1507013009", "nmprov": "JAMBI", "nmkab": "TANJUNG JABUNG BARAT", "nmkec": "TEBING TINGGI", "nmdesa": "TALANG MAKMUR", "luas": null, "sumber": null, "periode": null, "layer": null, "path": null, "idkec": "1507013" }, "geometry": { "type": "MultiPolygon", "coordinates": [ [ [ [ 103.10732383900006, -1.118879581999977, 0.0 ], [ 103.107519639000088, -1.115807973999949, 0.0 ], [ 103.107752151000057, -1.112577278999936, 0.0 ], [ 103.108472856000049, -1.100660431999927, 0.0 ], [ 103.108495578000088, -1.100284728999952, 0.0 ], [ 103.108887177000042, -1.093823338999925, 0.0 ], [ 103.102689035000083, -1.093957176999936, 0.0 ], [ 103.09934168400008, -1.094029456999976, 0.0 ], [ 103.098402715000077, -1.094049732999963, 0.0 ], [ 103.088288437000074, -1.094208819999949, 0.0 ], [ 103.08819053700006, -1.089840038999967, 0.0 ], [ 103.088104875000056, -1.08771683599997, 0.0 ], [ 103.08806816200007, -1.084186322999926, 0.0 ], [ 103.090555430000052, -1.084186322999926, 0.0 ], [ 103.094792658000074, -1.084320934999937, 0.0 ], [ 103.098641346000079, -1.084418834999951, 0.0 ], [ 103.10501445500006, -1.08464474699997, 0.0 ], [ 103.104714140000056, -1.084339468999929, 0.0 ], [ 103.104072792000068, -1.078674353999929, 0.0 ], [ 103.103951550000033, -1.077603408999948, 0.0 ], [ 103.103364749000036, -1.072420188999956, 0.0 ], [ 103.103359640000065, -1.072375058999967, 0.0 ], [ 103.098037711000075, -1.065027703999931, 0.0 ], [ 103.096056600000054, -1.062292618999948, 0.0 ], [ 103.095857960000046, -1.062018388999945, 0.0 ], [ 103.09586175000004, -1.062016278999977, 0.0 ], [ 103.093816230000073, -1.059158858999979, 0.0 ], [ 103.089526042000045, -1.058044891999941, 0.0 ], [ 103.081532410000079, -1.055969308999977, 0.0 ], [ 103.081450087000064, -1.055998054999975, 0.0 ], [ 103.081283430000042, -1.056056248999937, 0.0 ], [ 103.077356747000067, -1.057427293999979, 0.0 ], [ 103.073482330000047, -1.057272316999956, 0.0 ], [ 103.073457702000042, -1.057271331999971, 0.0 ], [ 103.073458387000073, -1.057172199999968, 0.0 ], [ 103.07347704700004, -1.054469887999971, 0.0 ], [ 103.072812119000048, -1.054469887999971, 0.0 ], [ 103.072709040000063, -1.054038868999953, 0.0 ], [ 103.071787990000075, -1.04803058899995, 0.0 ], [ 103.07058604000008, -1.040190018999965, 0.0 ], [ 103.069788450000033, -1.038037548999966, 0.0 ], [ 103.084850560000064, -1.038960706999944, 0.0 ], [ 103.085145958000055, -1.038356449999981, 0.0 ], [ 103.085504322000077, -1.03844603999994, 0.0 ], [ 103.085621910000043, -1.038028882999924, 0.0 ], [ 103.087559311000064, -1.038294855999936, 0.0 ], [ 103.088940578000063, -1.03864531399995, 0.0 ], [ 103.090708561000042, -1.038713705999953, 0.0 ], [ 103.094494100000077, -1.038860141999976, 0.0 ], [ 103.094429164000076, -1.036997885999938, 0.0 ], [ 103.094300359000044, -1.031910066999956, 0.0 ], [ 103.098964060000071, -1.031675408999945, 0.0 ], [ 103.099157601000059, -1.029259877999948, 0.0 ], [ 103.099267720000057, -1.02788550899993, 0.0 ], [ 103.104305380000085, -1.027024758999971, 0.0 ], [ 103.115999980000083, -1.027377928999954, 0.0 ], [ 103.117509189000032, -1.027313019999951, 0.0 ], [ 103.117531864000057, -1.027355872999976, 0.0 ], [ 103.118706738000071, -1.028154069999971, 0.0 ], [ 103.120819942000082, -1.029234774999964, 0.0 ], [ 103.120999312000038, -1.029382754999972, 0.0 ], [ 103.121689887000059, -1.030869283999948, 0.0 ], [ 103.122284050000076, -1.032436529999927, 0.0 ], [ 103.123006014000055, -1.035009369999955, 0.0 ], [ 103.123176416000035, -1.036179758999936, 0.0 ], [ 103.123194353000088, -1.037229073999924, 0.0 ], [ 103.122584495000069, -1.038780624999958, 0.0 ], [ 103.122707385000069, -1.03939730899998, 0.0 ], [ 103.123077762000037, -1.041255931999956, 0.0 ], [ 103.123651747000054, -1.042924073999927, 0.0 ], [ 103.123490314000037, -1.043910608999965, 0.0 ], [ 103.124091203000035, -1.045121356999971, 0.0 ], [ 103.125652436000053, -1.045463341999948, 0.0 ], [ 103.124601812000037, -1.046190814999932, 0.0 ], [ 103.120760827000083, -1.046181347999948, 0.0 ], [ 103.120796446000043, -1.05037215599998, 0.0 ], [ 103.120797306000043, -1.053334102999941, 0.0 ], [ 103.120748356000036, -1.057139958999926, 0.0 ], [ 103.120785069000078, -1.060223804999964, 0.0 ], [ 103.120870731000082, -1.06310573199994, 0.0 ], [ 103.120942779000075, -1.06610171799997, 0.0 ], [ 103.120944156000064, -1.06615898299998, 0.0 ], [ 103.120947215000058, -1.069099037999933, 0.0 ], [ 103.120948755000086, -1.069475483999952, 0.0 ], [ 103.120959453000069, -1.072091101999945, 0.0 ], [ 103.120861553000054, -1.075248371999976, 0.0 ], [ 103.120665753000083, -1.078601441999979, 0.0 ], [ 103.12048330500005, -1.08174601199994, 0.0 ], [ 103.120678484000052, -1.081990806999954, 0.0 ], [ 103.121228604000066, -1.084641150999971, 0.0 ], [ 103.120812603000047, -1.085989820999941, 0.0 ], [ 103.123284574000081, -1.088217042999929, 0.0 ], [ 103.125175265000053, -1.088498504999961, 0.0 ], [ 103.131759030000069, -1.097028029999933, 0.0 ], [ 103.13254222900008, -1.098227302999931, 0.0 ], [ 103.119509311000058, -1.097494583999946, 0.0 ], [ 103.119461009000077, -1.099330051999971, 0.0 ], [ 103.119460361000051, -1.099354680999966, 0.0 ], [ 103.129405980000058, -1.109439388999931, 0.0 ], [ 103.130002341000079, -1.136414697999953, 0.0 ], [ 103.119246205000081, -1.136507673999972, 0.0 ], [ 103.106773153000063, -1.136581098999955, 0.0 ], [ 103.106785390000084, -1.13368081599998, 0.0 ], [ 103.106871052000088, -1.127715042999966, 0.0 ], [ 103.106956715000081, -1.124796403999937, 0.0 ], [ 103.106981190000056, -1.123174937999977, 0.0 ], [ 103.107140277000042, -1.121296484999959, 0.0 ], [ 103.10732383900006, -1.118879581999977, 0.0 ] ] ] ] } },
{ "type": "Feature", "properties": { "fid": 21106.0, "gid": null, "kdprov": "15", "kdkab": "07", "kdkec": "013", "kddesa": "006", "iddesa": "1507013006", "nmprov": "JAMBI", "nmkab": "TANJUNG JABUNG BARAT", "nmkec": "TEBING TINGGI", "nmdesa": "SUNGAI KERUH", "luas": null, "sumber": null, "periode": null, "layer": null, "path": null, "idkec": "1507013" }, "geometry": { "type": "MultiPolygon", "coordinates": [ [ [ [ 103.204956280000033, -1.135147408999956, 0.0 ], [ 103.204738920000068, -1.135511768999947, 0.0 ], [ 103.20276922000005, -1.138813568999979, 0.0 ], [ 103.202769130000036, -1.138813658999936, 0.0 ], [ 103.201405160000036, -1.138913978999938, 0.0 ], [ 103.197644610000054, -1.139190548999977, 0.0 ], [ 103.197629930000062, -1.139191628999924, 0.0 ], [ 103.192238900000063, -1.139588208999953, 0.0 ], [ 103.191283860000055, -1.139658448999967, 0.0 ], [ 103.188207198000043, -1.139884736999932, 0.0 ], [ 103.186678540000059, -1.115306418999978, 0.0 ], [ 103.186415024000041, -1.111213501999941, 0.0 ], [ 103.186114700000076, -1.106548878999945, 0.0 ], [ 103.185973573000069, -1.103712285999961, 0.0 ], [ 103.185954027000037, -1.103460351999956, 0.0 ], [ 103.185930137000071, -1.102643736999937, 0.0 ], [ 103.191530355000054, -1.102487769999925, 0.0 ], [ 103.195001941000044, -1.102391084999965, 0.0 ], [ 103.195911945000034, -1.102365740999971, 0.0 ], [ 103.199033268000051, -1.102344850999941, 0.0 ], [ 103.199806067000054, -1.102339678999954, 0.0 ], [ 103.20485778300008, -1.102235429999951, 0.0 ], [ 103.204505130000086, -1.126393488999952, 0.0 ], [ 103.20681680000007, -1.126236288999962, 0.0 ], [ 103.208339390000049, -1.127770728999963, 0.0 ], [ 103.209073660000058, -1.129780598999957, 0.0 ], [ 103.207586580000054, -1.131511578999948, 0.0 ], [ 103.206076980000034, -1.133268768999926, 0.0 ], [ 103.204956280000033, -1.135147408999956, 0.0 ] ] ] ] } },
{ "type": "Feature", "properties": { "fid": 20999.0, "gid": null, "kdprov": "15", "kdkab": "07", "kdkec": "013", "kddesa": "007", "iddesa": "1507013007", "nmprov": "JAMBI", "nmkab": "TANJUNG JABUNG BARAT", "nmkec": "TEBING TINGGI", "nmdesa": "DATARAN KEMPAS", "luas": null, "sumber": null, "periode": null, "layer": null, "path": null, "idkec": "1507013" }, "geometry": { "type": "MultiPolygon", "coordinates": [ [ [ [ 103.186678540000059, -1.115306418999978, 0.0 ], [ 103.188207198000043, -1.139884736999932, 0.0 ], [ 103.184949789000086, -1.140124317999948, 0.0 ], [ 103.184854470000062, -1.140131328999928, 0.0 ], [ 103.180294520000075, -1.14046671899996, 0.0 ], [ 103.178276350000033, -1.140615148999927, 0.0 ], [ 103.172159810000039, -1.141064988999972, 0.0 ], [ 103.171094010000047, -1.141143378999971, 0.0 ], [ 103.167271140000082, -1.141424518999941, 0.0 ], [ 103.166997264000088, -1.141444659999934, 0.0 ], [ 103.165687405000085, -1.14143495199994, 0.0 ], [ 103.165471443000058, -1.140455988999975, 0.0 ], [ 103.165167820000079, -1.139079658999947, 0.0 ], [ 103.164892802000054, -1.13831081099994, 0.0 ], [ 103.164523260000067, -1.137277708999932, 0.0 ], [ 103.164510939000081, -1.137243262999959, 0.0 ], [ 103.164170495000064, -1.136291516999961, 0.0 ], [ 103.163049460000082, -1.133157538999967, 0.0 ], [ 103.162397911000085, -1.133244053999931, 0.0 ], [ 103.162441782000087, -1.127317025999957, 0.0 ], [ 103.161778584000047, -1.124337607999962, 0.0 ], [ 103.162834773000043, -1.124342220999949, 0.0 ], [ 103.163932471000066, -1.124323771999968, 0.0 ], [ 103.165720843000088, -1.124300710999933, 0.0 ], [ 103.165702395000039, -1.123915593999925, 0.0 ], [ 103.165637824000044, -1.12224367999994, 0.0 ], [ 103.165752552000072, -1.121648708999942, 0.0 ], [ 103.166333686000087, -1.120763169999975, 0.0 ], [ 103.167228449000049, -1.120809291999933, 0.0 ], [ 103.170137130000057, -1.120249308999973, 0.0 ], [ 103.171466140000064, -1.118054728999937, 0.0 ], [ 103.171396822000077, -1.114463993999948, 0.0 ], [ 103.171346240000048, -1.111843758999953, 0.0 ], [ 103.171203827000056, -1.111089795999931, 0.0 ], [ 103.170931486000086, -1.109647971999948, 0.0 ], [ 103.170936035000068, -1.10964004899995, 0.0 ], [ 103.170781767000051, -1.108855326999958, 0.0 ], [ 103.169836690000068, -1.103851898999949, 0.0 ], [ 103.167241180000076, -1.100874418999979, 0.0 ], [ 103.170032440000057, -1.10086857899995, 0.0 ], [ 103.170196900000064, -1.096638128999928, 0.0 ], [ 103.18792183000005, -1.097070428999928, 0.0 ], [ 103.190683856000078, -1.098771712999962, 0.0 ], [ 103.191765730000043, -1.09943809899994, 0.0 ], [ 103.192212720000043, -1.100247878999937, 0.0 ], [ 103.192121240000063, -1.100299408999945, 0.0 ], [ 103.190600830000051, -1.101155718999962, 0.0 ], [ 103.191530355000054, -1.102487769999925, 0.0 ], [ 103.185930137000071, -1.102643736999937, 0.0 ], [ 103.185954027000037, -1.103460351999956, 0.0 ], [ 103.185973573000069, -1.103712285999961, 0.0 ], [ 103.186114700000076, -1.106548878999945, 0.0 ], [ 103.186415024000041, -1.111213501999941, 0.0 ], [ 103.186678540000059, -1.115306418999978, 0.0 ] ] ] ] } }
]
}
